urls,categories
https://compujordan.com/havit-cf925-rgb-tempered-glass-gaming-chassis,"{'Gaming Components', 'Computer Hardware', 'Gaming', 'Components'}"
https://compujordan.com/havit-cf923-tempered-glass-gaming-chassis,"{'Gaming Components', 'Computer Hardware', 'Gaming', 'Components'}"
https://compujordan.com/intel-core-ultra-7-265k-20-core-processor-box-lga1851-up-to-5-5ghz,"{'Gaming Components', 'Computer Hardware', 'Gaming', 'Components'}"
https://compujordan.com/gigabyte-z890-gaming-x-wi-fi-7-bluetooth-ddr5-atx-motherboard-lga1851-intel-core-ultra-series-2,"{'Gaming Components', 'Computer Hardware', 'Gaming', 'Components'}"
https://compujordan.com/intel-core-i7-14700kf-14th-gen-unlocked-cpu-processor-20-cores-8p-12e-28-threads-up-to-5-6ghz-lga1700-tray,"{'Gaming Components', 'Computer Hardware', 'Gaming', 'Components'}"
https://compujordan.com/intel-core-ultra-9-285k-series-2-24-core-24-thread-processor-up-to-5-70ghz-lga1851-tray,"{'Gaming Components', 'Computer Hardware', 'Gaming', 'Components'}"
https://compujordan.com/msi-geforce-rtx-5070-ti-16g-shadow-3x-oc-16gb-gddr7-graphics-card,"{'Gaming Components', 'Computer Hardware', 'Gaming', 'Components'}"
https://compujordan.com/aerocool-mirage-gold-850w-argb-fully-modular-80-plus-gold-power-supply-with-infinity-mirror-design,"{'Gaming Components', 'Computer Hardware', 'Gaming', 'Components'}"
https://compujordan.com/deepcool-cg530-4f-panoramic-atx-mid-tower-case-white-tempered-glass-4x-argb-fans,"{'Gaming Components', 'Computer Hardware', 'Gaming', 'Components'}"
https://compujordan.com/deepcool-cg530-4f-panoramic-atx-mid-tower-case-black-tempered-glass-4x-argb-fans,"{'Gaming Components', 'Computer Hardware', 'Gaming', 'Components'}"
https://compujordan.com/aerocool-p500c-white-argb-atx-mid-tower-gaming-case-panoramic-view-dual-chamber-tempered-glass-4x-argb-mirage-fans,"{'Gaming Components', 'Computer Hardware', 'Gaming', 'Components'}"
https://compujordan.com/aerocool-lux-750w-80-plus-bronze-power-supply-with-silent-12cm-fan-88-efficiency,"{'Gaming Components', 'Computer Hardware', 'Gaming', 'Components'}"
https://compujordan.com/gigabyte-b760-ds3h-ax-wifi-6e-intel-13th-12th-gen-atx-gaming-motherboard-lga-1700-ddr4-pcie-4-0-dual-m-2,"{'Gaming Components', 'Computer Hardware', 'Gaming', 'Components'}"
https://compujordan.com/gigabyte-b860m-k-ddr5-motherboard-intel-ultra-processor-support-lga-1700-pcie-4-0-dual-m-2-matx,"{'Gaming Components', 'Computer Hardware', 'Gaming', 'Components'}"
https://compujordan.com/intel-core-ultra-5-225f-10-core-processor-box-edition-lga1700-14th-gen-ultra-cpu,"{'Gaming Components', 'Computer Hardware', 'Gaming', 'Components'}"
https://compujordan.com/aerocool-lux-650w-80-plus-bronze-power-supply-with-silent-12cm-fan-88-efficiency,"{'Gaming Components', 'Computer Hardware', 'Gaming', 'Components'}"
https://compujordan.com/asus-prime-b760m-k-matx-gaming-motherboard-intel-14th-13th-12th-gen-lga-1700-ddr5-pcie-4-0-dual-m-2,"{'Gaming Components', 'Computer Hardware', 'Gaming', 'Components'}"
https://compujordan.com/intel-core-i5-14400f-14th-gen-cpu-processor-10-cores-6p-4e-16-threads-up-to-4-7ghz-lga1700,"{'Gaming Components', 'Computer Hardware', 'Gaming', 'Components'}"
https://compujordan.com/msi-geforce-rtx-3050-ventus-2x-xs-oc-8gb-gddr6-graphics-card,"{'Gaming Components', 'Computer Hardware', 'Storage', 'Gaming', 'Components'}"
https://compujordan.com/intel-core-i5-13400f-13th-gen-cpu-processor-10-cores-6p-4e-16-threads-up-to-4-6ghz-lga1700-tray,"{'Gaming Components', 'Computer Hardware', 'Storage', 'Gaming', 'Components'}"
https://compujordan.com/aerocool-viewport-mini-argb-stylish-matx-mini-tower-gaming-case-with-panoramic-glass-3x-120mm-argb-fans,"{'Gaming Components', 'Computer Hardware', 'Storage', 'Gaming', 'Components'}"
https://compujordan.com/cooler-master-elite-301-white-micro-atx-argb-mini-tower-gaming-case-tempered-glass-mesh-panel-3x-120mm-argb-fans-usb-type-c,"{'Gaming Components', 'Computer Hardware', 'Storage', 'Gaming', 'Components'}"
https://compujordan.com/cooler-master-elite-301-black-micro-atx-argb-mini-tower-gaming-case-tempered-glass-mesh-panel-3x-120mm-argb-fans-usb-type-c,"{'Gaming Components', 'Computer Hardware', 'Storage', 'Gaming', 'Components'}"
https://compujordan.com/aerocool-lux-550w-80-plus-bronze-power-supply-silent-12cm-fan-up-to-88-efficiency,"{'Gaming Components', 'Computer Hardware', 'Storage', 'Gaming', 'Components'}"
https://compujordan.com/arktek-cyclops-geforce-gt-610-2gb-gddr3-graphics-card,"{'Gaming Components', 'Computer Hardware', 'Storage', 'Gaming', 'Components'}"
https://compujordan.com/cooler-master-i70c-argb-standard-air-cooler-lga-1700-compatible-120mm-argb-fan,"{'Gaming Components', 'Computer Hardware', 'Storage', 'Gaming', 'Components'}"
https://compujordan.com/kingston-nv3-4tb-pcie-4-0-nvme-ssd-m-2-2280,"{'Gaming Components', 'Computer Hardware', 'Storage', 'Gaming', 'Components'}"
https://compujordan.com/kingston-nv3-2tb-pcie-4-0-nvme-ssd-m-2-2280,"{'Gaming Components', 'Computer Hardware', 'Storage', 'Gaming', 'Components'}"
https://compujordan.com/havit-gaming-computer-case-b245,"{'Gaming Components', 'Computer Hardware', 'Storage', 'Gaming', 'Components'}"
https://compujordan.com/kingston-nv2-4tb-pcie-4-0-nvme-ssd,"{'Gaming Components', 'Computer Hardware', 'Storage', 'Gaming', 'Components'}"
https://compujordan.com/kingston-kc3000-1tb-pcie-4-0-nvme-m-2-ssd,"{'Gaming Components', 'Computer Hardware', 'Storage', 'Gaming', 'Components'}"
https://compujordan.com/fantec-psb650-shadow-power-supply,"{'Gaming Components', 'Computer Hardware', 'Storage', 'Gaming', 'Components'}"
https://compujordan.com/intel-core-i7-13700f-processor-30m-cache-up-to-5-20-ghz,"{'Gaming Components', 'Computer Hardware', 'Storage', 'Gaming', 'Components'}"
https://compujordan.com/intel-core-i7-13700kf-processor-30m-cache-up-to-5-40-ghz,"{'Gaming Components', 'Computer Hardware', 'Storage', 'Gaming', 'Components'}"
https://compujordan.com/cooler-master-mwe-bronze-650-80-plus-bronze-certified-atx-psu,"{'Gaming Components', 'Computer Hardware', 'Storage', 'Gaming', 'Components'}"
https://compujordan.com/gigabyte-h610m-k-ddr4-socket-1700-h610-ddr4-s-ata-6gb-s-micro-atx,"{'Gaming Components', 'Computer Hardware', 'Storage', 'Gaming', 'Components'}"
https://compujordan.com/gigabyte-b760-ds3h-ax-ddr4-lga-1700-atx-ddr4-m-2-pcie-4-0-realtek-wi-fi-realtek-gbe-lan-q-flash-plus-pcie-ez-latch-motherboard,"{'Gaming Components', 'Computer Hardware', 'Gaming', 'Components'}"
https://compujordan.com/gigabyte-b760m-h-ddr4-rev-1-0-socket-1700-b760-ddr4-s-ata-6gb-s-micro-atx-motherboard,"{'Gaming Components', 'Computer Hardware', 'Gaming', 'Components'}"
https://compujordan.com/cooler-master-elite-nex-white-w700-230v-700w-80-white-entry-level-durable-safe-power-supply,"{'Gaming Components', 'Computer Hardware', 'Gaming', 'Components'}"
https://compujordan.com/cooler-master-hyper-212-spectrum-v3-cpu-air-cooler-rgb,"{'Gaming Components', 'Computer Hardware', 'Gaming', 'Components'}"
https://compujordan.com/thermalright-assassin-spirit-120-v2-plus,"{'Gaming Components', 'Computer Hardware', 'Gaming', 'Components'}"
https://compujordan.com/asus-tuf-gaming-geforce-gtx-1650-v2-oc-edition-4gb-gddr6,"{'Gaming Components', 'Computer Hardware', 'Gaming', 'Components'}"
https://compujordan.com/asus-tuf-gaming-geforce-rtx-4060-ti-8gb-gddr6-oc-edition-gaming-graphics-card,"{'Gaming Components', 'Computer Hardware', 'Gaming', 'Components'}"
https://compujordan.com/xigmatek-gaming-x-case,"{'Gaming Components', 'Computer Hardware', 'Gaming', 'Components'}"
https://compujordan.com/xigmatek-gaming-z-pro-case-bk-eatx-usb3-0x1-usb2-0x2-metal,"{'Gaming Components', 'Computer Hardware', 'Gaming', 'Components'}"
https://compujordan.com/xigmatek-gaming-z-case-bk-atx-usb3-0x1-usb2-0x2-metal-mes,"{'Gaming Components', 'Computer Hardware', 'Gaming', 'Components'}"
https://compujordan.com/xigmatek-anubis-pro-4fx-case-eatx-u3x1-u2x2-left-magnetic,"{'Gaming Components', 'Computer Hardware', 'Gaming', 'Components'}"
https://compujordan.com/kingston-32gb-5600mt-s-ddr5-non-ecc-cl46-sodimm-2rx8,"{'Gaming Components', 'Computer Hardware', 'Gaming', 'Components'}"
https://compujordan.com/kingston-16gb-3200mt-s-ddr4-non-ecc-cl22-sodimm-1rx8,"{'Gaming Components', 'Computer Hardware', 'Gaming', 'Components'}"
https://compujordan.com/asus-rog-strix-750-fully-modular-80-gold-750w-0db-axial-tech-fan,"{'Gaming Components', 'Computer Hardware', 'Gaming', 'Components'}"
https://compujordan.com/seasonic-prime-gx-850-850w-80-gold-full-modular-fan-control-in-fanless-silent-cooling-mode,"{'Gaming Components', 'Computer Hardware', 'Gaming', 'Components'}"
https://compujordan.com/seasonic-prime-tx-850-850w-80-titanium-full-modular-fan-control-in-fanless-silent-cooling-mode,"{'Gaming Components', 'Computer Hardware', 'Gaming', 'Components'}"
https://compujordan.com/asus-prime-h610m-k-d4-intel-12th-gen-motherboard-pcie-4-0-ddr4-1xm-2-slots-usb-3-2-gen-1,"{'Gaming Components', 'Computer Hardware', 'Gaming', 'Components'}"
https://compujordan.com/fantech-lc240-polar-rgb-liquid-cooling,"{'Gaming Components', 'Computer Hardware', 'Gaming', 'Components'}"
https://compujordan.com/cooler-master-masterbox-td500-mesh-black-mid-tower-tempered-glass-gaming-case,"{'Gaming Components', 'Computer Hardware', 'Storage', 'Gaming', 'Components'}"
https://compujordan.com/asus-rog-strix-z590-f-gaming-intel-z590-wifi-dual-m-2-rgb,"{'Gaming Components', 'Computer Hardware', 'Storage', 'Gaming', 'Components'}"
https://compujordan.com/asus-rog-strix-lc-240-rgb-we-aio-cooler-argb,"{'Gaming Components', 'Computer Hardware', 'Storage', 'Gaming', 'Components'}"
https://compujordan.com/asus-rog-strix-lc-240-aio-cooler-12cm-fan,"{'Gaming Components', 'Computer Hardware', 'Storage', 'Gaming', 'Components'}"
https://compujordan.com/xfx-power-supply-600w-80-plus-bronze-certified,"{'Gaming Components', 'Computer Hardware', 'Storage', 'Gaming', 'Components'}"
https://compujordan.com/asrock-mbd-x570-steel-legend-am4-socket-atx-motherboard,"{'Gaming Components', 'Computer Hardware', 'Storage', 'Gaming', 'Components'}"
https://compujordan.com/asrock-mbd-x570-pro4-amd-am4-socket-atx-motherboard,"{'Gaming Components', 'Computer Hardware', 'Storage', 'Gaming', 'Components'}"
https://compujordan.com/mercury-power-supply-m1000-gsm-1000w-80-plus-gold-certified,"{'Gaming Components', 'Computer Hardware', 'Storage', 'Gaming', 'Components'}"
https://compujordan.com/asrock-z490-steel-legend-intel-lga-1200-socket-atx-motherboard,"{'Gaming Components', 'Computer Hardware', 'Storage', 'Gaming', 'Components'}"
https://compujordan.com/intel-core-i5-10600k-comet-lake-6-cores-up-to-4-8-ghz-12mb,"{'Gaming Components', 'Computer Hardware', 'Storage', 'Gaming', 'Components'}"
https://compujordan.com/asus-tuf-gaming-z490-plus-wifi-6-dual-m-2-aura-sync,"{'Gaming Components', 'Computer Hardware', 'Storage', 'Gaming', 'Components'}"
https://compujordan.com/intel-core-i7-9700k-coffee-lake-8-core-12mb-cashe,"{'Gaming Components', 'Computer Hardware', 'Storage', 'Gaming', 'Components'}"
https://compujordan.com/cooler-master-masterliquid-ml360r-rgb-all-in-one-cooler,"{'Gaming Components', 'Computer Hardware', 'Storage', 'Gaming', 'Components'}"
https://compujordan.com/hyperx-fury-rgb-ssd-shfr200-960g,"{'Gaming Components', 'Computer Hardware', 'Storage', 'Gaming', 'Components'}"
https://compujordan.com/hyperx-fury-rgb-ssd-shfr200-480g,"{'Gaming Components', 'Computer Hardware', 'Storage', 'Gaming', 'Components'}"
https://compujordan.com/hyperx-fury-rgb-ssd-shfr200-240g,"{'Gaming Components', 'Computer Hardware', 'Storage', 'Gaming', 'Components'}"
https://compujordan.com/intel-core-i7-9700-coffee-lake-8-core-4-7ghz-12mb,"{'Gaming Components', 'Computer Hardware', 'Storage', 'Gaming', 'Components'}"
https://compujordan.com/intel-core-i3-9100f-coffee-lake-quad-core-up-to-4-2-ghz,"{'Gaming Components', 'Computer Hardware', 'Storage', 'Gaming', 'Components'}"
https://compujordan.com/gigabyte-geforce-rtx-5060-eagle-max-oc-8gb-gddr7-graphics-card,"{'Gaming Components', 'Computer Hardware', 'Storage', 'Gaming', 'Components'}"
https://compujordan.com/gigabyte-geforce-rtx-5070-windforce-oc-sff-12gb-gddr7-graphics-card,"{'Gaming Components', 'Computer Hardware', 'Storage', 'Gaming', 'Components'}"
https://compujordan.com/aerocool-p500c-black-argb-atx-mid-tower-gaming-case-panoramic-view-dual-chamber-tempered-glass-4x-argb-mirage-fans,"{'Gaming Components', 'Computer Hardware', 'Storage', 'Gaming', 'Components'}"
https://compujordan.com/asus-prime-z790-p-wi-fi-6-intel-14th-13th-12th-gen-atx-gaming-motherboard-lga1700-ddr5-pcie-5-0-3x-m-2,"{'Gaming Components', 'Computer Hardware', 'Storage', 'Gaming', 'Components'}"
https://compujordan.com/thermalright-frozen-infinity-360-black-argb-high-performance-cpu-liquid-cooler-with-3x-tl-m12-fans,"{'Gaming Components', 'Computer Hardware', 'Storage', 'Gaming', 'Components'}"
https://compujordan.com/gigabyte-geforce-rtx-5060-ti-eagle-oc-8gb-gddr7-graphics-card,"{'Gaming Components', 'Computer Hardware', 'Storage', 'Gaming', 'Components'}"
https://compujordan.com/lian-li-lancool-207-white-argb-atx-mid-tower-mesh-gaming-case-tempered-glass-usb-type-c-2x140mm-argb-2x120mm-pwm-fans,"{'Gaming Components', 'Computer Hardware', 'Storage', 'Gaming', 'Components'}"
https://compujordan.com/gigabyte-geforce-rtx-5060-eagle-oc-8gb-gddr7-graphics-card,"{'Gaming Components', 'Computer Hardware', 'Storage', 'Gaming', 'Components'}"
https://compujordan.com/dahua-c900n-512-gb-nvme-m-2-ssd-3d-nand-pcie-3-0-x4-2-000-mb-s,"{'Gaming Components', 'Computer Hardware', 'Storage', 'Gaming', 'Components'}"
https://compujordan.com/dahua-c900n-256-gb-nvme-m-2-pcie-3-0-x4-ssd-3d-nand-2-000-mb-s,"{'Gaming Components', 'Computer Hardware', 'Storage', 'Gaming', 'Components'}"
https://compujordan.com/lian-li-lancool-216-airflow-focus,"{'Gaming Components', 'Computer Hardware', 'Storage', 'Gaming', 'Components'}"
https://compujordan.com/havit-gaming-computer-case-b240,"{'Gaming Components', 'Computer Hardware', 'Storage', 'Gaming', 'Components'}"
https://compujordan.com/kingston-nv3-1tb-pcie-4-0-nvme-ssd,"{'Gaming Components', 'Computer Hardware', 'Storage', 'Gaming', 'Components'}"
https://compujordan.com/kingston-nv3-500gb-pcie-4-0-nvme-ssd,"{'Gaming Components', 'Computer Hardware', 'Storage', 'Gaming', 'Components'}"
https://compujordan.com/kingston-kc3000-512gb-pcie-4-0-nvme-m-2-ssd,"{'Gaming Components', 'Computer Hardware', 'Storage', 'Gaming', 'Components'}"
https://compujordan.com/kingston-fury-renegade-1tb-pcie-4-0-nvme-m-2-ssd,"{'Gaming Components', 'Computer Hardware', 'Storage', 'Gaming', 'Components'}"
https://compujordan.com/kingston-32gb-6000mt-s-ddr5-cl30-fury-beast-white-rgb-expo,"{'Gaming Components', 'Computer Hardware', 'Storage', 'Gaming', 'Components'}"
https://compujordan.com/kingston-16gb-6000mt-s-ddr5-cl36-fury-beast-white-rgb-expo,"{'Gaming Components', 'Computer Hardware', 'Storage', 'Gaming', 'Components'}"
https://compujordan.com/kingston-fury-beast-rgb-16gb-3200mt-s-ddr4-cl16-dimm-computer-memory,"{'Gaming Components', 'Computer Hardware', 'Storage', 'Gaming', 'Components'}"
https://compujordan.com/kingston-fury-beast-rgb-8gb-3200mt-s-ddr4-cl16-dimm-computer-memory,"{'Gaming Components', 'Computer Hardware', 'Storage', 'Gaming', 'Components'}"
https://compujordan.com/kingston-xs1000-1tb-high-performance-pocket-sized-external-ssd-usb-c-w-usb-c-to-usb-a-cable,"{'Gaming Components', 'Computer Hardware', 'Storage', 'Gaming', 'Components'}"
https://compujordan.com/kingston-xs1000-2tb-high-performance-pocket-sized-external-ssd-usb-c-w-usb-c-to-usb-a-cable,"{'Gaming Components', 'Computer Hardware', 'Storage', 'Gaming', 'Components'}"
https://compujordan.com/intel-core-i7-12700-processor-25m-cache-up-to-4-90-ghz,"{'Gaming Components', 'Computer Hardware', 'Storage', 'Gaming', 'Components'}"
https://compujordan.com/intel-core-i5-12400f-processor-18m-cache-up-to-4-40-ghz,"{'Gaming Components', 'Computer Hardware', 'Storage', 'Gaming', 'Components'}"
https://compujordan.com/intel-core-i5-13400-processor-20m-cache-up-to-4-60-ghz,"{'Gaming Components', 'Computer Hardware', 'Storage', 'Gaming', 'Components'}"
https://compujordan.com/gigabyte-geforce-rtx-4060-gaming-oc-8g,"{'Gaming Components', 'Computer Hardware', 'Storage', 'Gaming', 'Components'}"
https://compujordan.com/gigabyte-geforce-rtx-4060-windforce-oc-8g,"{'Gaming Components', 'Computer Hardware', 'Storage', 'Gaming', 'Components'}"
https://compujordan.com/msi-pro-z790-s-wifi-motherboard-supports-12th-13th-gen-intel-processors-lga-1700-ddr5-pcie-5-0-m-2-2-5gbps-lan-usb-3-2-gen2-wi-fi-6e-atx,"{'Gaming Components', 'Computer Hardware', 'Storage', 'Gaming', 'Components'}"
https://compujordan.com/gigabyte-z790-ud-ax-lga-1700-intel-z790-atx-ddr5-triple-m-2-pcie-5-0-usb-3-2-gen2x2-type-c-intel-wi-fi-6e-2-5gbe-lan-pcie-ez-latch-multi-key-motherboard,"{'Gaming Components', 'Computer Hardware', 'Storage', 'Gaming', 'Components'}"
https://compujordan.com/msi-b760-gaming-plus-wifi-atx-motherboard,"{'Gaming Components', 'Computer Hardware', 'Storage', 'Gaming', 'Components'}"
https://compujordan.com/gigabyte-z790-d-ddr4-rev-1-0-lga-1700-motherboard,"{'Gaming Components', 'Computer Hardware', 'Storage', 'Gaming', 'Components'}"
https://compujordan.com/cooler-master-elite-nex-white-w600-230v-600w-80-white-entry-level-durable-safe-power-supply,"{'Gaming Components', 'Computer Hardware', 'Storage', 'Gaming', 'Components'}"
https://compujordan.com/cooler-master-mwe-750-bronze-v2-80-plus-bronze-certified-power-supply,"{'Gaming Components', 'Computer Hardware', 'Storage', 'Gaming', 'Components'}"
https://compujordan.com/asus-dual-geforce-rtx-3050-v2-oc-edition-8gb-gddr6,"{'Gaming Components', 'Computer Hardware', 'Storage', 'Gaming', 'Components'}"
https://compujordan.com/kingston-kvr32n22d8-16-16gb-ddr4-3200mt-s-non-ecc-memory-ram-dimm,"{'Gaming Components', 'Computer Hardware', 'Storage', 'Gaming', 'Components'}"
https://compujordan.com/kingston-kcp432ss8-16-16gb-ddr4-3200mt-s-non-ecc-memory-ram-sodimm,"{'Gaming Components', 'Computer Hardware', 'Storage', 'Gaming', 'Components'}"
https://compujordan.com/kingston-kvr52s42bd8-32-32gb-ddr5-5200mt-s-non-ecc-memory-ram-sodimm,"{'Gaming Components', 'Computer Hardware', 'Storage', 'Gaming', 'Components'}"
https://compujordan.com/kingston-kvr32n22s6-8-8gb-ddr4-3200mt-s-non-ecc-memory-ram-dimm,"{'Gaming Components', 'Computer Hardware', 'Storage', 'Gaming', 'Components'}"
https://compujordan.com/kingston-xs2000-2tb-external-usb-c-3-2-gen-2x2-portable-solid-state-drive,"{'Gaming Components', 'Computer Hardware', 'Storage', 'Gaming', 'Components'}"
https://compujordan.com/xigmatek-aqua-ultra-air-case-bk-eatx-u3x2-u2x2-type-c-mesh,"{'Gaming Components', 'Computer Hardware', 'Storage', 'Gaming', 'Components'}"
https://compujordan.com/xigmatek-endorphin-ultra-arctic-case-white-atx-u3x1-type-c,"{'Gaming Components', 'Computer Hardware', 'Storage', 'Gaming', 'Components'}"
https://compujordan.com/xigmatek-endorphin-ultra-case-black-atx-u3x1-type-cx1-from,"{'Gaming Components', 'Computer Hardware', 'Storage', 'Gaming', 'Components'}"
https://compujordan.com/xigmatek-blade-case,"{'Gaming Components', 'Computer Hardware', 'Storage', 'Gaming', 'Components'}"
https://compujordan.com/seagate-one-touch-portable-external-hhd-drive-2tb,"{'Gaming Components', 'Computer Hardware', 'Storage', 'Gaming', 'Components'}"
https://compujordan.com/kingston-16gb-5200mt-s-ddr5-cl36-dimm-fury-beast-rgb-expo,"{'Gaming Components', 'Computer Hardware', 'Storage', 'Gaming', 'Components'}"
https://compujordan.com/kingston-16g-5600mt-s-ddr5-cl40-dimm-fury-beast-rgb-xmp,"{'Gaming Components', 'Computer Hardware', 'Storage', 'Gaming', 'Components'}"
https://compujordan.com/kingston-16gb-6000mt-s-ddr5-cl36-fury-beast-rgb-expo,"{'Gaming Components', 'Computer Hardware', 'Storage', 'Gaming', 'Components'}"
https://compujordan.com/kingston-32gb-6000mt-s-ddr5-cl40-dimm-fury-beast-rgb-xmp,"{'Gaming Components', 'Computer Hardware', 'Storage', 'Gaming', 'Components'}"
https://compujordan.com/kingston-16gb-3200mt-s-ddr4-non-ecc-cl22-dimm-1rx8,"{'Gaming Components', 'Computer Hardware', 'Storage', 'Gaming', 'Components'}"
https://compujordan.com/kingston-16gb-5200-mt-s-ddr5-non-ecc-cl-42-sodimm-1rx8,"{'Gaming Components', 'Computer Hardware', 'Storage', 'Gaming', 'Components'}"
https://compujordan.com/kingston-16gb-5600mt-s-ddr5-non-ecc-cl46-sodimm-1rx8,"{'Gaming Components', 'Computer Hardware', 'Storage', 'Gaming', 'Components'}"
https://compujordan.com/kingston-nv2-2tb-m-2-2280-nvme-pcie-4-0-internal-ssd-up-to-3500-mb-s,"{'Gaming Components', 'Computer Hardware', 'Storage', 'Gaming', 'Components'}"
https://compujordan.com/kingston-nv2-500gb-m-2-2280-nvme-pcie-4-0-internal-ssd-up-to-3500-mb-s,"{'Gaming Components', 'Computer Hardware', 'Storage', 'Gaming', 'Components'}"
https://compujordan.com/dahua-c800as-ssd-sata-3d-nand-512gb,"{'Gaming Components', 'Computer Hardware', 'Storage', 'Gaming', 'Components'}"
https://compujordan.com/dahua-c800as-ssd-sata-3d-nand-480-gb,"{'Gaming Components', 'Computer Hardware', 'Storage', 'Gaming', 'Components'}"
https://compujordan.com/dahua-c800as-ssd-sata-3d-nand-240gb,"{'Gaming Components', 'Computer Hardware', 'Storage', 'Gaming', 'Components'}"
https://compujordan.com/dahua-e900n-ssd-1tb-m-2-nvme-pcie-gen3,"{'Gaming Components', 'Computer Hardware', 'Storage', 'Gaming', 'Components'}"
https://compujordan.com/dahua-ssd-512gb-m-2-nvme-pcie-gen3,"{'Gaming Components', 'Computer Hardware', 'Storage', 'Gaming', 'Components'}"
https://compujordan.com/dahua-e900n-256gb-m-2-nvme-pcie-gen3,"{'Gaming Components', 'Computer Hardware', 'Storage', 'Gaming', 'Components'}"
https://compujordan.com/kingston-nv2-1tb-m-2-2280-nvme-pcie-4-0-internal-ssd-up-to-3500-mb-s,"{'Gaming Components', 'Computer Hardware', 'Storage', 'Gaming', 'Components'}"
https://compujordan.com/kingston-ssd-nv2-pcie-4-0-nvme-m-2-250g,"{'Gaming Components', 'Computer Hardware', 'Storage', 'Gaming', 'Components'}"
https://compujordan.com/kingston-4gb-3200mhz-ddr4-sodimm-for-notebook,"{'Gaming Components', 'Computer Hardware', 'Storage', 'Gaming', 'Components'}"
https://compujordan.com/kingston-fury-beast-16gb-1-x-16gb-5200mhz-ddr5-ram,"{'Gaming Components', 'Computer Hardware', 'Storage', 'Gaming', 'Components'}"
https://compujordan.com/kingston-fury-beast-16gb-1-x-16gb-5600mhz-ddr5-ram,"{'Gaming Components', 'Computer Hardware', 'Storage', 'Gaming', 'Components'}"
https://compujordan.com/asus-rog-strix-geforce-rtx-3080-ti-oc-edition-12gb-gddr6x,"{'Gaming Components', 'Computer Hardware', 'Storage', 'Gaming', 'Components'}"
https://compujordan.com/asus-tuf-gaming-650w-80-bronze-axial-tech-fan-0db-technology,"{'Gaming Components', 'Computer Hardware', 'Storage', 'Gaming', 'Components'}"
https://compujordan.com/asus-rog-thor-850w-80-platinum-fully-modular-rgb-w-oled-panel,"{'Gaming Components', 'Computer Hardware', 'Storage', 'Gaming', 'Components'}"
https://compujordan.com/deepcool-pm850d-850w-80-gold-power-supply-black,"{'Gaming Components', 'Computer Hardware', 'Storage', 'Gaming', 'Components'}"
https://compujordan.com/deepcool-pq1000m-1000w-80-gold-full-modular-power-supply-black,"{'Gaming Components', 'Computer Hardware', 'Storage', 'Gaming', 'Components'}"
https://compujordan.com/asus-rog-thor-1000p-1000w-80-platinum-ii-fully-modular-w-oled-panel-psu,"{'Gaming Components', 'Computer Hardware', 'Storage', 'Gaming', 'Components'}"
https://compujordan.com/seasonic-prime-tx-1000-1000w-80-titanium-full-modular-fan-control-in-fanless-silent-cooling-mode,"{'Gaming Components', 'Computer Hardware', 'Storage', 'Gaming', 'Components'}"
https://compujordan.com/asus-tuf-gt301-honeycomb-panel-aura-rbg-gaming-case,"{'Gaming Components', 'Computer Hardware', 'Storage', 'Gaming', 'Components'}"
https://compujordan.com/deepcool-matrexx-55-v3-tempered-glass-white-edition,"{'Gaming Components', 'Computer Hardware', 'Gaming', 'Components'}"
https://compujordan.com/deepcool-cl500-4f-high-airflow-mesh-tempered-glass-w-4-a-rgb-fans,"{'Gaming Components', 'Computer Hardware', 'Gaming', 'Components'}"
https://compujordan.com/rog-strix-helios-gundam-edition-rgb-mid-tower,"{'Gaming Components', 'Computer Hardware', 'Gaming', 'Components'}"
https://compujordan.com/asus-tuf-gt501-tempered-glass-rgb-pc-gaming-case,"{'Gaming Components', 'Computer Hardware', 'Gaming', 'Components'}"
https://compujordan.com/asus-tuf-gt501-tempered-glass-rgb-pc-gaming-case-white-edition,"{'Gaming Components', 'Computer Hardware', 'Gaming', 'Components'}"
https://compujordan.com/lian-li-o11-dynamic-evo-o11dex-black-aluminum-steel-tempered-glass-black,"{'Gaming Components', 'Computer Hardware', 'Gaming', 'Components'}"
https://compujordan.com/lian-li-o11-dynamic-evo-o11dex-black-aluminum-steel-tempered-glass-white,"{'Gaming Components', 'Computer Hardware', 'Gaming', 'Components'}"
https://compujordan.com/thermaltake-divider-500-w-3x120mm-argb-front-1x-120mm-rear-fans-2-symmetrical-triangular-panels-black,"{'Gaming Components', 'Computer Hardware', 'Gaming', 'Components'}"
https://compujordan.com/thermaltake-divider-500-w-3x120mm-argb-front-1x-120mm-rear-fans-2-symmetrical-triangular-panels-white,"{'Gaming Components', 'Computer Hardware', 'Gaming', 'Components'}"
https://compujordan.com/gigabyte-z590-aorus-ultra-intel-z590-intel-mainboard,"{'Gaming Components', 'Computer Hardware', 'Gaming', 'Components'}"
https://compujordan.com/msi-mpg-z590-gaming-force-lga-1200-intel-z590-motherboard,"{'Gaming Components', 'Computer Hardware', 'Gaming', 'Components'}"
https://compujordan.com/asus-rog-strix-b560-a-wifi-6-intel-b560-gaming-motherboard,"{'Gaming Components', 'Computer Hardware', 'Gaming', 'Components'}"
https://compujordan.com/msi-pro-h610m-g-ddr4-motherboard-12th-gen-intel-core-lga-1700-socket-pcie-4-0-2-5g-lan-m-2-slots,"{'Gaming Components', 'Computer Hardware', 'Gaming', 'Components'}"
https://compujordan.com/msi-pro-b660m-b-ddr4-12th-gen-intel-core-pcie-4-2-5g-lan-2x-m-2-slots-usb-3-2-mainboard,"{'Gaming Components', 'Computer Hardware', 'Gaming', 'Components'}"
https://compujordan.com/msi-mag-z690-tomahawk-wifi-6-ddr4-12th-gen-intel-mainboard-pcie-5-0-4x-m-2-slots,"{'Gaming Components', 'Computer Hardware', 'Gaming', 'Components'}"
https://compujordan.com/asus-prime-b660m-k-d4-intel-12th-gen-motherboard-pcie-4-0-ddr4-2xm-2-slots-usb-3-2-gen-1,"{'Gaming Components', 'Computer Hardware', 'Gaming', 'Components'}"
https://compujordan.com/asus-prime-z690-p-wifi-intel-12th-gen-atx-motherboard-pcie-5-0-ddr5-3x-m-2-usb-type-c-thunderbolt-4,"{'Gaming Components', 'Computer Hardware', 'Gaming', 'Components'}"
https://compujordan.com/asus-tuf-gaming-b660-plus-d4-wifi-6-intel-12th-gen-motherboard-pcie-4-0-ddr4-2xm-2-slots-usb-type-c,"{'Gaming Components', 'Computer Hardware', 'Gaming', 'Components'}"
https://compujordan.com/asus-tuf-gaming-z690-plus-d4-pcie-5-0-ddr4-4xm-2-usb-type-c-thunderbolt-4-argb,"{'Gaming Components', 'Computer Hardware', 'Storage', 'Gaming', 'Components'}"
https://compujordan.com/asus-rog-strix-z690-e-wifi-6e-intel-12th-gen-motherboard-pcie-5-0-ddr5-18-1-power-stages,"{'Gaming Components', 'Computer Hardware', 'Storage', 'Gaming', 'Components'}"
https://compujordan.com/intel-core-i5-11400f-rocket-lake-6-cores-up-to-4-4-ghz-12mb,"{'Gaming Components', 'Computer Hardware', 'Storage', 'Gaming', 'Components'}"
https://compujordan.com/intel-core-i7-11700k-rocket-lake-8-cores-up-to-5-0-ghz-16mb-box,"{'Gaming Components', 'Computer Hardware', 'Storage', 'Gaming', 'Components'}"
https://compujordan.com/intel-11gen-core-i9-11900f-8-cores-up-to-5-2-ghz-16-mb-cache,"{'Gaming Components', 'Computer Hardware', 'Storage', 'Gaming', 'Components'}"
https://compujordan.com/intel-core-i3-12100f-desktop-12th-gen-processor-lga1700-4-cores-8-threads-up-to-4-3-ghz-tray,"{'Gaming Components', 'Computer Hardware', 'Storage', 'Gaming', 'Components'}"
https://compujordan.com/intel-new-12gen-core-i5-12400f-alder-lake-6-cores-up-to-4-4-ghz-25-5mb-box,"{'Gaming Components', 'Computer Hardware', 'Storage', 'Gaming', 'Components'}"
https://compujordan.com/intel-new-12gen-core-i7-12700f-12-cores-up-to-4-9-ghz-37mb-box,"{'Gaming Components', 'Computer Hardware', 'Storage', 'Gaming', 'Components'}"
https://compujordan.com/intel-new-12gen-core-i7-12700k-12-cores-up-to-5-0-ghz-37mb-box,"{'Gaming Components', 'Computer Hardware', 'Storage', 'Gaming', 'Components'}"
https://compujordan.com/intel-new-12gen-core-i9-12900kf-16-cores-up-to-5-2-ghz-44mb-box,"{'Gaming Components', 'Computer Hardware', 'Storage', 'Gaming', 'Components'}"
https://compujordan.com/kingston-nv1-2tb-m-2-2280-pcie-nvme-ssd,"{'Gaming Components', 'Computer Hardware', 'Storage', 'Gaming', 'Components'}"
https://compujordan.com/asus-ph-rtx3050-o8g,"{'Gaming Components', 'Computer Hardware', 'Storage', 'Gaming', 'Components'}"
https://compujordan.com/asus-tuf-gtx1660ti-o6g-evo-gaming,"{'Gaming Components', 'Computer Hardware', 'Storage', 'Gaming', 'Components'}"
https://compujordan.com/asus-tuf-rtx3080ti-12g-gaming,"{'Gaming Components', 'Computer Hardware', 'Storage', 'Gaming', 'Components'}"
https://compujordan.com/asus-dual-rtx3050-o8g,"{'Gaming Components', 'Computer Hardware', 'Storage', 'Gaming', 'Components'}"
https://compujordan.com/asus-tuf-rtx3080-o10g-v2-gaming,"{'Gaming Components', 'Computer Hardware', 'Storage', 'Gaming', 'Components'}"
https://compujordan.com/fantech-case-cgx7-with-4-fan,"{'Gaming Components', 'Computer Hardware', 'Storage', 'Gaming', 'Components'}"
https://compujordan.com/asus-prime-b560-plus-atx-aura-sync-rgb-lighting-motherboard,"{'Gaming Components', 'Computer Hardware', 'Storage', 'Gaming', 'Components'}"
https://compujordan.com/asus-tuf-gaming-geforce-rtx-3070-ti-8gb-gddr6x-oc-edition,"{'Gaming Components', 'Computer Hardware', 'Storage', 'Gaming', 'Components'}"
https://compujordan.com/asus-tuf-gaming-geforce-rtx-3060-v2-12gb-gddr6-oc-edition,"{'Gaming Components', 'Computer Hardware', 'Storage', 'Gaming', 'Components'}"
https://compujordan.com/asus-dual-geforce-gtx-1650-4gb-ddr5-oc-edition-graphics-card,"{'Gaming Components', 'Computer Hardware', 'Storage', 'Gaming', 'Components'}"
https://compujordan.com/asus-nvidia-gtx-1050-ti-phoenix-fan-4gb-gddr5,"{'Gaming Components', 'Computer Hardware', 'Storage', 'Gaming', 'Components'}"
https://compujordan.com/kingston-fury-8g-4000mhz-ddr4-rgb-1x8-renegade,"{'Gaming Components', 'Computer Hardware', 'Storage', 'Gaming', 'Components'}"
https://compujordan.com/kingston-fury-16g-4000mhz-ddr4-rgb-1x16-renegade,"{'Gaming Components', 'Computer Hardware', 'Storage', 'Gaming', 'Components'}"
https://compujordan.com/kingston-fury-16g-3733mhz-ddr4-rgb-1x16-beast,"{'Gaming Components', 'Computer Hardware', 'Storage', 'Gaming', 'Components'}"
https://compujordan.com/kingston-fury-16g-3600mhz-ddr4-rgb-1x16-beast,"{'Gaming Components', 'Computer Hardware', 'Storage', 'Gaming', 'Components'}"
https://compujordan.com/kingston-fury-8g-3600mhz-ddr4-rgb-1x8-beast,"{'Gaming Components', 'Computer Hardware', 'Storage', 'Gaming', 'Components'}"
https://compujordan.com/kingston-fury-32g-3200mhz-ddr4-rgb-1x32-beast,"{'Gaming Components', 'Computer Hardware', 'Storage', 'Gaming', 'Components'}"
https://compujordan.com/kingston-fury-16g-3200mhz-ddr4-rgb-1x16-beast,"{'Gaming Components', 'Computer Hardware', 'Storage', 'Gaming', 'Components'}"
https://compujordan.com/cooler-master-masterbox-td500-mesh-argb-black-mid-tower-tempered-glass-gaming-case-650w-80-bronze-pre-installed-psu,"{'Gaming Components', 'Computer Hardware', 'Storage', 'Gaming', 'Components'}"
https://compujordan.com/gigabyte-h510m-s2h-ultra-durable-micro-atx-motherboard-with-6-2-phases-digital-vrm-pcie-4-0,"{'Gaming Components', 'Computer Hardware', 'Storage', 'Gaming', 'Components'}"
https://compujordan.com/asus-tuf-gaming-geforce-rtx-3060-ti-v2-8gb-gddr6-oc-edition,"{'Gaming Components', 'Computer Hardware', 'Storage', 'Gaming', 'Components'}"
https://compujordan.com/kingston-nv1-250gb-m-2-2280-pcie-nvme-ssd,"{'Gaming Components', 'Computer Hardware', 'Storage', 'Gaming', 'Components'}"
https://compujordan.com/kingston-fury-beast-rgb-8gb-3200mhz-ddr4-ram,"{'Gaming Components', 'Computer Hardware', 'Storage', 'Gaming', 'Components'}"
https://compujordan.com/asus-vga-card-ph-gtx1650-o4gd6-p,"{'Gaming Components', 'Computer Hardware', 'Storage', 'Gaming', 'Components'}"
https://compujordan.com/asus-vga-card-ph-rtx3060-12g-v2,"{'Gaming Components', 'Computer Hardware', 'Storage', 'Gaming', 'Components'}"
https://compujordan.com/asus-vga-card-dual-rtx3060-o12g-v2,"{'Gaming Components', 'Computer Hardware', 'Storage', 'Gaming', 'Components'}"
https://compujordan.com/asus-vga-card-dual-rtx3060ti-o8g-v2,"{'Gaming Components', 'Computer Hardware', 'Storage', 'Gaming', 'Components'}"
https://compujordan.com/asus-vga-card-tuf-rtx3070-o8g-v2,"{'Gaming Components', 'Computer Hardware', 'Storage', 'Gaming', 'Components'}"
https://compujordan.com/asus-vga-card-dual-rtx3070-8g-v2,"{'Gaming Components', 'Computer Hardware', 'Storage', 'Gaming', 'Components'}"
https://compujordan.com/asus-vga-card-tuf-rtx3080-10g-v2,"{'Gaming Components', 'Computer Hardware', 'Storage', 'Gaming', 'Components'}"
https://compujordan.com/asus-vga-card-tuf-gtx1660ti-t6g-evo,"{'Gaming Components', 'Computer Hardware', 'Storage', 'Gaming', 'Components'}"
https://compujordan.com/asus-tuf-gaming-550w-bronze-psu-power-supply-axial-tech-fan-design-dual-ball-fan-bearings-0db-technology-80-plus-bronze,"{'Gaming Components', 'Computer Hardware', 'Storage', 'Gaming', 'Components'}"
https://compujordan.com/asus-rog-strix-lc-360-rgb-we-coolers,"{'Gaming Components', 'Computer Hardware', 'Storage', 'Gaming', 'Components'}"
https://compujordan.com/asus-rog-strix-lc-360-coolers,"{'Gaming Components', 'Computer Hardware', 'Storage', 'Gaming', 'Components'}"
https://compujordan.com/wd-240gb-sn350-nvme-m-2-2280,"{'Gaming Components', 'Computer Hardware', 'Storage', 'Gaming', 'Components'}"
https://compujordan.com/kingston-16gb-3200mhz-ddr4-cl16-dimm-1gx8-fury-beast-rgb,"{'Gaming Components', 'Computer Hardware', 'Storage', 'Gaming', 'Components'}"
https://compujordan.com/asus-prime-b460-plus-atx-motherboard-with-rgb-headers,"{'Gaming Components', 'Computer Hardware', 'Storage', 'Gaming', 'Components'}"
https://compujordan.com/asus-prime-h510m-d-motherboard,"{'Gaming Components', 'Computer Hardware', 'Storage', 'Gaming', 'Components'}"
https://compujordan.com/gigabyte-b360-aorus-3-motherboard,"{'Gaming Components', 'Computer Hardware', 'Storage', 'Gaming', 'Components'}"
https://compujordan.com/gigabyte-h310m-s2p-motherboard,"{'Gaming Components', 'Computer Hardware', 'Storage', 'Gaming', 'Components'}"
https://compujordan.com/cooler-master-power-supply-c-m-650w-gold-full-modular,"{'Gaming Components', 'Computer Hardware', 'Storage', 'Gaming', 'Components'}"
https://compujordan.com/kingston-nv1-500gb-m-2-2280-pcie-nvme-ssd,"{'Gaming Components', 'Computer Hardware', 'Storage', 'Gaming', 'Components'}"
https://compujordan.com/intel-core-i3-10100f-4-core-4-3-ghz-6mb,"{'Gaming Components', 'Computer Hardware', 'Storage', 'Gaming', 'Components'}"
https://compujordan.com/kingston-nv1-1tb-m-2-2280-pcie-nvme-ssd,"{'Gaming Components', 'Computer Hardware', 'Storage', 'Gaming', 'Components'}"
https://compujordan.com/kingston-kc2500-1tb-m-2-pci-express-nvme-3-0-x4,"{'Gaming Components', 'Computer Hardware', 'Storage', 'Gaming', 'Components'}"
https://compujordan.com/asus-vga-card-tuf-rtx3080-o10g,"{'Gaming Components', 'Computer Hardware', 'Storage', 'Gaming', 'Components'}"
https://compujordan.com/asus-vga-card-rog-strix-rtx3080-o10g,"{'Gaming Components', 'Computer Hardware', 'Storage', 'Gaming', 'Components'}"
https://compujordan.com/asus-nvidia-rtx-2060-6gb-ddr6-dual-evo-oc-edition,"{'Gaming Components', 'Computer Hardware', 'Storage', 'Gaming', 'Components'}"
https://compujordan.com/wd-black-sn750-nvme-m-2-2280-250gb-pci-express-3-0-x4-ssd,"{'Gaming Components', 'Computer Hardware', 'Storage', 'Gaming', 'Components'}"
https://compujordan.com/wd-black-sn750-500gb-m-2-nvme-gaming-ssd,"{'Gaming Components', 'Computer Hardware', 'Storage', 'Gaming', 'Components'}"
https://compujordan.com/wd-black-sn750-1tb-m-2-nvme-gaming-ssd,"{'Gaming Components', 'Computer Hardware', 'Storage', 'Gaming', 'Components'}"
https://compujordan.com/asus-phoenix-geforce-gtx-1660-oc-edition-6gb-gddr5,"{'Gaming Components', 'Computer Hardware', 'Storage', 'Gaming', 'Components'}"
https://compujordan.com/asus-tuf-gaming-nvidia-gtx-1660-oc-dual-fan-6gb-gddr5,"{'Gaming Components', 'Computer Hardware', 'Storage', 'Gaming', 'Components'}"
https://compujordan.com/kingston-120gb-ssdnow-a400-m-2-2280,"{'Gaming Components', 'Computer Hardware', 'Storage', 'Gaming', 'Components'}"
https://compujordan.com/asus-rog-strix-1000w-80-gold-psu-premium-cooling-performance,"{'Gaming Components', 'Computer Hardware', 'Storage', 'Gaming', 'Components'}"
https://compujordan.com/intel-core-i5-10400f-6-core-4-3-ghz-12mb,"{'Gaming Components', 'Computer Hardware', 'Storage', 'Gaming', 'Components'}"
https://compujordan.com/intel-core-i7-10700k-comet-lake-8-cores-up-to-5-1-ghz-16mb,"{'Gaming Components', 'Computer Hardware', 'Storage', 'Gaming', 'Components'}"
https://compujordan.com/asus-nvidia-geforce-gtx-1660-super-6gb-phoenix-oc-turing,"{'Gaming Components', 'Computer Hardware', 'Storage', 'Gaming', 'Components'}"
https://compujordan.com/asus-phoenix-geforce-gtx-1650-super-oc-edition-4gb-gddr6,"{'Gaming Components', 'Computer Hardware', 'Storage', 'Gaming', 'Components'}"
https://compujordan.com/asus-geforce-rtx-3060-ti-rog-strix-gaming-oc-8gb-gddr6,"{'Gaming Components', 'Computer Hardware', 'Storage', 'Gaming', 'Components'}"
https://compujordan.com/asrock-z490-taichi-intel-lga-1200-socket-atx-motherboard,"{'Gaming Components', 'Computer Hardware', 'Storage', 'Gaming', 'Components'}"
https://compujordan.com/asrock-z490-pro4-intel-lga-1200-socket-atx-motherboard,"{'Gaming Components', 'Computer Hardware', 'Storage', 'Gaming', 'Components'}"
https://compujordan.com/asrock-b550-pro4-amd-am4-socket-atx-motherboard,"{'Gaming Components', 'Computer Hardware', 'Storage', 'Gaming', 'Components'}"
https://compujordan.com/asrock-b460m-steel-legend-intel-socket-micro-atx-motherboard,"{'Gaming Components', 'Computer Hardware', 'Storage', 'Gaming', 'Components'}"
https://compujordan.com/asrock-b460-pro4-intel-lga-1200-socket-atx-motherboard,"{'Gaming Components', 'Computer Hardware', 'Storage', 'Gaming', 'Components'}"
https://compujordan.com/bitfenix-saber-blackbody-case,"{'Gaming Components', 'Computer Hardware', 'Storage', 'Gaming', 'Components'}"
https://compujordan.com/bitfenix-enso-mesh-white-case,"{'Gaming Components', 'Computer Hardware', 'Storage', 'Gaming', 'Components'}"
https://compujordan.com/bitfenix-enso-mesh-black-case,"{'Gaming Components', 'Computer Hardware', 'Storage', 'Gaming', 'Components'}"
https://compujordan.com/bitfenix-nova-tg-black-case,"{'Gaming Components', 'Computer Hardware', 'Storage', 'Gaming', 'Components'}"
https://compujordan.com/abkoncore-h600x-case,"{'Gaming Components', 'Computer Hardware', 'Storage', 'Gaming', 'Components'}"
https://compujordan.com/abkoncore-h600a-case,"{'Gaming Components', 'Computer Hardware', 'Storage', 'Gaming', 'Components'}"
https://compujordan.com/abkoncore-t250-case,"{'Gaming Components', 'Computer Hardware', 'Storage', 'Gaming', 'Components'}"
https://compujordan.com/abkoncore-c800-case,"{'Gaming Components', 'Computer Hardware', 'Storage', 'Gaming', 'Components'}"
https://compujordan.com/abkoncore-h250x-premium,"{'Gaming Components', 'Computer Hardware', 'Storage', 'Gaming', 'Components'}"
https://compujordan.com/cooler-master-masterliquid-ml120l-v2-rgb-cpu-liquid-cooler,"{'Gaming Components', 'Computer Hardware', 'Storage', 'Gaming', 'Components'}"
https://compujordan.com/wd-green-120gb-ssd-2-5-7mm-m-2,"{'Gaming Components', 'Computer Hardware', 'Storage', 'Gaming', 'Components'}"
https://compujordan.com/cooler-master-masterbox-mb311l-case,"{'Gaming Components', 'Computer Hardware', 'Storage', 'Gaming', 'Components'}"
https://compujordan.com/cooler-master-masterbox-mb320l-case,"{'Gaming Components', 'Computer Hardware', 'Storage', 'Gaming', 'Components'}"
https://compujordan.com/kingston-kc2500-250gb-m-2-pci-express-nvme-3-0-x4,"{'Gaming Components', 'Computer Hardware', 'Storage', 'Gaming', 'Components'}"
https://compujordan.com/wd-250gb-blue-sn550-nvme-ssd-m-2-gen3,"{'Gaming Components', 'Computer Hardware', 'Storage', 'Gaming', 'Components'}"
https://compujordan.com/asus-geforce-rtx-3070-oc-dual-edition-8gb-gddr6,"{'Gaming Components', 'Computer Hardware', 'Storage', 'Gaming', 'Components'}"
https://compujordan.com/asus-tuf-gaming-geforce-rtx-3070-8gb-gddr6-oc-edition,"{'Gaming Components', 'Computer Hardware', 'Storage', 'Gaming', 'Components'}"
https://compujordan.com/asus-dual-geforce-rtx-3060-ti-oc-edition-8gb-gddr6,"{'Gaming Components', 'Computer Hardware', 'Storage', 'Gaming', 'Components'}"
https://compujordan.com/pny-ssd-cs900-sata3-2-5-480gb,"{'Gaming Components', 'Computer Hardware', 'Storage', 'Gaming', 'Components'}"
https://compujordan.com/pny-ssd-cs900-sata3-2-5-240gb,"{'Gaming Components', 'Computer Hardware', 'Storage', 'Gaming', 'Components'}"
https://compujordan.com/pny-ssd-cs900-sata3-2-5-120gb,"{'Gaming Components', 'Computer Hardware', 'Storage', 'Gaming', 'Components'}"
https://compujordan.com/asus-vga-card-tuf-gtx1650-04gd6-p,"{'Gaming Components', 'Computer Hardware', 'Storage', 'Gaming', 'Components'}"
https://compujordan.com/asus-rog-strix-gtx1660s-a6g,"{'Gaming Components', 'Computer Hardware', 'Storage', 'Gaming', 'Components'}"
https://compujordan.com/pny-xlr8-rgb-8gb-ddr4-3200-mt-s-pc4-25600-cl16,"{'Gaming Components', 'Computer Hardware', 'Storage', 'Gaming', 'Components'}"
https://compujordan.com/pny-xlr8-rgb-16gb-ddr4-3200-mt-s-pc4-25600-cl16,"{'Gaming Components', 'Computer Hardware', 'Storage', 'Gaming', 'Components'}"
https://compujordan.com/amd-cpu-desktop-ryzen-3-4c-8t-3100-box,"{'Gaming Components', 'Computer Hardware', 'Storage', 'Gaming', 'Components'}"
https://compujordan.com/pny-gf-rtx2060-6gb-pci-e30-card,"{'Gaming Components', 'Computer Hardware', 'Storage', 'Gaming', 'Components'}"
https://compujordan.com/pny-gf-rtx-3090-24gb-xlr8-rgb-tf-gddr6x-card,"{'Gaming Components', 'Computer Hardware', 'Storage', 'Gaming', 'Components'}"
https://compujordan.com/pny-gf-rtx-3080-10gb-xlr8-rgb-tf-gddr6x-card,"{'Gaming Components', 'Computer Hardware', 'Storage', 'Gaming', 'Components'}"
https://compujordan.com/pny-gf-rtx-3070-8gb-xlr8-rgb-tf-gddr6-card,"{'Gaming Components', 'Computer Hardware', 'Storage', 'Gaming', 'Components'}"
https://compujordan.com/wd-240gb-green-ssd-m-2,"{'Gaming Components', 'Computer Hardware', 'Storage', 'Gaming', 'Components'}"
https://compujordan.com/wd-480gb-green-ssd-m-2,"{'Gaming Components', 'Computer Hardware', 'Storage', 'Gaming', 'Components'}"
https://compujordan.com/wd-500-blue-sn550-nvme-ssd-m-2-gen3,"{'Gaming Components', 'Computer Hardware', 'Storage', 'Gaming', 'Components'}"
https://compujordan.com/msi-nvidia-geforce-1650-super-4gb-ventus-xs-oc-gddr6,"{'Gaming Components', 'Computer Hardware', 'Storage', 'Gaming', 'Components'}"
https://compujordan.com/geforce-rtx-3060ti-ventus-2x-oc-8gb-gddr6,"{'Gaming Components', 'Computer Hardware', 'Storage', 'Gaming', 'Components'}"
https://compujordan.com/geforce-rtx-3060ti-gaming-x-trio-8gb-gddr6,"{'Gaming Components', 'Computer Hardware', 'Storage', 'Gaming', 'Components'}"
https://compujordan.com/cooler-master-v550-550w-80-plus-white-80-certification-power-supply,"{'Gaming Components', 'Computer Hardware', 'Storage', 'Gaming', 'Components'}"
https://compujordan.com/cooler-master-masterair-ma620p-rgb-cpu-coolers,"{'Gaming Components', 'Computer Hardware', 'Storage', 'Gaming', 'Components'}"
https://compujordan.com/gigabyte-p650b-650w-80-plus-bronze-power-supply,"{'Gaming Components', 'Computer Hardware', 'Storage', 'Gaming', 'Components'}"
https://compujordan.com/mercury-650w-power-supply,"{'Gaming Components', 'Computer Hardware', 'Storage', 'Gaming', 'Components'}"
https://compujordan.com/asus-prime-h310m-k-r2-0-microatx-motherboard,"{'Gaming Components', 'Computer Hardware', 'Storage', 'Gaming', 'Components'}"
https://compujordan.com/gigabyte-b450m-ds3h-m-2-matx-motherboard,"{'Gaming Components', 'Computer Hardware', 'Storage', 'Gaming', 'Components'}"
https://compujordan.com/asus-prime-h410m-k-intel-h410-lga-1200-mic-atx-motherboard-with-ddr4-support,"{'Gaming Components', 'Computer Hardware', 'Storage', 'Gaming', 'Components'}"
https://compujordan.com/wd-2tb-blue-ssd-7mm,"{'Gaming Components', 'Computer Hardware', 'Storage', 'Gaming', 'Components'}"
https://compujordan.com/wd-1tb-blue-ssd-m-2,"{'Gaming Components', 'Computer Hardware', 'Storage', 'Gaming', 'Components'}"
https://compujordan.com/asus-tuf-gaming-nvidia-geforce-rtx-2060-oc-6gb-gddr6,"{'Gaming Components', 'Computer Hardware', 'Storage', 'Gaming', 'Components'}"
https://compujordan.com/asus-tuf-gaming-b460-pro-wi-fi-intel-b460-wifi-bluetooth,"{'Gaming Components', 'Computer Hardware', 'Storage', 'Gaming', 'Components'}"
https://compujordan.com/asus-prime-z490-p-intel-z490-intel-dual-m-2-aura-sync-rgb,"{'Gaming Components', 'Computer Hardware', 'Storage', 'Gaming', 'Components'}"
https://compujordan.com/kingston-1-92-tb-ssd-sata-a400-2-5,"{'Gaming Components', 'Computer Hardware', 'Storage', 'Gaming', 'Components'}"
https://compujordan.com/asus-nvidia-rtx-2070-super-8gb-dual-evo-advanced,"{'Gaming Components', 'Computer Hardware', 'Storage', 'Gaming', 'Components'}"
https://compujordan.com/kingston-1024g-ssd-kc600-sata3-2-5,"{'Gaming Components', 'Computer Hardware', 'Storage', 'Gaming', 'Components'}"
https://compujordan.com/intel-core-i5-10400-desktop-processor-6-cores-up-to-4-3-ghz,"{'Gaming Components', 'Computer Hardware', 'Storage', 'Gaming', 'Components'}"
https://compujordan.com/intel-core-i7-10700-desktop-processor-8-cores-up-to-4-8-ghz,"{'Gaming Components', 'Computer Hardware', 'Storage', 'Gaming', 'Components'}"
https://compujordan.com/asus-amd-radeon-rx-5700-xt-8gb-rog-strix-oc-gaming,"{'Gaming Components', 'Computer Hardware', 'Storage', 'Gaming', 'Components'}"
https://compujordan.com/kingston-250gb-a2000-nvme-pcie-m-2-ssd,"{'Gaming Components', 'Computer Hardware', 'Storage', 'Gaming', 'Components'}"
https://compujordan.com/kingston-480gb-ssdnow-a400-m-2-2280,"{'Gaming Components', 'Computer Hardware', 'Storage', 'Gaming', 'Components'}"
https://compujordan.com/wd-1tb-blue-sn550-nvme-ssd-m-2,"{'Gaming Components', 'Computer Hardware', 'Storage', 'Gaming', 'Components'}"
https://compujordan.com/wd-500gb-blue-ssd-m-2,"{'Gaming Components', 'Computer Hardware', 'Storage', 'Gaming', 'Components'}"
https://compujordan.com/asrock-z390-pro4-dual-m-2-atx-motherboard-lga1151,"{'Gaming Components', 'Computer Hardware', 'Storage', 'Gaming', 'Components'}"
https://compujordan.com/asus-cerberus-gtx-1050ti-oc-edition-4gb-gddr5,"{'Gaming Components', 'Computer Hardware', 'Storage', 'Gaming', 'Components'}"
https://compujordan.com/asus-prime-z390-p-lga-1151-atx-motherboard,"{'Gaming Components', 'Computer Hardware', 'Storage', 'Gaming', 'Components'}"
https://compujordan.com/asrock-h310cm-hdv-m-2-matx-motherboard-lga1151,"{'Gaming Components', 'Computer Hardware', 'Storage', 'Gaming', 'Components'}"
https://compujordan.com/asrock-b450-pro4-am4-atx-motherboard,"{'Gaming Components', 'Computer Hardware', 'Storage', 'Gaming', 'Components'}"
https://compujordan.com/asus-dual-geforce-gtx-1650-oc-edition-4gb-gddr5,"{'Gaming Components', 'Computer Hardware', 'Storage', 'Gaming', 'Components'}"
https://compujordan.com/msi-nvidia-geforce-gtx-1660-ti-gaming-x-6g-gddr6,"{'Gaming Components', 'Computer Hardware', 'Storage', 'Gaming', 'Components'}"
https://compujordan.com/msi-nvidia-geforce-gtx-1660-ventus-xs-6gb-gddr5,"{'Gaming Components', 'Computer Hardware', 'Storage', 'Gaming', 'Components'}"
https://compujordan.com/wd-480gb-green-ssd-7mm,"{'Gaming Components', 'Computer Hardware', 'Storage', 'Gaming', 'Components'}"
https://compujordan.com/wd-1tb-blue-ssd-7mm,"{'Gaming Components', 'Computer Hardware', 'Storage', 'Gaming', 'Components'}"
https://compujordan.com/wd-500gb-blue-ssd-7mm,"{'Gaming Components', 'Computer Hardware', 'Storage', 'Gaming', 'Components'}"
https://compujordan.com/cooler-master-masterbox-td500-mesh-white-mid-tower-tempered-glass-gaming-case,"{'Gaming Components', 'Computer Hardware', 'Storage', 'Gaming', 'Components'}"
https://compujordan.com/cooler-master-masterbox-mb520-argb-gaming-case,"{'Gaming Components', 'Computer Hardware', 'Storage', 'Gaming', 'Components'}"
https://compujordan.com/cooler-master-masterbox-mb511-argb-mid-tower-tempered-glass-gaming-case,"{'Gaming Components', 'Computer Hardware', 'Storage', 'Gaming', 'Components'}"
https://compujordan.com/cooler-master-masterbox-k500-rgb-mid-tower-tempered-glass-gaming-case,"{'Gaming Components', 'Computer Hardware', 'Storage', 'Gaming', 'Components'}"
https://compujordan.com/cooler-master-cmp505-red-led-mwe-600w-psu-gaming-case,"{'Gaming Components', 'Computer Hardware', 'Storage', 'Gaming', 'Components'}"
https://compujordan.com/seasonic-s12iii-550w-80-bronze-smart-silent-fan,"{'Gaming Components', 'Computer Hardware', 'Storage', 'Gaming', 'Components'}"
https://compujordan.com/teamgroup-t-force-delta-rgb-8gb-2666mhz-ddr4-gaming-memory,"{'Gaming Components', 'Computer Hardware', 'Storage', 'Gaming', 'Components'}"
https://compujordan.com/hyperx-fury-8gb-3466-mhz-ddr4-memory,"{'Gaming Components', 'Computer Hardware', 'Storage', 'Gaming', 'Components'}"
https://compujordan.com/hyperx-fury-8gb-3600-mhz-ddr4-memory,"{'Gaming Components', 'Computer Hardware', 'Storage', 'Gaming', 'Components'}"
https://compujordan.com/hyperx-fury-8gb-3200-mhz-ddr4-memory,"{'Gaming Components', 'Computer Hardware', 'Storage', 'Gaming', 'Components'}"
https://compujordan.com/hyperx-fury-16gb-2666-mhz-ddr4-memory,"{'Gaming Components', 'Computer Hardware', 'Storage', 'Gaming', 'Components'}"
https://compujordan.com/hyperx-fury-16gb-3600-mhz-ddr4-memory,"{'Gaming Components', 'Computer Hardware', 'Storage', 'Gaming', 'Components'}"
https://compujordan.com/hyperx-fury-16gb-3200-mhz-ddr4-memory,"{'Gaming Components', 'Computer Hardware', 'Storage', 'Gaming', 'Components'}"
https://compujordan.com/hyperx-fury-8gb-rgb-3733-mhz-ddr4-memory,"{'Gaming Components', 'Computer Hardware', 'Storage', 'Gaming', 'Components'}"
https://compujordan.com/hyperx-fury-8gb-rgb-3466-mhz-ddr4-memory,"{'Gaming Components', 'Computer Hardware', 'Storage', 'Gaming', 'Components'}"
https://compujordan.com/hyperx-fury-8gb-rgb-3600-mhz-ddr4-memory,"{'Gaming Components', 'Computer Hardware', 'Storage', 'Gaming', 'Components'}"
https://compujordan.com/hyperx-fury-16gb-rgb-3200-mhz-ddr4-memory,"{'Gaming Components', 'Computer Hardware', 'Storage', 'Gaming', 'Components'}"
https://compujordan.com/teamgroup-t-force-night-hawk-rgb-16gb-2x8-4000mhz-ddr4-gaming-memory,"{'Gaming Components', 'Computer Hardware', 'Gaming', 'Components'}"
https://compujordan.com/teamgroup-t-force-night-hawk-rgb-16gb-2x8-3600mhz-ddr4-gaming-memory,"{'Gaming Components', 'Computer Hardware', 'Gaming', 'Components'}"
https://compujordan.com/teamgroup-t-force-night-hawk-rgb-16gb-2x8-3200mhz-ddr4-gaming-memory,"{'Gaming Components', 'Computer Hardware', 'Gaming', 'Components'}"
https://compujordan.com/skill-trident-z-royal-16gb-2-x-8gb-ddr4-3000,"{'Gaming Components', 'Computer Hardware', 'Gaming', 'Components'}"
https://compujordan.com/g-skill-ripjaws-v-16gb-ddr4-2800mhz,"{'Gaming Components', 'Computer Hardware', 'Gaming', 'Components'}"
https://compujordan.com/msi-mpg-z390-gaming-pro-carbon,"{'Gaming Components', 'Computer Hardware', 'Gaming', 'Components'}"
https://compujordan.com/msi-mpg-z390-gaming-plus-atx-motherboard,"{'Gaming Components', 'Computer Hardware', 'Gaming', 'Components'}"
https://compujordan.com/gigabyte-h370n-wifi-intel-h370-hdmi-mini-itx,"{'Gaming Components', 'Computer Hardware', 'Gaming', 'Components'}"
https://compujordan.com/gigabyte-b365m-ds3h-intel-b365-micro-atx-intel-motherboard,"{'Gaming Components', 'Computer Hardware', 'Gaming', 'Components'}"
https://compujordan.com/asus-rog-strix-x370-f-gaming-amd-x370-atx,"{'Gaming Components', 'Computer Hardware', 'Gaming', 'Components'}"
https://compujordan.com/asus-rog-rampage-vi-extreme-omega-x299-ii-gaming-motherboard,"{'Gaming Components', 'Computer Hardware', 'Gaming', 'Components'}"
https://compujordan.com/asus-rog-maximus-ix-extreme-z270-gaming-motherboard,"{'Gaming Components', 'Computer Hardware', 'Gaming', 'Components'}"
https://compujordan.com/cooler-master-hyper-h410r-rgb-with-rgb-led,"{'Gaming Components', 'Computer Hardware', 'Gaming', 'Components'}"
https://compujordan.com/cooler-master-hyper-212-rgb-black-edition-with-controller-cpu-air-cooler,"{'Gaming Components', 'Computer Hardware', 'Gaming', 'Components'}"
https://compujordan.com/asus-rog-ryujin-240-all-in-one-liquid-cpu-cooler-with-livedash-color-oled,"{'Gaming Components', 'Computer Hardware', 'Gaming', 'Components'}"
https://compujordan.com/aorus-liquid-cooler-240-all-in-one-liquid-cooler-with-circular-lcd-display,"{'Gaming Components', 'Computer Hardware', 'Gaming', 'Components'}"
https://compujordan.com/rog-ryuo-120-all-in-one-liquid-cpu-cooler-with-color,"{'Gaming Components', 'Computer Hardware', 'Gaming', 'Components'}"
https://compujordan.com/intel-core-i5-7640x-x-series-kaby-lake,"{'Gaming Components', 'Computer Hardware', 'Gaming', 'Components'}"
https://compujordan.com/intel-core-i3-8350k-coffee-lake-quad-core-4-0-ghz,"{'Gaming Components', 'Computer Hardware', 'Storage', 'Gaming', 'Components'}"
https://compujordan.com/samsung-512gb-970-pro-ssd-m-2,"{'Gaming Components', 'Computer Hardware', 'Storage', 'Gaming', 'Components'}"
https://compujordan.com/kingston-512gb-ssd-kc600-sata-3-2-5,"{'Gaming Components', 'Computer Hardware', 'Storage', 'Gaming', 'Components'}"
https://compujordan.com/kingston-256gb-ssd-kc600-sata-3-2-5,"{'Gaming Components', 'Computer Hardware', 'Storage', 'Gaming', 'Components'}"
https://compujordan.com/kingston-240gb-ssdnow-a400-m-2-2280,"{'Gaming Components', 'Computer Hardware', 'Storage', 'Gaming', 'Components'}"
https://compujordan.com/kingston-1tb-a2000-nvme-pcie-m-2-ssd,"{'Gaming Components', 'Computer Hardware', 'Storage', 'Gaming', 'Components'}"
https://compujordan.com/wd-120gb-green-ssd-7mm,"{'Gaming Components', 'Computer Hardware', 'Storage', 'Gaming', 'Components'}"
https://compujordan.com/wd-240gb-green-ssd-7mm,"{'Gaming Components', 'Computer Hardware', 'Storage', 'Gaming', 'Components'}"
https://compujordan.com/wd-250gb-blue-ssd,"{'Gaming Components', 'Computer Hardware', 'Storage', 'Gaming', 'Components'}"
https://compujordan.com/a2000-nvme-pcie-ssd,"{'Gaming Components', 'Computer Hardware', 'Storage', 'Gaming', 'Components'}"
https://compujordan.com/adata-xpg-spectrix-d41-ddr4-tuf-gaming-rgb-3000mhz-8gb-memory,"{'Gaming Components', 'Computer Hardware', 'Storage', 'Gaming', 'Components'}"
https://compujordan.com/adata-xpg-spectrix-d80-oceanic-rgb-ddr4-3000mhz-8gb-memory,"{'Gaming Components', 'Computer Hardware', 'Storage', 'Gaming', 'Components'}"
https://compujordan.com/crucial-ballistix-tactical-tracer-rgb-16gb-ddr4-3000-mhz-udimm-gaming-memory,"{'Gaming Components', 'Computer Hardware', 'Storage', 'Gaming', 'Components'}"
https://compujordan.com/hyperx-fury-black-series-8gb-ddr3-pc-1600mhz,"{'Gaming Components', 'Computer Hardware', 'Storage', 'Gaming', 'Components'}"
https://compujordan.com/corsair-dominator-platinum-8gb-ddr3-sdram-pc-2133-mhz,"{'Gaming Components', 'Computer Hardware', 'Storage', 'Gaming', 'Components'}"
https://compujordan.com/hyperx-predator-8gb-3466mhz-ddr4-rgb-desktop-memory,"{'Gaming Components', 'Computer Hardware', 'Storage', 'Gaming', 'Components'}"
https://compujordan.com/hyperx-fury-16gb-rgb-3466-mhz-ddr4-memory,"{'Gaming Components', 'Computer Hardware', 'Storage', 'Gaming', 'Components'}"
https://compujordan.com/hyperx-predator-8gb-4000mhz-ddr4-rgb-desktop-memory,"{'Gaming Components', 'Computer Hardware', 'Storage', 'Gaming', 'Components'}"
https://compujordan.com/hyperx-predator-8gb-3200mhz-rgb-desktop-memory,"{'Gaming Components', 'Computer Hardware', 'Gaming', 'Components'}"
https://compujordan.com/hyperx-fury-8gb-rgb-3200-mhz-ddr4-memory,"{'Gaming Components', 'Computer Hardware', 'Gaming', 'Components'}"
https://compujordan.com/hyperx-fury-16gb-rgb-2666-mhz-ddr4-memory,"{'Gaming Components', 'Computer Hardware', 'Gaming', 'Components'}"
https://compujordan.com/hyperx-fury-8gb-rgb-2666-mhz-ddr4-memory,"{'Gaming Components', 'Computer Hardware', 'Gaming', 'Components'}"
https://compujordan.com/corsair-vs-series-vs550-550w-80-plus-white-certified-psu-uk,"{'Gaming Components', 'Computer Hardware', 'Gaming', 'Components'}"
https://compujordan.com/corsair-vs-series-vs450-450w-80-plus-white-certified-psu-uk,"{'Gaming Components', 'Computer Hardware', 'Gaming', 'Components'}"
https://compujordan.com/corsair-rmx-series-rm850x-850w-80-plus-gold-certified-fully-modular-psu-uk,"{'Gaming Components', 'Computer Hardware', 'Gaming', 'Components'}"
https://compujordan.com/corsair-cx-series-cx850m-850w-80-plus-bronze-certified-semi-modular-atx-psu,"{'Gaming Components', 'Computer Hardware', 'Gaming', 'Components'}"
https://compujordan.com/corsair-cx-series-cx750-750w-80-plus-bronze-certified-atx-psu-uk,"{'Gaming Components', 'Computer Hardware', 'Gaming', 'Components'}"
https://compujordan.com/corsair-cx-series-cx650m-650w-80-plus-bronze-certified-semi-modular-atx-psu,"{'Gaming Components', 'Computer Hardware', 'Gaming', 'Components'}"
https://compujordan.com/cooler-master-v750-750w-semi-modular-80-plus-gold-power-supply,"{'Gaming Components', 'Computer Hardware', 'Gaming', 'Components'}"
https://compujordan.com/cooler-master-v750-750w-80-plus-white-80-certification-power-supply,"{'Gaming Components', 'Computer Hardware', 'Gaming', 'Components'}"
https://compujordan.com/cooler-master-v750-750w-80-plus-bronze-certification-power-supply,"{'Gaming Components', 'Computer Hardware', 'Gaming', 'Components'}"
https://compujordan.com/cooler-master-v650w-mwe-650-white-230v-v2-80-power-supply,"{'Gaming Components', 'Computer Hardware', 'Gaming', 'Components'}"
https://compujordan.com/cooler-master-v650-650w-semi-modular-80-plus-master-watt-gold-power-supply,"{'Gaming Components', 'Computer Hardware', 'Gaming', 'Components'}"
https://compujordan.com/cooler-master-v650-650w-80-plus-masterwatt-semi-modular-bronze-power-supply,"{'Gaming Components', 'Computer Hardware', 'Gaming', 'Components'}"
https://compujordan.com/cooler-master-v650-650w-80-plus-masterwatt-lite-bronze-power-supply,"{'Gaming Components', 'Computer Hardware', 'Gaming', 'Components'}"
https://compujordan.com/seasonic-s12iii-650w-80-bronze-smart-silent-fan,"{'Gaming Components', 'Computer Hardware', 'Gaming', 'Components'}"
https://compujordan.com/seasonic-focus-px-850w-80-platinum-full-modular,"{'Gaming Components', 'Computer Hardware', 'Gaming', 'Components'}"
https://compujordan.com/seasonic-focus-px-750w-80-platinum-full-modular,"{'Gaming Components', 'Computer Hardware', 'Gaming', 'Components'}"
https://compujordan.com/seasonic-focus-gx-series-850w-80-gold-full-modular,"{'Gaming Components', 'Computer Hardware', 'Gaming', 'Components'}"
https://compujordan.com/seasonic-focus-gx-1000w-80-gold-full-modular,"{'Gaming Components', 'Computer Hardware', 'Gaming', 'Components'}"
https://compujordan.com/seasonic-focus-gx-series-750w-80-gold-full-modular,"{'Gaming Components', 'Computer Hardware', 'Gaming', 'Components'}"
https://compujordan.com/seasonic-focus-gm-750w-80-gold-semi-modular,"{'Gaming Components', 'Computer Hardware', 'Gaming', 'Components'}"
https://compujordan.com/seasonic-core-gm-650w-80-gold-semi-modular-tuf-gaming-alliance,"{'Gaming Components', 'Computer Hardware', 'Gaming', 'Components'}"
https://compujordan.com/seasonic-core-gc-650w-80-gold-tuf-gaming-alliance,"{'Gaming Components', 'Computer Hardware', 'Gaming', 'Components'}"
https://compujordan.com/evga-700-br-700w-80-plus-bronze-power-supply,"{'Gaming Components', 'Computer Hardware', 'Gaming', 'Components'}"
https://compujordan.com/evga-650-n1-100-n1-0650-l1-650w-atx12v-power-supply,"{'Gaming Components', 'Computer Hardware', 'Gaming', 'Components'}"
https://compujordan.com/evga-100-w1-0600-kr-600w-80-plus-power-supply,"{'Gaming Components', 'Computer Hardware', 'Gaming', 'Components'}"
https://compujordan.com/evga-600-br-80-plus-bronze-certified-active-pfc-psu,"{'Gaming Components', 'Computer Hardware', 'Gaming', 'Components'}"
https://compujordan.com/msi-nvidia-rtx-2080-super-8gb-ventus-xs-oc-turing,"{'Gaming Components', 'Computer Hardware', 'Gaming', 'Components'}"
https://compujordan.com/msi-nvidia-rtx-2080-super-8gb-gaming-x-trio-turing,"{'Gaming Components', 'Computer Hardware', 'Gaming', 'Components'}"
https://compujordan.com/msi-nvidia-rtx-2070-super-8gb-gaming-x-turing,"{'Gaming Components', 'Computer Hardware', 'Gaming', 'Components'}"
https://compujordan.com/msi-nvidia-geforce-rtx-2070-ventus-gp-8gb-gddr6,"{'Gaming Components', 'Computer Hardware', 'Gaming', 'Components'}"
https://compujordan.com/msi-nvidia-geforce-rtx-2070-super-8gb-ventus-oc,"{'Gaming Components', 'Computer Hardware', 'Gaming', 'Components'}"
https://compujordan.com/msi-nvidia-geforce-rtx-2060-super-8gb-gaming-x,"{'Gaming Components', 'Computer Hardware', 'Gaming', 'Components'}"
https://compujordan.com/msi-nvidia-geforce-gtx-1660-ti-ventus-xs-6gb-gddr6,"{'Gaming Components', 'Computer Hardware', 'Gaming', 'Components'}"
https://compujordan.com/msi-nvidia-geforce-gtx-1650-4gb-ventus-xs-oc-turing,"{'Gaming Components', 'Computer Hardware', 'Gaming', 'Components'}"
https://compujordan.com/msi-amd-radeon-rx-580-armor-oc-8gb-gddr5,"{'Gaming Components', 'Computer Hardware', 'Gaming', 'Components'}"
https://compujordan.com/gigabyte-nvidia-rtx-2080-super-8gb-windforce-oc,"{'Gaming Components', 'Computer Hardware', 'Gaming', 'Components'}"
https://compujordan.com/gigabyte-nvidia-rtx-2070-super-8gb-windforce-oc,"{'Gaming Components', 'Computer Hardware', 'Gaming', 'Components'}"
https://compujordan.com/gigabyte-nvidia-rtx-2060-super-8gb-windforce-oc,"{'Gaming Components', 'Computer Hardware', 'Gaming', 'Components'}"
https://compujordan.com/gigabyte-nvidia-rtx-2060-super-8gb-3x-windforce-oc,"{'Gaming Components', 'Computer Hardware', 'Gaming', 'Components'}"
https://compujordan.com/gigabyte-nvidia-gtx-1660-super-6gb-oc-turing,"{'Gaming Components', 'Computer Hardware', 'Gaming', 'Components'}"
https://compujordan.com/gigabyte-nvidia-gtx-1650-super-4gb-windforce-oc-turing,"{'Gaming Components', 'Computer Hardware', 'Gaming', 'Components'}"
https://compujordan.com/evga-nvidia-rtx-2080-super-8gb-ddr6-black-gaming,"{'Gaming Components', 'Computer Hardware', 'Gaming', 'Components'}"
https://compujordan.com/evga-nvidia-rtx-2070-super-8gb-ddr6-black-gaming,"{'Gaming Components', 'Computer Hardware', 'Gaming', 'Components'}"
https://compujordan.com/asus-rog-strix-rtx-2060-super-8gb-advanced-edition,"{'Gaming Components', 'Computer Hardware', 'Gaming', 'Components'}"
https://compujordan.com/asus-nvidia-gtx-1660-super-6gb-dual-evo-advanced,"{'Gaming Components', 'Computer Hardware', 'Gaming', 'Components'}"
https://compujordan.com/asus-nvidia-gtx-1650-super-4gb-tuf-gaming-turing,"{'Gaming Components', 'Computer Hardware', 'Gaming', 'Components'}"
https://compujordan.com/asus-nvidia-geforce-rtx-2080-super-8gb-evo-turing,"{'Gaming Components', 'Computer Hardware', 'Gaming', 'Components'}"
https://compujordan.com/asus-nvidia-geforce-rtx-2070-super-8gb-dual-evo-turing,"{'Gaming Components', 'Computer Hardware', 'Gaming', 'Components'}"
https://compujordan.com/asus-nvidia-geforce-gtx-1660-super-6gb-tuf3-oc-turing,"{'Gaming Components', 'Computer Hardware', 'Gaming', 'Components'}"
https://compujordan.com/asus-nvidia-geforce-gtx-1660-super-dual-evo-graphics-card,"{'Gaming Components', 'Computer Hardware', 'Gaming', 'Components'}"
https://compujordan.com/asus-nvidia-geforce-gt-710-2gb-ddr3-video-card,"{'Gaming Components', 'Computer Hardware', 'Gaming', 'Components'}"
https://compujordan.com/asus-nvidia-gt-1030-phoenix-fan-oc-2gb-gddr5,"{'Gaming Components', 'Computer Hardware', 'Gaming', 'Components'}"
https://compujordan.com/asrock-amd-b450-steel-legend-ryzen-am4-atx-motherboard,"{'Gaming Components', 'Computer Hardware', 'Gaming', 'Components'}"
https://compujordan.com/msi-z390-a-pro-intel-z390-atx-motherboard,"{'Gaming Components', 'Computer Hardware', 'Gaming', 'Components'}"
https://compujordan.com/msi-mpg-z390-gaming-edge-ac-intel-z390-motherboard,"{'Gaming Components', 'Computer Hardware', 'Gaming', 'Components'}"
https://compujordan.com/msi-b450-tomahawk-max-amd-b450-atx-motherboard,"{'Gaming Components', 'Computer Hardware', 'Gaming', 'Components'}"
https://compujordan.com/msi-b365m-pro-vh-intel-b365-ddr4-m-2-microatx,"{'Gaming Components', 'Computer Hardware', 'Gaming', 'Components'}"
https://compujordan.com/msi-amd-ryzen-x570-a-pro-am4-pcie-4-0-atx-motherboard,"{'Gaming Components', 'Computer Hardware', 'Gaming', 'Components'}"
https://compujordan.com/msi-amd-ryzen-mpg-x570-gaming-plus-am4-pcie-4-0,"{'Gaming Components', 'Computer Hardware', 'Gaming', 'Components'}"
https://compujordan.com/msi-amd-ryzen-mpg-x570-gaming-edge-wifi-pcie-4-0,"{'Gaming Components', 'Computer Hardware', 'Gaming', 'Components'}"
https://compujordan.com/msi-amd-ryzen-b450m-a-pro-max-am4-atx-motherboard,"{'Gaming Components', 'Computer Hardware', 'Gaming', 'Components'}"
https://compujordan.com/gigabyte-z390-ud-intel-z390-atx-motherboard,"{'Gaming Components', 'Computer Hardware', 'Gaming', 'Components'}"
https://compujordan.com/gigabyte-z390-gaming-x-intel-z390-atx-motherboard,"{'Gaming Components', 'Computer Hardware', 'Gaming', 'Components'}"
https://compujordan.com/gigabyte-z390-designare-intel-z390-atx-motherboard,"{'Gaming Components', 'Computer Hardware', 'Gaming', 'Components'}"
https://compujordan.com/gigabyte-z390-aorus-pro-wifi-intel-z390-motherboard,"{'Gaming Components', 'Computer Hardware', 'Gaming', 'Components'}"
https://compujordan.com/gigabyte-z390-aorus-pro-intel-z390-motherboard,"{'Gaming Components', 'Computer Hardware', 'Gaming', 'Components'}"
https://compujordan.com/gigabyte-b450-i-aorus-pro-ac-wifi-mini-itx-am4-motherboard,"{'Gaming Components', 'Computer Hardware', 'Gaming', 'Components'}"
https://compujordan.com/gigabyte-b450-gaming-x-amd-b450-atx-motherboard,"{'Gaming Components', 'Computer Hardware', 'Gaming', 'Components'}"
https://compujordan.com/gigabyte-b450-aorus-pro-wifi-b450-motherboard,"{'Gaming Components', 'Computer Hardware', 'Gaming', 'Components'}"
https://compujordan.com/gigabyte-b450-aorus-m-amd-b450-motherboard,"{'Gaming Components', 'Computer Hardware', 'Gaming', 'Components'}"
https://compujordan.com/gigabyte-amd-b450-aorus-elite-ryzen-atx-motherboard,"{'Gaming Components', 'Computer Hardware', 'Gaming', 'Components'}"
https://compujordan.com/asus-tuf-z390-plus-gaming-intel-z390-atx-motherboard,"{'Gaming Components', 'Computer Hardware', 'Gaming', 'Components'}"
https://compujordan.com/asus-tuf-b450-plus-gaming-amd-b450-motherboard,"{'Gaming Components', 'Computer Hardware', 'Gaming', 'Components'}"
https://compujordan.com/asus-tuf-b360-plus-gaming-intel-b360-motherboard,"{'Gaming Components', 'Computer Hardware', 'Gaming', 'Components'}"
https://compujordan.com/asus-strix-x299-e-gaming-intel-x299-atx-motherboard,"{'Gaming Components', 'Computer Hardware', 'Gaming', 'Components'}"
https://compujordan.com/asus-rog-strix-z390-h-gaming-atx-motherboard,"{'Gaming Components', 'Computer Hardware', 'Gaming', 'Components'}"
https://compujordan.com/asus-strix-b250g-gaming-intel-b250-ddr4-motherboard,"{'Gaming Components', 'Computer Hardware', 'Gaming', 'Components'}"
https://compujordan.com/asus-rog-strix-z390-f-gaming-atx-mainboard,"{'Gaming Components', 'Computer Hardware', 'Gaming', 'Components'}"
https://compujordan.com/asus-rog-strix-z390-e-gaming-intel-z390-atx-motherboard,"{'Gaming Components', 'Computer Hardware', 'Gaming', 'Components'}"
https://compujordan.com/asus-rog-strix-x570-f-gaming-amd-x570-motherboard,"{'Gaming Components', 'Computer Hardware', 'Gaming', 'Components'}"
https://compujordan.com/asus-rog-rampage-v-edition-10-intel-x99-gaming,"{'Gaming Components', 'Computer Hardware', 'Gaming', 'Components'}"
https://compujordan.com/asus-rog-maximus-xi-hero-wi-fi-z390-gaming-motherboard,"{'Gaming Components', 'Computer Hardware', 'Gaming', 'Components'}"
https://compujordan.com/asus-rog-crosshair-viii-formula-amd-x570-motherboard,"{'Gaming Components', 'Computer Hardware', 'Gaming', 'Components'}"
https://compujordan.com/asus-rog-crosshair-vii-hero-amd-x470-amd-motherboard,"{'Gaming Components', 'Computer Hardware', 'Gaming', 'Components'}"
https://compujordan.com/asus-prime-z390-p-intel-z390-atx-motherboard,"{'Gaming Components', 'Computer Hardware', 'Gaming', 'Components'}"
https://compujordan.com/asus-prime-x399-a-amd-x399-socket-tr4-mainboard,"{'Gaming Components', 'Computer Hardware', 'Gaming', 'Components'}"
https://compujordan.com/asus-prime-b450m-k-amd-b450-micro-atx-motherboard,"{'Gaming Components', 'Computer Hardware', 'Gaming', 'Components'}"
https://compujordan.com/asus-prime-b450-plus-amd-b450-atx-motherboard,"{'Gaming Components', 'Computer Hardware', 'Gaming', 'Components'}"
https://compujordan.com/asus-prime-b360-plus-intel-b360-atx-motherboard,"{'Gaming Components', 'Computer Hardware', 'Gaming', 'Components'}"
https://compujordan.com/asus-prime-a320m-k-amd-a320-ddr4-motherboard,"{'Gaming Components', 'Computer Hardware', 'Gaming', 'Components'}"
https://compujordan.com/asus-amd-threadripper-rog-strix-trx40-e-gaming-pcie-4-0,"{'Gaming Components', 'Computer Hardware', 'Gaming', 'Components'}"
https://compujordan.com/asus-maximus-x-hero-intel-z370-atx-motherboard,"{'Gaming Components', 'Computer Hardware', 'Gaming', 'Components'}"
https://compujordan.com/asus-amd-ryzen-tuf-gaming-x570-plus-amd-x570-motherboard,"{'Gaming Components', 'Computer Hardware', 'Gaming', 'Components'}"
https://compujordan.com/asrock-intel-z390-phantom-gaming-4-atx-motherboard,"{'Gaming Components', 'Computer Hardware', 'Gaming', 'Components'}"
https://compujordan.com/asrock-intel-z390-extreme4-atx-motherboard,"{'Gaming Components', 'Computer Hardware', 'Gaming', 'Components'}"
https://compujordan.com/asrock-b365m-itx-ac-intel-b365-hdmi-usb-3-1-mini-itx,"{'Gaming Components', 'Computer Hardware', 'Gaming', 'Components'}"
https://compujordan.com/asrock-amd-ryzen-x570-steel-legend-wifi-ax-am4,"{'Gaming Components', 'Computer Hardware', 'Gaming', 'Components'}"
https://compujordan.com/asrock-amd-ryzen-x570-steel-legend-am4-pcie-4-0,"{'Gaming Components', 'Computer Hardware', 'Gaming', 'Components'}"
https://compujordan.com/asrock-amd-fatal1ty-b450-k4-ryzen-atx-motherboard,"{'Gaming Components', 'Computer Hardware', 'Gaming', 'Components'}"
https://compujordan.com/nzxt-black-h510-elite-mid-tower-windowed-pc-gaming-case,"{'Gaming Components', 'Computer Hardware', 'Gaming', 'Components'}"
https://compujordan.com/corsair-crystal-570x-rgb-black-steel-tempered-glass,"{'Gaming Components', 'Computer Hardware', 'Gaming', 'Components'}"
https://compujordan.com/corsair-crystal-570x-rgb-red-steel-tempered-glass,"{'Gaming Components', 'Computer Hardware', 'Gaming', 'Components'}"
https://compujordan.com/corsair-carbide-series-275r-tempered-glass-black,"{'Gaming Components', 'Computer Hardware', 'Gaming', 'Components'}"
https://compujordan.com/cooler-master-mastercase-mc500m-rgb-panel-plate,"{'Gaming Components', 'Computer Hardware', 'Gaming', 'Components'}"
https://compujordan.com/cooler-master-masterbox-mb530p-gaming-case,"{'Gaming Components', 'Computer Hardware', 'Gaming', 'Components'}"
https://compujordan.com/cooler-master-masterbox-mb511-rgb-gaming-case,"{'Gaming Components', 'Computer Hardware', 'Gaming', 'Components'}"
https://compujordan.com/xigmatek-zeus-rgb-tempered-glass-gaming-case,"{'Gaming Components', 'Computer Hardware', 'Gaming', 'Components'}"
https://compujordan.com/xigmatek-overtake-tempered-glass-rainbow-rgb-gaming-case,"{'Gaming Components', 'Computer Hardware', 'Gaming', 'Components'}"
https://compujordan.com/xigmatek-helios-tempered-glass-frontpanel-rainbow-light-strip,"{'Gaming Components', 'Computer Hardware', 'Gaming', 'Components'}"
https://compujordan.com/xigmatek-leco-plus-rgb-glass-removable-front-panel,"{'Gaming Components', 'Computer Hardware', 'Gaming', 'Components'}"
https://compujordan.com/xigmatek-aquarius-plus-rgb-tempered-glass,"{'Gaming Components', 'Computer Hardware', 'Gaming', 'Components'}"
https://compujordan.com/xigmatek-astro-red-led-fans-tempered-glass,"{'Gaming Components', 'Computer Hardware', 'Gaming', 'Components'}"
https://compujordan.com/deepcool-fryzen-tr4-rgb-supports-amd-tr4-am4,"{'Gaming Components', 'Computer Hardware', 'Gaming', 'Components'}"
https://compujordan.com/xigmatek-windpower-wp1264-rainbow-pwm-fan-cooler,"{'Gaming Components', 'Computer Hardware', 'Gaming', 'Components'}"
https://compujordan.com/cooler-master-masterliquid-ml240l-rgb-cpu-cooler,"{'Gaming Components', 'Computer Hardware', 'Gaming', 'Components'}"
https://compujordan.com/xigmatek-galaxy-iii-argb-fans-3-fan-pack-w-remote,"{'Gaming Components', 'Computer Hardware', 'Gaming', 'Components'}"
https://compujordan.com/xigmatek-aurora-360-rgb-aio-liquid-cooler,"{'Gaming Components', 'Computer Hardware', 'Gaming', 'Components'}"
https://compujordan.com/xigmatek-aurora-240-rgb-aio-liquid-cooler,"{'Gaming Components', 'Computer Hardware', 'Gaming', 'Components'}"
https://compujordan.com/ekwb-ek-kit-p240-dual-240mm-liquid-cooling-kit,"{'Gaming Components', 'Computer Hardware', 'Gaming', 'Components'}"
https://compujordan.com/cooler-master-masteair-ma410m-rgb-cpu-cooler,"{'Gaming Components', 'Computer Hardware', 'Gaming', 'Components'}"
https://compujordan.com/cooler-master-masterair-ma610p-rgb-cpu-coolers,"{'Gaming Components', 'Computer Hardware', 'Gaming', 'Components'}"
https://compujordan.com/cooler-master-masterliquid-ml120l-rgb-liquid-cooler,"{'Gaming Components', 'Computer Hardware', 'Gaming', 'Components'}"
https://compujordan.com/xigmatek-sc120-rgb-led-fan-120mm-3-pin-case-fan,"{'Gaming Components', 'Computer Hardware', 'Storage', 'Gaming', 'Components'}"
https://compujordan.com/samsung-970-evo-plus-nvme-m-2-ssd-500gb,"{'Gaming Components', 'Computer Hardware', 'Storage', 'Gaming', 'Components'}"
https://compujordan.com/samsung-970-evo-plus-nvme-m-2-ssd-250gb,"{'Gaming Components', 'Computer Hardware', 'Storage', 'Gaming', 'Components'}"
https://compujordan.com/samsung-860-evo-sata-m-2-ssd-500gb,"{'Gaming Components', 'Computer Hardware', 'Storage', 'Gaming', 'Components'}"
https://compujordan.com/samsung-860-evo-500gb-ssd,"{'Gaming Components', 'Computer Hardware', 'Storage', 'Gaming', 'Components'}"
https://compujordan.com/samsung-860-evo-sata-m-2-ssd-250gb,"{'Gaming Components', 'Computer Hardware', 'Storage', 'Gaming', 'Components'}"
https://compujordan.com/intel-core-i9-9980xe-extreme-edition-up-to-4-4ghz-18-core-24-75mb,"{'Gaming Components', 'Computer Hardware', 'Storage', 'Gaming', 'Components'}"
https://compujordan.com/intel-core-i9-9900ks-special-edition-8-cores-up-to-5-0ghz-turbo,"{'Gaming Components', 'Computer Hardware', 'Storage', 'Gaming', 'Components'}"
https://compujordan.com/intel-core-i9-9900k-coffee-lake-8-core-16-mb-cashe-16-thread,"{'Gaming Components', 'Computer Hardware', 'Storage', 'Gaming', 'Components'}"
https://compujordan.com/intel-core-i9-9900-8-core-up-to-5-0-ghz-16-mb-cache,"{'Gaming Components', 'Computer Hardware', 'Storage', 'Gaming', 'Components'}"
https://compujordan.com/intel-core-i7-9700kf-coffee-lake-8-core-12mb-cashe-8-thread,"{'Gaming Components', 'Computer Hardware', 'Storage', 'Gaming', 'Components'}"
https://compujordan.com/intel-core-i7-9700f-coffee-lake-8-core-4-7ghz-12mb,"{'Gaming Components', 'Computer Hardware', 'Storage', 'Gaming', 'Components'}"
https://compujordan.com/intel-core-i5-9600k-coffee-lake-6-cores-up-to-4-6-ghz,"{'Gaming Components', 'Computer Hardware', 'Storage', 'Gaming', 'Components'}"
https://compujordan.com/intel-core-i5-9400f-9th-gen-6-core-desktop-processor-cpu-no-igpu,"{'Gaming Components', 'Computer Hardware', 'Storage', 'Gaming', 'Components'}"
https://compujordan.com/intel-core-i3-9350k-new-9gen-quad-core-up-to-4-6ghz-8m-cashe,"{'Gaming Components', 'Computer Hardware', 'Storage', 'Gaming', 'Components'}"
https://compujordan.com/amd-ryzen-threadripper-1900x-3-8-ghz-8-core-str4,"{'Gaming Components', 'Computer Hardware', 'Storage', 'Gaming', 'Components'}"
https://compujordan.com/amd-ryzen-9-3900x-12-core-3-8-ghz-4-6-ghz-max-boost,"{'Gaming Components', 'Computer Hardware', 'Storage', 'Gaming', 'Components'}"
https://compujordan.com/amd-ryzen-7-3800x-8-core-3-9-ghz-4-5-ghz-max-boost,"{'Gaming Components', 'Computer Hardware', 'Storage', 'Gaming', 'Components'}"
https://compujordan.com/amd-ryzen-7-3700x-8-core-3-6-ghz-4-3-ghz-max-boost,"{'Gaming Components', 'Computer Hardware', 'Storage', 'Gaming', 'Components'}"
https://compujordan.com/amd-ryzen-7-2700-8-core-3-2-ghz-4-1-ghz-max-boost,"{'Gaming Components', 'Computer Hardware', 'Storage', 'Gaming', 'Components'}"
https://compujordan.com/amd-ryzen-5-3600x-6-core-3-8-ghz-4-4-ghz-max-boost,"{'Gaming Components', 'Computer Hardware', 'Storage', 'Gaming', 'Components'}"
https://compujordan.com/amd-ryzen-5-3600-6-core-3-6-ghz-4-2-ghz-max-boost,"{'Gaming Components', 'Computer Hardware', 'Storage', 'Gaming', 'Components'}"
https://compujordan.com/amd-ryzen-5-3400g-quad-core-4-2ghz-vega-11,"{'Gaming Components', 'Computer Hardware', 'Storage', 'Gaming', 'Components'}"
https://compujordan.com/amd-ryzen-5-2600x-6-core-3-6-ghz-4-2-ghz-max-boost,"{'Gaming Components', 'Computer Hardware', 'Storage', 'Gaming', 'Components'}"
https://compujordan.com/amd-ryzen-5-2600-6-core-3-4-ghz-3-9-ghz-max-boost,"{'Gaming Components', 'Computer Hardware', 'Storage', 'Gaming', 'Components'}"
https://compujordan.com/amd-ryzen-3-3200g-quad-core-4-0ghz-vega-8,"{'Gaming Components', 'Computer Hardware', 'Storage', 'Gaming', 'Components'}"
https://compujordan.com/amd-athlon-200ge-2-core-4-thread-3-2-ghz-base-am4,"{'Gaming Components', 'Computer Hardware', 'Storage', 'Gaming', 'Components'}"
https://compujordan.com/kingston-suv500m8-240g-m-2-2280-sata-6gb-s,"{'Gaming Components', 'Computer Hardware', 'Storage', 'Gaming', 'Components'}"
https://compujordan.com/kingston-sa400s37-a400-960gb-ssd-disk,"{'Gaming Components', 'Computer Hardware', 'Storage', 'Gaming', 'Components'}"
https://compujordan.com/kingston-sa400s37-a400-480gb-ssd-disk,"{'Gaming Components', 'Computer Hardware', 'Storage', 'Gaming', 'Components'}"
https://compujordan.com/kingston-a400-240gb-ssd-disk,"{'Gaming Components', 'Computer Hardware', 'Storage', 'Gaming', 'Components'}"
https://compujordan.com/kingston-sa400s37-120gb-a400,"{'Gaming Components', 'Computer Hardware', 'Storage', 'Gaming', 'Components'}"
https://compujordan.com/intel-core-i9-9900kf-coffee-lake-8-core-16-mb-cashe-16-thread,"{'Gaming Components', 'Computer Hardware', 'Storage', 'Gaming', 'Components'}"
https://compujordan.com/dahua-lm27-e341ay-27-qhd-ips-gaming-monitor,"{'Gaming', 'Gaming Monitor', 'Monitor and Display', 'Monitors'}"
https://compujordan.com/dahua-lm27-e331y-27-qhd-ips-gaming-monitor,"{'Gaming', 'Gaming Monitor', 'Monitor and Display', 'Monitors'}"
https://compujordan.com/dahua-lm27-e240a-27-fhd-va-gaming-monitor,"{'Gaming', 'Gaming Monitor', 'Monitor and Display', 'Monitors'}"
https://compujordan.com/dahua-lm27-a221y-27-fhd-ips-gaming-monitor,"{'Gaming', 'Gaming Monitor', 'Monitor and Display', 'Monitors'}"
https://compujordan.com/lg-37g800a-b-37-ultragear-curved-4k-uhd-gaming-monitor,"{'Gaming', 'Gaming Monitor', 'Monitor and Display', 'Monitors'}"
https://compujordan.com/lg-27g440a-b-27-ultragear-fhd-ips-240hz-gaming-monitor,"{'Gaming', 'Gaming Monitor', 'Monitor and Display', 'Monitors'}"
https://compujordan.com/lg-27g810a-b-27-ultragear-4k-uhd-180hz-dual-mode-dci-p3-95-typ-vesa-display-hdr-400-1ms-gtg-hdmi-2-1-gaming-monitor,"{'Gaming', 'Gaming Monitor', 'Monitor and Display', 'Monitors'}"
https://compujordan.com/lg-27g411a-b-27-ultragear-fhd-ips-144hz-overclock-nvidia-g-sync-compatible-srgb-99-gaming-monitor,"{'Gaming', 'Gaming Monitor', 'Monitor and Display', 'Monitors'}"
https://compujordan.com/lg-24g411a-b-24-ultragear-fhd-ips-144hz-overclock-nvidia-g-sync-compatible-srgb-99-gaming-monitor,"{'Gaming', 'Gaming Monitor', 'Monitor and Display', 'Monitors'}"
https://compujordan.com/lg-32g600a-b-32-ultragear-qhd-1440p-180hz-1ms-amd-freesync-hdr10-curved-gaming-monitor,"{'Gaming', 'Gaming Monitor', 'Monitor and Display', 'Monitors'}"
https://compujordan.com/lg-49u950a-49-curved-ultrawide-nano-ips-gaming-monitor-21-9-dqhd-5120-1440-144hz-1ms-mbr-hdr400-rich-bass-speakers,"{'Gaming', 'Gaming Monitor', 'Monitor and Display', 'Monitors'}"
https://compujordan.com/lg-40u990a-w-40-5k2k-nano-ips-black-monitor-thunderbolt-5-hdr600-99-dci-p3-96w-usb-c-charging,"{'Gaming', 'Gaming Monitor', 'Monitor and Display', 'Monitors'}"
https://compujordan.com/lg-27g640a-b-27-ultragear-qhd-ips-gaming-monitor-300hz-1ms-response-hdr400-freesync-premium-g-sync-compatible,"{'Gaming', 'Gaming Monitor', 'Monitor and Display', 'Monitors'}"
https://compujordan.com/lg-45gx950a-b-ultragear-45-oled-5k2k-wuhd-gaming-monitor-165hz-330hz-dual-mode-0-03-ms-g-sync-freesync-premium-pro,"{'Gaming', 'Gaming Monitor', 'Monitor and Display', 'Monitors'}"
https://compujordan.com/lg-45gx90sa-b-ultragear-45-oled-wqhd-curved-gaming-monitor-240-hz-0-03-ms-g-sync-compatible-freesync-premium-webos,"{'Gaming', 'Gaming Monitor', 'Monitor and Display', 'Monitors'}"
https://compujordan.com/lg-39gx90sa-w-ultragear-39-oled-wqhd-curved-gaming-monitor-240-hz-0-03-ms-g-sync-compatible-freesync-premium-webos,"{'Gaming', 'Gaming Monitor', 'Monitor and Display', 'Monitors'}"
https://compujordan.com/asus-tuf-gaming-vg259q5a-24-5-full-hd-ips-gaming-monitor,"{'Gaming', 'Gaming Monitor', 'Monitor and Display', 'Monitors'}"
https://compujordan.com/lg-34g600a-b-ultragear-34-inch-160hz-wqhd-curved-160hz-amd-freesync-premium-gaming-monitor,"{'Gaming', 'Gaming Monitor', 'Monitor and Display', 'Monitors'}"
https://compujordan.com/lg-ultragear-34gx90sa-w-34-wqhd-curved-oled-240hz-white-gaming-monitor,"{'Gaming', 'Gaming Monitor', 'Monitor and Display', 'Monitors'}"
https://compujordan.com/lg-32g810sa-w-ultragear-32-4k-uhd-ips-gaming-monitor,"{'Gaming', 'Gaming Monitor', 'Monitor and Display', 'Monitors'}"
https://compujordan.com/lg-27gx790a-b-27-ultragear-oled-qhd-gaming-monitor-480hz-0-03ms-displayport-2-1-g-sync-freesync-premium-pro,"{'Gaming', 'Gaming Monitor', 'Monitor and Display', 'Monitors'}"
https://compujordan.com/lg-27-27gs75q-b-ultragear-qhd-200hz-1ms-g-sync-compatible-ips-gaming-monitor,"{'Gaming', 'Gaming Monitor', 'Monitor and Display', 'Monitors'}"
https://compujordan.com/lg-24gs50f-b-24-ultragear-fhd-180hz-gaming-monitor,"{'Gaming', 'Gaming Monitor', 'Monitor and Display', 'Monitors'}"
https://compujordan.com/dell-s2721hn-led-monitor,"{'Gaming', 'Gaming Monitor', 'Monitor and Display', 'Monitors'}"
https://compujordan.com/dell-e2222h-22-flat-monitor,"{'Gaming', 'Gaming Monitor', 'Monitor and Display', 'Monitors'}"
https://compujordan.com/lg-27gs95qe-b-ultragear-oled-gaming-monitor,"{'Gaming', 'Gaming Monitor', 'Monitor and Display', 'Monitors'}"
https://compujordan.com/lg-34gs95qe-b-ultragear-oled-wqhd-240hz-0-03ms-g-sync-compatible-800r-curved-gaming-monitor,"{'Gaming', 'Gaming Monitor', 'Monitor and Display', 'Monitors'}"
https://compujordan.com/lg-27sr50f-w-27-fhd-ips-myview-smart-monitor-with-webos-and-built-in-speakers-monitor,"{'Gaming', 'Gaming Monitor', 'Monitor and Display', 'Monitors'}"
https://compujordan.com/lg-34gp63a-b-curved-ultragear-qhd-hdr-10-160hz-monitor-with-tilt-height-adjustable-stand-gaming-monitor,"{'Gaming', 'Gaming Monitor', 'Monitor and Display', 'Monitors'}"
https://compujordan.com/lg-32gn50r-b-32-ultragear-165-hz-1mbr-with-amd-freesync-premium-monitor,"{'Gaming', 'Gaming Monitor', 'Monitor and Display', 'Monitors'}"
https://compujordan.com/lg-32gq850-b-ultragear-qhd-gaming-monitor-with-240hz-o-c-260hz-refresh-rate-gaming-monitor,"{'Gaming', 'Gaming Monitor', 'Monitor and Display', 'Monitors'}"
https://compujordan.com/viewsonic-27-led-165hz-gaming,"{'Gaming', 'Gaming Monitor', 'Monitor and Display', 'Monitors'}"
https://compujordan.com/lg-29-29ea93-p-full-hd-ultra-wide-monitor,"{'Gaming', 'Gaming Monitor', 'Monitor and Display', 'Monitors'}"
https://compujordan.com/lg-32gs95uv-b-32-ultragear-32-inch-dual-mode-oled-4k-uhd-0-03ms-gtg-display-hdr-true-black-400-oled-gaming-monitor,"{'Gaming', 'Gaming Monitor', 'Monitor and Display', 'Monitors'}"
https://compujordan.com/lg-27g610a-b-27-qhd-200hz-1ms-gtg-hdr-freesync-premium-lg-switch-gaming-monitor,"{'Gaming', 'Gaming Monitor', 'Monitor and Display', 'Monitors'}"
https://compujordan.com/lg-27gs65f-b-27-inch-ultragear-full-hd-ips-nvidia-g-sync-compatible-180hz-ips-1ms-gtg-hdr10-gaming-monitor,"{'Gaming', 'Gaming Monitor', 'Monitor and Display', 'Monitors'}"
https://compujordan.com/lg-24gs65f-b-24-inch-ultragear-fhd-180hz-1ms-hdr10-nvidia-g-sync-compatible-ips-with-tilt-height-pivot-stand-gaming-monitor,"{'Gaming', 'Gaming Monitor', 'Monitor and Display', 'Monitors'}"
https://compujordan.com/lg-27u411a-b-27-inch-fhd-ips-120hz-hdr10-monitor-with-slim-stand-monitor,"{'Gaming', 'Gaming Monitor', 'Monitor and Display', 'Monitors'}"
https://compujordan.com/lg-24u411a-b-24-inch-fhd-ips-120hz-hdr10-monitor-with-slim-stand-monitor,"{'Gaming', 'Gaming Monitor', 'Monitor and Display', 'Monitors'}"
https://compujordan.com/dahua-lm27-b201s-27-fhd-ips-monitor-100-hz-eye-care-built-in-speakers-monitor,"{'Gaming', 'Gaming Monitor', 'Monitor and Display', 'Monitors'}"
https://compujordan.com/dell-s2425hs-23-8-fhd-100-hz-ips-monitor-with-ergonomic-stand-speakers-monitor,"{'Gaming', 'Gaming Monitor', 'Monitor and Display', 'Monitors'}"
https://compujordan.com/lg-27u421a-b-27-fhd-curved-monitor-with-100hz-refresh-rate-and-usb-c-port,"{'Gaming', 'Gaming Monitor', 'Monitor and Display', 'Monitors'}"
https://compujordan.com/lg-24u421a-b-23-8-full-hd-1500r-curved-monitor-usb-c-hdmi-100-hz,"{'Gaming', 'Gaming Monitor', 'Monitor and Display', 'Monitors'}"
https://compujordan.com/lg-32sr85u-w-32-4k-uhd-ips-smart-monitor-with-webos-built-in-fhd-webcam,"{'Gaming', 'Gaming Monitor', 'Monitor and Display', 'Monitors'}"
https://compujordan.com/lg-32gs75q-b-ultragear-32-qhd-ips-180hz-1ms-gaming-monitor,"{'Gaming', 'Gaming Monitor', 'Monitor and Display', 'Monitors'}"
https://compujordan.com/lg-34-34wr55qk-b-ultrawide-wqhd-hdr-10-100hz-curved-monitor-with-usb-type-c,"{'Gaming', 'Gaming Monitor', 'Monitor and Display', 'Monitors'}"
https://compujordan.com/lg-32gs60qc-b-32-ultragear-qhd-180hz-1ms-amd-freesync-hdr10-1000r-curved-gaming-monitor,"{'Gaming', 'Gaming Monitor', 'Monitor and Display', 'Monitors'}"
https://compujordan.com/lg-27gs60qc-b-27-ultragear-qhd-180hz-1ms-amd-freesync-hdr10-1000r-curved-gaming-monitor,"{'Gaming', 'Gaming Monitor', 'Monitor and Display', 'Monitors'}"
https://compujordan.com/lenovo-l22i-40-21-5-inch-monitor,"{'Gaming', 'Gaming Monitor', 'Monitor and Display', 'Monitors'}"
https://compujordan.com/lg-27mr400-b-27-fhd-3-side-borderless-ips-100hz-monitor-with-freesync-monitor,"{'Gaming', 'Gaming Monitor', 'Monitor and Display', 'Monitors'}"
https://compujordan.com/dell-p2722h-27-fhd-ips-computer-monitor,"{'Gaming', 'Gaming Monitor', 'Monitor and Display', 'Monitors'}"
https://compujordan.com/dell-p2422h-24-fhd-ips-computer-monitor,"{'Gaming', 'Gaming Monitor', 'Monitor and Display', 'Monitors'}"
https://compujordan.com/dahua-dhi-lm27-b200s-27,"{'Gaming', 'Gaming Monitor', 'Monitor and Display', 'Monitors'}"
https://compujordan.com/dahua-dhi-lm24-c201-23-8-fhd-monitor,"{'Gaming', 'Gaming Monitor', 'Monitor and Display', 'Monitors'}"
https://compujordan.com/dahua-dhi-lm22-b200-21-45-fhd-monitor,"{'Gaming', 'Gaming Monitor', 'Monitor and Display', 'Monitors'}"
https://compujordan.com/lg-27gs50f-b-27-ultragear-fhd-180hz-gaming-monitor,"{'Gaming', 'Gaming Monitor', 'Monitor and Display', 'Monitors'}"
https://compujordan.com/lg-34wr55qc-b-34-curved-ultrawide-monitor,"{'Gaming', 'Gaming Monitor', 'Monitor and Display', 'Monitors'}"
https://compujordan.com/lenovo-thinkvision-monitor-s22i-30-21-5-fhd-ips-75hz-99-srgb-color-natural-low-blue-light-technology-3-years-warranty,"{'Gaming', 'Gaming Monitor', 'Monitor and Display', 'Monitors'}"
https://compujordan.com/hp-p24v-g5-24-full-hd-75hz-anti-glare-vesa-mounting-low-blue-light-vga-hdmi-interface-black,"{'Gaming', 'Gaming Monitor', 'Monitor and Display', 'Monitors'}"
https://compujordan.com/lg-34wr50qc-b-34-curved-ultrawide-wqhd-hdr-10-100hz-monitor-with-amd-freesync-monitor,"{'Gaming', 'Gaming Monitor', 'Monitor and Display', 'Monitors'}"
https://compujordan.com/lg-32ur500-b-32-uhd-4k-hdr-monitor-hdmi-display-port-speaker-tilt-adjustable-stand-monitor,"{'Gaming', 'Gaming Monitor', 'Monitor and Display', 'Monitors'}"
https://compujordan.com/lg-32sr50f-w-32-fhd-ips-myview-smart-monitor-with-webos-and-built-in-speakers-monitor,"{'Gaming', 'Gaming Monitor', 'Monitor and Display', 'Monitors'}"
https://compujordan.com/lg-32gn650-b-ultragear-32-qhd-165hz-refresh-rate-1ms-mbr-hdr-10-srgb-95-color-gamut-amd-freesync-gaming-monitor,"{'Gaming', 'Gaming Monitor', 'Monitor and Display', 'Monitors'}"
https://compujordan.com/lg-27uq750-w-27-va-uhd-4k-144hz-hdr-gaming-monitor-with-speaker-hdmi-2-1-displayport-usb-c-usb-white-monitor,"{'Gaming', 'Gaming Monitor', 'Monitor and Display', 'Monitors'}"
https://compujordan.com/lg-24mr400-b-24-fhd-3-side-borderless-ips-100hz-monitor-with-freesync-monitor,"{'Gaming', 'Gaming Monitor', 'Monitor and Display', 'Monitors'}"
https://compujordan.com/lenovo-thinkvision-s24i-30-23-8-fhd-ips-100hz-99-srgb-color-natural-low-blue-light-technology-monitor,"{'Gaming', 'Gaming Monitor', 'Monitor and Display', 'Monitors'}"
https://compujordan.com/lg-22mr410-b-21-5-fhd-monitor-with-amd-freesync-100hz-refresh-rate-on-screen-control-black-stabiliser,"{'Gaming', 'Gaming Monitor', 'Monitor and Display', 'Monitors'}"
https://compujordan.com/lg-27gr95qe-b-ultragear-27-oled-qhd-2k-hdr10-240hz-0-03ms-g-sync-compatible-anti-glare-98-5-dci-p3-gaming-monitor,"{'Gaming', 'Gaming Monitor', 'Monitor and Display', 'Monitors'}"
https://compujordan.com/lg-32uq750-w-32-4k-uhd-ultrafine-monitor-with-hdr10-and-usb-type-c-65w-pd,"{'Gaming', 'Gaming Monitor', 'Monitor and Display', 'Monitors'}"
https://compujordan.com/lg-27gr75q-b-27-ultragear-qhd-gaming-monitor-with-165hz-refresh-rate,"{'Gaming', 'Gaming Monitor', 'Monitor and Display', 'Monitors'}"
https://compujordan.com/hp-v241ib-24-ips-full-hd-75hz-anti-glare-vesa-mounting-low-blue-light-display-port-hdmi,"{'Gaming', 'Gaming Monitor', 'Monitor and Display', 'Monitors'}"
https://compujordan.com/lg-22mp400-b-21-45-full-hd-monitor-with-amd-freesync,"{'Gaming', 'Gaming Monitor', 'Monitor and Display', 'Monitors'}"
https://compujordan.com/lg-49gr85dc-b-curved-ultragear-dqhd-1ms-240hz-monitor-with-vesa-displayhdr-1000,"{'Gaming', 'Gaming Monitor', 'Monitor and Display', 'Monitors'}"
https://compujordan.com/lg-45gr95qe-b-ultragear-oled-curved-gaming-monitor-wqhd-with-240hz-refresh-rate-0-03ms-response-time,"{'Gaming', 'Gaming Monitor', 'Monitor and Display', 'Monitors'}"
https://compujordan.com/lg-34wq75c-b-curved-ultrawide-qhd-3440-x-1440-monitor,"{'Gaming', 'Gaming Monitor', 'Monitor and Display', 'Monitors'}"
https://compujordan.com/lg-32un650-w-4k-ips-hdr-10-dci-p3-95-color-gamut-w-3-side-virtually-borderless-design-built-in-speakers-gaming-monitor,"{'Gaming', 'Gaming Monitor', 'Monitor and Display', 'Monitors'}"
https://compujordan.com/lg-32un500-w-4k-hdr-10-dci-p3-90-color-gamut-w-3-side-virtually-borderless-design-built-in-speakers-gaming-monitor,"{'Gaming', 'Gaming Monitor', 'Monitor and Display', 'Monitors'}"
https://compujordan.com/lg-34wp65c-b-curved-ultrawide-qhd-hdr-freesync-premium-monitor-with-160hz-refresh-rate-gaming-monitor,"{'Gaming', 'Gaming Monitor', 'Monitor and Display', 'Monitors'}"
https://compujordan.com/lg-34wq60c-b-curved-ultrawide-qhd-ips-hdr-10-monitor-with-dual-controller-onscreen-control-gaming-monitor,"{'Gaming', 'Gaming Monitor', 'Monitor and Display', 'Monitors'}"
https://compujordan.com/lg-45gr95qe-b-45-ultragear-oled-curved-800r-3k-240hz-03ms-hdr10-monitor,"{'Gaming', 'Gaming Monitor', 'Monitor and Display', 'Monitors'}"
https://compujordan.com/hp-m24fw-24-ultraslim-fhd-ips-monitor-eye-safe,"{'Gaming', 'Gaming Monitor', 'Monitor and Display', 'Monitors'}"
https://compujordan.com/hp-m22f-21-5-ultraslim-full-hd-ips-75hz-300-nits-hdmi-vga-eye-safe,"{'Gaming', 'Gaming Monitor', 'Monitor and Display', 'Monitors'}"
https://compujordan.com/lenovo-l24e-30-24-fhd-monitor-va-75hz-4ms-hdmi-vga-freesync-phone-holder-tilt,"{'Gaming', 'Gaming Monitor', 'Monitor and Display', 'Monitors'}"
https://compujordan.com/lg-48gq900-b-ultragear-48-16-9-4k-ultra-hd-120hz-oled-hdr-built-in-speakers-gaming-monitor,"{'Gaming', 'Gaming Monitor', 'Monitor and Display', 'Monitors'}"
https://compujordan.com/lg-22mp410-b-21-45-full-hd-monitor-with-amd-freesync,"{'Gaming', 'Gaming Monitor', 'Monitor and Display', 'Monitors'}"
https://compujordan.com/lg-34wq650-w-34-21-9-ultrawide-full-hd-ips-monitor-with-amd-freesync,"{'Gaming', 'Gaming Monitor', 'Monitor and Display', 'Monitors'}"
https://compujordan.com/lg-29wq600-w-29-ips-ultra-wide-full-hd-hdr10-rgb-99-usb-type-c-amd-free-sync-built-in-speakers,"{'Gaming', 'Gaming Monitor', 'Monitor and Display', 'Monitors'}"
https://compujordan.com/lenovo-g27c-10-27-gaming-curved-1500r-full-hd-165hz-1ms-mprt-freesync-premium,"{'Gaming', 'Gaming Monitor', 'Monitor and Display', 'Monitors'}"
https://compujordan.com/lenovo-g32qc-10-32-gaming-curved-1500r-qhd-2k-144hz-1ms-mprt-freesync-premium,"{'Gaming', 'Gaming Monitor', 'Monitor and Display', 'Monitors'}"
https://compujordan.com/asus-tuf-vg27aq-27-ips-2k-hdr10-165hz-g-sync-compatible,"{'Gaming', 'Gaming Monitor', 'Monitor and Display', 'Monitors'}"
https://compujordan.com/asus-tuf-27-vg279qm-280hz-g-sync-hdr-gaming-monitor,"{'Gaming', 'Gaming Monitor', 'Monitor and Display', 'Monitors'}"
https://compujordan.com/samsung-27-odyssey-g3-g35t-full-hd144hz-1ms-gaming-monitor,"{'Gaming', 'Gaming Monitor', 'Monitor and Display', 'Monitors'}"
https://compujordan.com/asus-tuf-vg279qr-27-ips-full-hd-1ms-165hz-g-sync-freesync,"{'Gaming', 'Gaming Monitor', 'Monitor and Display', 'Monitors'}"
https://compujordan.com/msi-optix-g24c6-24-curved-1500r-full-hd-144hz-1ms-freesync-gaming-monitor,"{'Gaming', 'Gaming Monitor', 'Monitor and Display', 'Monitors'}"
https://compujordan.com/lg-24gq50f-b-ultragear-class-full-hd-165hz-and-1ms-motion-blur-reduction-amd-freesync-premium-and-3-side-virtually-gaming-monitor,"{'Gaming', 'Gaming Monitor', 'Monitor and Display', 'Monitors'}"
https://compujordan.com/lg-ultragear-27gq50f-b-fhd-1ms-165hz-monitor-with-amd-freesync-premium,"{'Gaming', 'Gaming Monitor', 'Monitor and Display', 'Monitors'}"
https://compujordan.com/lg-ultragear-27gp95r-b-4k-nano-ips-1ms-gtg-144hz-160hz-overclock-and-hdmi-2-1-gaming-monitor,"{'Gaming', 'Gaming Monitor', 'Monitor and Display', 'Monitors'}"
https://compujordan.com/lg-32gp850-b-ultra-gear-qhd-nano-ips-1ms-165hz-hdr-monitor-with-g-sync-compatibility-gaming,"{'Gaming', 'Gaming Monitor', 'Monitor and Display', 'Monitors'}"
https://compujordan.com/lg-24gn600-b-ultra-gear-full-hd-ips-1ms-gtg-gaming-monitor-with-144hz,"{'Gaming', 'Gaming Monitor', 'Monitor and Display', 'Monitors'}"
https://compujordan.com/lg-27gp850-b-ultragear-qhd-nano-ips-1ms-gtg-gaming-monitor-with-165hz-180hz-overclock,"{'Gaming', 'Gaming Monitor', 'Monitor and Display', 'Monitors'}"
https://compujordan.com/huawei-mate-view-gt-34-ultra-wide-high-refresh-curved-monitor-gaming,"{'Gaming', 'Gaming Monitor', 'Monitor and Display', 'Monitors'}"
https://compujordan.com/lg-27mp60g-b-fhd-ips-monitor-with-freesync,"{'Gaming', 'Gaming Monitor', 'Monitor and Display', 'Monitors'}"
https://compujordan.com/lg-27mp400-b-ips-full-hd-monitor-with-3-side-virtually-borderless-design,"{'Gaming', 'Gaming Monitor', 'Monitor and Display', 'Monitors'}"
https://compujordan.com/lg-49wl95c-w-inch-32-9-ultra-wide-dual-qhd-ips-curved-led-monitor-with-hdr-10,"{'Gaming', 'Gaming Monitor', 'Monitor and Display', 'Monitors'}"
https://compujordan.com/hp-m27fw-ultra-slim-full-hd-ips-monitor-eye-safe-silver-white,"{'Gaming', 'Gaming Monitor', 'Monitor and Display', 'Monitors'}"
https://compujordan.com/hp-m27f-ultra-slim-full-hd-ips-monitor-eye-safe-silver-black,"{'Gaming', 'Gaming Monitor', 'Monitor and Display', 'Monitors'}"
https://compujordan.com/lg-27gn880-b-ultragear-qhd-nano-ips-1ms-144hz-hdr-g-sync-compatibility-monitor-with-ergo-stand,"{'Gaming', 'Gaming Monitor', 'Monitor and Display', 'Monitors'}"
https://compujordan.com/lg-32gk650f-b-ultragear-qhd-gaming-monitor-with-freesync,"{'Gaming', 'Gaming Monitor', 'Monitor and Display', 'Monitors'}"
https://compujordan.com/lg-32mp60g-b-full-hd-ips-display-with-amd-freesync,"{'Gaming', 'Gaming Monitor', 'Monitor and Display', 'Monitors'}"
https://compujordan.com/lg-24mp400-b-full-hd-ips-monitor-with-amd-freesync,"{'Gaming', 'Gaming Monitor', 'Monitor and Display', 'Monitors'}"
https://compujordan.com/lg-24mp60g-b-full-hd-ips-monitor-with-freesync,"{'Gaming', 'Gaming Monitor', 'Monitor and Display', 'Monitors'}"
https://compujordan.com/huawei-display-23-8,"{'Gaming', 'Gaming Monitor', 'Monitor and Display', 'Monitors'}"
https://compujordan.com/lg-27un880-b-ultra-fine-4k-uhd-ips-usb-c-hdr-monitor-with-ergo-stand,"{'Gaming', 'Gaming Monitor', 'Monitor and Display', 'Monitors'}"
https://compujordan.com/lg-27qn880-qhd-ergo-ips-monitor-with-usb-type-c,"{'Gaming', 'Gaming Monitor', 'Monitor and Display', 'Monitors'}"
https://compujordan.com/lg-32gn550-ultra-gear-fhd-165hz-hdr10-monitor-with-g-sync-compatibility,"{'Gaming', 'Gaming Monitor', 'Monitor and Display', 'Monitors'}"
https://compujordan.com/lg-27gl63t-ultra-gear-full-hd-ips-gaming-monitor-with-g-sync-compatibility,"{'Gaming', 'Gaming Monitor', 'Monitor and Display', 'Monitors'}"
https://compujordan.com/asus-vg248qg-gaming-monitor-24-inch,"{'Gaming', 'Gaming Monitor', 'Monitor and Display', 'Monitors'}"
https://compujordan.com/asus-tuf-gaming-vg24vq-curved-gaming-monitor-24-inch,"{'Gaming', 'Gaming Monitor', 'Monitor and Display', 'Monitors'}"
https://compujordan.com/asus-tuf-gaming-vg27vq-curved-gaming-monitor-27-inch,"{'Gaming', 'Gaming Monitor', 'Monitor and Display', 'Monitors'}"
https://compujordan.com/asus-vg278qr-gaming-monitor-27-inch,"{'Gaming', 'Gaming Monitor', 'Monitor and Display', 'Monitors'}"
https://compujordan.com/asus-vp228he-gaming-monitor-21-5,"{'Gaming', 'Gaming Monitor', 'Monitor and Display', 'Monitors'}"
https://compujordan.com/lg-22-22mk430h-b-full-hd-ips-monitor,"{'Gaming', 'Gaming Monitor', 'Monitor and Display', 'Monitors'}"
https://compujordan.com/lg-22-22mn430m-b-full-hd-ips-monitor,"{'Gaming', 'Gaming Monitor', 'Monitor and Display', 'Monitors'}"
https://compujordan.com/viewsonic-24-led-monitor,"{'Gaming', 'Gaming Monitor', 'Monitor and Display', 'Monitors'}"
https://compujordan.com/viewsonic-27-led-curved-gaming,"{'Gaming', 'Gaming Monitor', 'Monitor and Display', 'Monitors'}"
https://compujordan.com/lenovo-19-5-led-mon-li2054a,"{'Gaming', 'Gaming Monitor', 'Monitor and Display', 'Monitors'}"
https://compujordan.com/lg-27-led-mon-27md5kl,"{'Gaming', 'Gaming Monitor', 'Monitor and Display', 'Monitors'}"
https://compujordan.com/lg-43-led-mon-43un700,"{'Gaming', 'Gaming Monitor', 'Monitor and Display', 'Monitors'}"
https://compujordan.com/lg-32-led-mon-32un880-b,"{'Gaming', 'Gaming Monitor', 'Monitor and Display', 'Monitors'}"
https://compujordan.com/hp-27fw-27-inch-monitor-with-audio,"{'Gaming', 'Gaming Monitor', 'Monitor and Display', 'Monitors'}"
https://compujordan.com/hp-24fw-24-inch-monitor,"{'Gaming', 'Gaming Monitor', 'Monitor and Display', 'Monitors'}"
https://compujordan.com/lg-27mk430h-full-hd-monitor,"{'Gaming', 'Gaming Monitor', 'Monitor and Display', 'Monitors'}"
https://compujordan.com/samsung-led-27-5-tv-and-pc-monitor,"{'Gaming', 'Gaming Monitor', 'Monitor and Display', 'Monitors'}"
https://compujordan.com/lg-38-led-38wk95c-w,"{'Gaming', 'Gaming Monitor', 'Monitor and Display', 'Monitors'}"
https://compujordan.com/lg-35-led-35wn75c-b,"{'Gaming', 'Gaming Monitor', 'Monitor and Display', 'Monitors'}"
https://compujordan.com/lg-34-led-34wn650-w,"{'Gaming', 'Gaming Monitor', 'Monitor and Display', 'Monitors'}"
https://compujordan.com/lg-32-led-32ul750-w,"{'Gaming', 'Gaming Monitor', 'Monitor and Display', 'Monitors'}"
https://compujordan.com/lg-29-led-29wn600-w,"{'Gaming', 'Gaming Monitor', 'Monitor and Display', 'Monitors'}"
https://compujordan.com/lg-27-led-27gn750-b,"{'Gaming', 'Gaming Monitor', 'Monitor and Display', 'Monitors'}"
https://compujordan.com/lg-27-led-27gl850-b,"{'Gaming', 'Gaming Monitor', 'Monitor and Display', 'Monitors'}"
https://compujordan.com/lenovo-d22-10-21-5-inch-led-backlit,"{'Gaming', 'Gaming Monitor', 'Monitor and Display', 'Monitors'}"
https://compujordan.com/lg-34-34gl750-21-9-ultrawide-gaming-monitor-with-g-sync-compatible-adaptive-sync,"{'Gaming', 'Gaming Monitor', 'Monitor and Display', 'Monitors'}"
https://compujordan.com/lg-34-34wl85c-b-34-inch-21-9-ultrawide-qhd-ips-curved-monitor-with-hdr10,"{'Gaming', 'Gaming Monitor', 'Monitor and Display', 'Monitors'}"
https://compujordan.com/lg-34-34wl500-21-9-ultrawide-1080p-full-hd-ips-monitor-with-hdr,"{'Gaming', 'Gaming Monitor', 'Monitor and Display', 'Monitors'}"
https://compujordan.com/lg-34-34wk650-class-21-9-ultrawide-full-hd-ips-led-monitor-with-hdr-10,"{'Gaming', 'Gaming Monitor', 'Monitor and Display', 'Monitors'}"
https://compujordan.com/lg-27-27gl650f-b-class-ultragear-gaming-monitor,"{'Gaming', 'Gaming Monitor', 'Monitor and Display', 'Monitors'}"
https://compujordan.com/lenovo-thinkvision-s27i-30-27-fhd-ips-100hz-99-srgb-color-natural-low-blue-light-technology-monitor,"{'Gaming', 'Gaming Monitor', 'Monitor and Display', 'Monitors'}"
https://compujordan.com/27ul850-27-class-4k-uhd-monitor,"{'Gaming', 'Gaming Monitor', 'Monitor and Display', 'Monitors'}"
https://compujordan.com/27ul550-w-class-4k-uhd-ips-led-hdr-monitor-with-ergonomic-stand,"{'Gaming', 'Gaming Monitor', 'Monitor and Display', 'Monitors'}"
https://compujordan.com/27ul650-w-class-4k-uhd-ips-led-monitor-with-vesa-displayhdr-400,"{'Gaming', 'Gaming Monitor', 'Monitor and Display', 'Monitors'}"
https://compujordan.com/hp-z4n74aa-27-full-hd-curved-monitor,"{'Gaming', 'Gaming Monitor', 'Monitor and Display', 'Monitors'}"
https://compujordan.com/hp-v193-g9w86a6-18-5-inch-screen-led-monitor,"{'Gaming', 'Gaming Monitor', 'Monitor and Display', 'Monitors'}"
https://compujordan.com/hp-t3m86aa-27-full-hd-ips-led-monitor,"{'Gaming', 'Gaming Monitor', 'Monitor and Display', 'Monitors'}"
https://compujordan.com/hp-t3m70aa-22-full-hd-ips-led-monitor,"{'Gaming', 'Gaming Monitor', 'Monitor and Display', 'Monitors'}"
https://compujordan.com/hp-20-lv2011full-hd-monitor,"{'Gaming', 'Gaming Monitor', 'Monitor and Display', 'Monitors'}"
https://compujordan.com/dell-20-e2015hv-monitor,"{'Gaming', 'Gaming Monitor', 'Monitor and Display', 'Monitors'}"
https://compujordan.com/lenovo-18-5-e1922sw-thinkvision-led-monitor,"{'Gaming', 'Gaming Monitor', 'Monitor and Display', 'Monitors'}"
https://compujordan.com/hp-24fw-24-ultraslim-full-hd-ips-monitor-w-multimedia,"{'Gaming', 'Gaming Monitor', 'Monitor and Display', 'Monitors'}"
https://compujordan.com/hp-27xq-gaming-27-quad-hd-monitor-144hz-1ms-freesync,"{'Gaming', 'Gaming Monitor', 'Monitor and Display', 'Monitors'}"
https://compujordan.com/hp-32s-32-fhd-ips-w-tilt-adjustment-anti-glare,"{'Gaming', 'Gaming Monitor', 'Monitor and Display', 'Monitors'}"
https://compujordan.com/hp-22fw-21-5-ultraslim-full-hd-ips-monitor,"{'Gaming', 'Gaming Monitor', 'Monitor and Display', 'Monitors'}"
https://compujordan.com/hp-pavilion-gaming-32-inch-qhd-monitor,"{'Gaming', 'Gaming Monitor', 'Monitor and Display', 'Monitors'}"
https://compujordan.com/lg-29uc88-29-full-hd-curved-gaming-monitor,"{'Gaming', 'Gaming Monitor', 'Monitor and Display', 'Monitors'}"
https://compujordan.com/hp-27o-27-full-hd-led-backlit-monitor-1ms-dvi-hdmi,"{'Gaming', 'Gaming Monitor', 'Monitor and Display', 'Monitors'}"
https://compujordan.com/lg-34-32gk850g-monitor,"{'Gaming', 'Gaming Monitor', 'Monitor and Display', 'Monitors'}"
https://compujordan.com/hp-19-v197-monitor,"{'Gaming', 'Gaming Monitor', 'Monitor and Display', 'Monitors'}"
https://compujordan.com/dell-20-e2014h-monitor,"{'Gaming', 'Gaming Monitor', 'Monitor and Display', 'Monitors'}"
https://compujordan.com/dell-19-e1916hv-monitor,"{'Gaming', 'Gaming Monitor', 'Monitor and Display', 'Monitors'}"
https://compujordan.com/lg-43-43ud79-ultrawide-monitor,"{'Gaming', 'Gaming Monitor', 'Monitor and Display', 'Monitors'}"
https://compujordan.com/lg-34-34uc89g-full-hd-monitor,"{'Gaming', 'Gaming Monitor', 'Monitor and Display', 'Monitors'}"
https://compujordan.com/lg-27-27mp59g-monitor,"{'Gaming', 'Gaming Monitor', 'Monitor and Display', 'Monitors'}"
https://compujordan.com/hp-23-8-2yv10aafull-hd-monitor,"{'Gaming', 'Gaming Monitor', 'Monitor and Display', 'Monitors'}"
https://compujordan.com/lg-34-34um69g-full-hd-monitor,"{'Gaming', 'Gaming Monitor', 'Monitor and Display', 'Monitors'}"
https://compujordan.com/lg-24gl600f-24-ultra-gear-gaming-monitor,"{'Gaming', 'Gaming Monitor', 'Monitor and Display', 'Monitors'}"
https://compujordan.com/lg-22-22m38a-full-hd-monitor,"{'Gaming', 'Gaming Monitor', 'Monitor and Display', 'Monitors'}"
https://compujordan.com/lg-20mk400a-19-5-hd-led-monitor,"{'Gaming', 'Gaming Monitor', 'Monitor and Display', 'Monitors'}"
https://compujordan.com/lg-19m38a-b-19-inch-led-monitor,"{'Gaming', 'Gaming Monitor', 'Monitor and Display', 'Monitors'}"
https://compujordan.com/lg34-34uc79g-curved-ultra-wide-gaming-monitor,"{'Gaming', 'Gaming Monitor', 'Monitor and Display', 'Monitors'}"
https://compujordan.com/lg-29-29wk600-full-hd-ultra-wide-monitor,"{'Gaming', 'Gaming Monitor', 'Monitor and Display', 'Monitors'}"
https://compujordan.com/lg-27-27uk850-4k-class-4k-uhd-ips-led-monitor,"{'Gaming', 'Gaming Monitor', 'Monitor and Display', 'Monitors'}"
https://compujordan.com/lg-27-27mp89hm-full-hd-monitor,"{'Gaming', 'Gaming Monitor', 'Monitor and Display', 'Monitors'}"
https://compujordan.com/lg-27-27mk400h-full-hd-monitor,"{'Gaming', 'Gaming Monitor', 'Monitor and Display', 'Monitors'}"
https://compujordan.com/lg-24-24mp88hv-full-hd-monitor,"{'Gaming', 'Gaming Monitor', 'Monitor and Display', 'Monitors'}"
https://compujordan.com/lg-24-24mk430h-full-hd-monitor,"{'Gaming', 'Gaming Monitor', 'Monitor and Display', 'Monitors'}"
https://compujordan.com/lg-22-22mk400h-full-hd-monitor,"{'Gaming', 'Gaming Monitor', 'Monitor and Display', 'Monitors'}"
https://compujordan.com/lg-34um57-34-ultrawide-wfhd-ips-led-monitors,"{'Gaming', 'Gaming Monitor', 'Monitor and Display', 'Monitors'}"
https://compujordan.com/asus-rog-strix-g16-i7-14650hx-rtx-5060-8gb-gddr7-16-fhd-165hz-16gb-ddr5-1tb-gen4-nvme-gaming-laptop,"{'PC and Laptops', 'Laptops', 'Gaming PC and Laptops', 'Gaming'}"
https://compujordan.com/asus-tuf-gaming-a16-ryzen-7-100-nvidia-rtx-4050-6gb-gddr6-16gb-ram-512gb-ssd-16-wuxga-144hz-gaming-laptop,"{'PC and Laptops', 'Laptops', 'Gaming PC and Laptops', 'Gaming'}"
https://compujordan.com/asus-tuf-gaming-f16-intel-core-7-240h-nvidia-rtx-4050-6gb-gddr6-16gb-ram-512gb-ssd-16-wuxga-144hz-gaming-laptop,"{'PC and Laptops', 'Laptops', 'Gaming PC and Laptops', 'Gaming'}"
https://compujordan.com/asus-tuf-gaming-f16-intel-core-i7-14650hx-rtx-5050-8gb-ddr7-16-wuxga-165hz-ips-gaming-laptop,"{'PC and Laptops', 'Laptops', 'Gaming PC and Laptops', 'Gaming'}"
https://compujordan.com/asus-tuf-gaming-f16-laptop-intel-core-i7-14650hx-nvidia-rtx-5060-8gb-gddr7-16gb-ram-512gb-ssd-16-wuxga-165hz-gaming-laptop,"{'PC and Laptops', 'Laptops', 'Gaming PC and Laptops', 'Gaming'}"
https://compujordan.com/acer-nitro-v-15-intel-core-i9-13900h-rtx-5050-8gb-ddr7-15-6-165hz-gaming-laptop,"{'PC and Laptops', 'Laptops', 'Gaming PC and Laptops', 'Gaming'}"
https://compujordan.com/lenovo-loq-intel-core-i5-13450hx-ai-powered-rtx-3050-6gb-16gb-ram-ips-144hz-display-gaming-laptop,"{'PC and Laptops', 'Laptops', 'Gaming PC and Laptops', 'Gaming'}"
https://compujordan.com/asus-v16-2025-gaming-laptop-intel-core-7-240h-rtx-5050-8gb-16gb-ddr5-1tb-ssd-16-144hz-wuxga-display,"{'PC and Laptops', 'Laptops', 'Gaming PC and Laptops', 'Gaming'}"
https://compujordan.com/msi-katana-15-hx-b14wek-2025-new-14gen-intel-core-i7-14650hx-w-rtx-5050-8gb-ddr7-144hz-display-gaming-laptop,"{'PC and Laptops', 'Laptops', 'Gaming PC and Laptops', 'Gaming'}"
https://compujordan.com/msi-cyborg-15-a13uc-intel-core-i7-13620h-13gen-rtx-3050-4gb-ddr6-144hz-gaming-laptop,"{'PC and Laptops', 'Laptops', 'Gaming PC and Laptops', 'Gaming'}"
https://compujordan.com/lenovo-legion-pro-5-2025-intel-core-i9-14900hx-rtx-5070-8gb-ddr7-32gb-ddr5-1tb-ssd-2-5k-ips-hdr-240hz-gaming-laptop,"{'PC and Laptops', 'Laptops', 'Gaming PC and Laptops', 'Gaming'}"
https://compujordan.com/asus-tuf-gaming-f16-intel-core-i5-13450hx-rtx-5060-16-wuxga-165hz-ips-gaming-laptop,"{'PC and Laptops', 'Laptops', 'Gaming PC and Laptops', 'Gaming'}"
https://compujordan.com/asus-tuf-gaming-a16-2025-fa608um-ryzen-7-260-rtx-5060-8gb-ddr7-16-wuxga-165hz-ips-jaeger-gray-gaming-laptop,"{'PC and Laptops', 'Laptops', 'Gaming PC and Laptops', 'Gaming'}"
https://compujordan.com/msi-cyborg-15-ai-a1vfk-intel-core-ultra-7-processor-155h-rtx-4060-8gb-ddr6-144hz-gaming-laptop,"{'PC and Laptops', 'Laptops', 'Gaming PC and Laptops', 'Gaming'}"
https://compujordan.com/asus-rog-zephyrus-m16-gu603zm-core-i7-12700h-rtx-3060-6gb-ddr6-165hz-16-0-qhd-gaming-laptop,"{'PC and Laptops', 'Laptops', 'Gaming PC and Laptops', 'Gaming'}"
https://compujordan.com/asus-tuf-gaming-f15-fx507zc4-hn081-gaming-laptop,"{'PC and Laptops', 'Laptops', 'Gaming PC and Laptops', 'Gaming'}"
https://compujordan.com/lenovo-loq-intel-core-i7-13650hx-ai-powered-rtx-3050-6gb-ddr6-16gb-ddr5-512gb-ssd-15-6-ips-144hz-gaming-laptop,"{'PC and Laptops', 'Laptops', 'Gaming PC and Laptops', 'Gaming'}"
https://compujordan.com/lenovo-loq-intel-core-i7-14700hx-ai-powered-rtx-5050-8gb-ddr7-16gb-ddr5-512gb-ssd-15-6-ips-144hz-gaming-laptop,"{'PC and Laptops', 'Laptops', 'Gaming PC and Laptops', 'Gaming'}"
https://compujordan.com/msi-thin-15-b13ucx-gaming-laptop-intel-core-i7-13620h-rtx-2050-4gb-16gb-ddr4-512gb-ssd-15-6-fhd-144hz-display,"{'PC and Laptops', 'Laptops', 'Gaming PC and Laptops', 'Gaming'}"
https://compujordan.com/asus-v16-2025-gaming-laptop-intel-core-7-240h-rtx-5060-8gb-16gb-ddr5-1tb-ssd-16-144hz-display,"{'PC and Laptops', 'Laptops', 'Gaming PC and Laptops', 'Gaming'}"
https://compujordan.com/lenovo-loq-2025-intel-core-i7-14700hx-rtx-5050-8gb-ddr7-24gb-ddr5-512gb-ssd-15-6-ips-144hz-gaming-laptop,"{'PC and Laptops', 'Laptops', 'Gaming PC and Laptops', 'Gaming'}"
https://compujordan.com/lenovo-loq-2025-intel-core-i7-13700hx-rtx-5050-8gb-ddr7-24gb-ddr5-512gb-ssd-15-6-ips-144hz-gaming-laptop,"{'PC and Laptops', 'Laptops', 'Gaming PC and Laptops', 'Gaming'}"
https://compujordan.com/asus-vivobook-16x-oled-k3605vv-n1363-intel-core-i9-13900h-rtx-4060-32-gb-ram-1-tb-ssd-3-2k-120-hz-oled-laptop,"{'PC and Laptops', 'Laptops', 'Gaming PC and Laptops', 'Gaming'}"
https://compujordan.com/asus-vivobook-16x-oled-k3605vu-13th-gen-intel-core-i9-13900h-3-2k-120-hz-oled-rtx-4060-laptop,"{'PC and Laptops', 'Laptops', 'Gaming PC and Laptops', 'Gaming'}"
https://compujordan.com/lenovo-loq-2024-gaming-laptop-intel-core-i5-13450hx-rtx-3050-6gb-12gb-ram-144hz-wqxga-display,"{'PC and Laptops', 'Laptops', 'Gaming PC and Laptops', 'Gaming'}"
https://compujordan.com/lenovo-loq-2024-gaming-laptop-intel-core-i7-13650hx-rtx-4050-6gb-24gb-ram-144hz-wqxga-display,"{'PC and Laptops', 'Laptops', 'Gaming PC and Laptops', 'Gaming'}"
https://compujordan.com/lenovo-loq-2025-gaming-laptop-intel-core-i7-14700hx-rtx-5060-8gb-24gb-ram-144hz-wqxga-display,"{'PC and Laptops', 'Laptops', 'Gaming PC and Laptops', 'Gaming'}"
https://compujordan.com/lenovo-legion-5-2024-gaming-laptop-intel-core-i7-14650hx-rtx-4070-16gb-ram-2-5k-240hz-display,"{'PC and Laptops', 'Laptops', 'Gaming PC and Laptops', 'Gaming'}"
https://compujordan.com/acer-nitro-v-16-anv16-71-gaming-laptop-intel-core-i7-rtx-4060-16gb-ram-165hz-display,"{'PC and Laptops', 'Laptops', 'Gaming PC and Laptops', 'Gaming'}"
https://compujordan.com/acer-nitro-v-16-anv16-71-2024-16-wuxga-165-hz-gaming-laptop,"{'PC and Laptops', 'Laptops', 'Gaming PC and Laptops', 'Gaming'}"
https://compujordan.com/acer-nitro-v-15-anv15-51-52am-13th-gen-intel-core-i5-13420h-rtx-3050-6-gb-15-6-fhd-144-hz-gaming-laptop,"{'PC and Laptops', 'Laptops', 'Gaming PC and Laptops', 'Gaming'}"
https://compujordan.com/asus-tuf-f15-fx507vv-13th-gen-intel-core-i7-13620h-nvidia-rtx-4060-8gb-15-6-fhd-144-hz-gaming-laptop,"{'PC and Laptops', 'Laptops', 'Gaming PC and Laptops', 'Gaming'}"
https://compujordan.com/msi-thin-15-b12ucx-1415au-gaming-laptop,"{'PC and Laptops', 'Laptops', 'Gaming PC and Laptops', 'Gaming'}"
https://compujordan.com/lenovo-legion-go-8apu1-gaming-laptop-amd-ryzen-z1-extreme-16gb-lpddr5x-1tb-ssd,"{'PC and Laptops', 'Laptops', 'Gaming PC and Laptops', 'Gaming'}"
https://compujordan.com/lenovo-loq-gaming-intel-core-i7-14700hx-ai-engine-la1-chip-15-6-fhd-ips-144hz-rtx-4060-8gb-gaming-laptop,"{'PC and Laptops', 'Laptops', 'Gaming PC and Laptops', 'Gaming'}"
https://compujordan.com/lenovo-legion-pro-5-intel-core-i9-14900hx-16-wqxga-2-5k-ips-500nits-240hz-gaming-laptop,"{'PC and Laptops', 'Laptops', 'Gaming PC and Laptops', 'Gaming'}"
https://compujordan.com/asus-tuf-a15-fa507nvr-lp005-amd-ryzen-7-7435hs-nvidia-rtx-4060-8gb-ips-144hz-display-gaming-laptop,"{'PC and Laptops', 'Laptops', 'Gaming PC and Laptops', 'Gaming'}"
https://compujordan.com/asus-tuf-a15-fa507nur-lp096-amd-ryzen-7-7435hs-nvidia-rtx-4050-6gb-ips-144hz-display-gaming-laptop,"{'PC and Laptops', 'Laptops', 'Gaming PC and Laptops', 'Gaming'}"
https://compujordan.com/asus-tuf-a15-fa506nfr-hn144-amd-ryzen-7-7435hs-nvidia-rtx-2050-4gb-ips-144hz-display-gaming-laptop,"{'PC and Laptops', 'Laptops', 'Gaming PC and Laptops', 'Gaming'}"
https://compujordan.com/lenovo-new-loq-13gen-intel-core-i7-13650hx-ai-engine-la1-chip-nvidia-rtx-3050-6gb-24gb-ram-ddr5-144hz-ips-display-gaming-laptop,"{'PC and Laptops', 'Laptops', 'Gaming PC and Laptops', 'Gaming'}"
https://compujordan.com/lenovo-new-loq-13gen-intel-core-i7-13650hx-ai-engine-la1-chip-nvidia-rtx-4060-8gb-24gb-ram-ddr5-144hz-ips-display-gaming-laptop,"{'PC and Laptops', 'Laptops', 'Gaming PC and Laptops', 'Gaming'}"
https://compujordan.com/lenovo-new-loq-13gen-intel-core-i7-13650hx-ai-engine-la1-chip-nvidia-rtx-4050-6gb-24gb-ram-ddr5-144hz-ips-display-gaming-laptop,"{'PC and Laptops', 'Laptops', 'Gaming PC and Laptops', 'Gaming'}"
https://compujordan.com/lenovo-loq-15irx9-13gen-intel-core-i7-13650hx-ai-engine-la1-chip-nvidia-rtx-3050-6gb-144hz-ips-display-gaming-laptop,"{'PC and Laptops', 'Laptops', 'Gaming PC and Laptops', 'Gaming'}"
https://compujordan.com/lenovo-loq-15irx9-13gen-intel-core-i7-13650hx-ai-engine-la1-chip-nvidia-rtx-4060-8gb-144hz-ips-display-gaming-laptop,"{'PC and Laptops', 'Laptops', 'Gaming PC and Laptops', 'Gaming'}"
https://compujordan.com/asus-vivobook-pro-15-oled-n6506mv,"{'PC and Laptops', 'Laptops', 'Gaming PC and Laptops', 'Gaming'}"
https://compujordan.com/asus-tuf-gaming-f16-fx607ju-n3105-gaming-laptop,"{'PC and Laptops', 'Laptops', 'Gaming PC and Laptops', 'Gaming'}"
https://compujordan.com/asus-rog-strix-g16-g614jvr-gaming-laptop,"{'PC and Laptops', 'Laptops', 'Gaming PC and Laptops', 'Gaming'}"
https://compujordan.com/lenovo-legion-pro-5-16irx9-intel-core-i7-14700hx-14gen-gaming-laptop,"{'PC and Laptops', 'Laptops', 'Gaming PC and Laptops', 'Gaming'}"
https://compujordan.com/lenovo-loq-gaming-13gen-intel-core-i5-13450hx-nvidia-rtx-3050-6gb-ips-144hz-display-gaming-laptop,"{'PC and Laptops', 'Laptops', 'Gaming PC and Laptops', 'Gaming'}"
https://compujordan.com/lenovo-legion-pro-5-16irx9-intel-core-i7-14650hx-gaming-laptop,"{'PC and Laptops', 'Laptops', 'Gaming PC and Laptops', 'Gaming'}"
https://compujordan.com/victus-by-hp-16-r0073cl-intel-core-i7-13700hx-16-cores-nvidia-rtx4060-8gb-144hz-display-grey-gaming-laptop,"{'PC and Laptops', 'Laptops', 'Gaming PC and Laptops', 'Gaming'}"
https://compujordan.com/msi-cyborg-15-a13vf-intel-core-i7-13620h-13gen-rtx-4060-8gb-ddr6-144hz-gaming-laptop,"{'PC and Laptops', 'Laptops', 'Gaming PC and Laptops', 'Gaming'}"
https://compujordan.com/msi-thin-15-b13ve-intel-core-i7-13620h-13gen-rtx-4050-6gb-ddr6-gaming-laptop,"{'PC and Laptops', 'Laptops', 'Gaming PC and Laptops', 'Gaming'}"
https://compujordan.com/msi-thin-15-b13uc-intel-core-i7-13620h-13gen-rtx-3050-max-q-4gb-ddr6-gaming-laptop,"{'PC and Laptops', 'Laptops', 'Gaming PC and Laptops', 'Gaming'}"
https://compujordan.com/lenovo-legion-5-intel-core-i7-14650hx-16-wqxga-ips-165hz-display-1tb-ssd-geforce-rtx-4050-6gb-gaming-laptop,"{'PC and Laptops', 'Laptops', 'Gaming PC and Laptops', 'Gaming'}"
https://compujordan.com/asus-tuf-f15-fx507zv4-lp137-core-i7-12700h-15-6-fhd-144hz-display-rtx-4060-8gb-gpu-gaming-laptop,"{'PC and Laptops', 'Laptops', 'Gaming PC and Laptops', 'Gaming'}"
https://compujordan.com/victus-by-hp-15-fa1093nia-new-13gen-intel-core-i7-10-cores-rtx-3050-6gb-gaming-laptop,"{'PC and Laptops', 'Laptops', 'Gaming PC and Laptops', 'Gaming'}"
https://compujordan.com/msi-cyborg-15-a12v-12gen-intel-core-i7-10-cores-rtx-4060-8gb-ddr6-144hz-display-gaming-laptop,"{'PC and Laptops', 'Laptops', 'Gaming PC and Laptops', 'Gaming'}"
https://compujordan.com/msi-gf63-thin-12uc-core-i7-12650h-rtx-3050-4gb-16gb-ddr4-512gb-ssd-15-6-fhd-144hz-gaming-laptop,"{'PC and Laptops', 'Laptops', 'Gaming PC and Laptops', 'Gaming'}"
https://compujordan.com/msi-gf63-thin-intel-core-i5-12450h-12gen-rtx-2050-4gb-ddr6-gaming-laptop,"{'PC and Laptops', 'Laptops', 'Gaming PC and Laptops', 'Gaming'}"
https://compujordan.com/lenovo-loq-12gen-intel-core-i5-nvidia-and-rtx-2050-4gb-144hz-display-gaming-laptop,"{'PC and Laptops', 'Laptops', 'Gaming PC and Laptops', 'Gaming'}"
https://compujordan.com/lenovo-loq-12gen-intel-core-i5-nvidia-and-rtx-3050-6gb-144hz-display-gaming-laptop,"{'PC and Laptops', 'Laptops', 'Gaming PC and Laptops', 'Gaming'}"
https://compujordan.com/lenovo-loq-13gen-intel-core-i7-ai-engine-la1-chip-nvidia-rtx-4050-6gb-144hz-display-gaming-laptop,"{'PC and Laptops', 'Laptops', 'Gaming PC and Laptops', 'Gaming'}"
https://compujordan.com/victus-by-hp-15-fa1095n-new-13gen-intel-core-i7-rtx-3050-6gb-144hz-display-performance-blue,"{'PC and Laptops', 'Laptops', 'Gaming PC and Laptops', 'Gaming'}"
https://compujordan.com/victus-by-hp-15-fa1093dx-new-13gen-intel-core-i5-8-cores-w-rtx-3050-6gb-144hz-display-performance-blue,"{'PC and Laptops', 'Laptops', 'Gaming PC and Laptops', 'Gaming'}"
https://compujordan.com/asus-tuf-f15-fx507vu4-lp058-intel-13gen-core-i7-13700h-nvidia-rtx-4050-6gb-ips-144hz-display-gaming-laptop,"{'PC and Laptops', 'Laptops', 'Gaming PC and Laptops', 'Gaming'}"
https://compujordan.com/asus-tuf-f15-fx506he-intel-11gen-core-i7-8-cores-w-nvidia-rtx-3050-ti-ips-144hz-display-gray-gaming-laptop,"{'PC and Laptops', 'Laptops', 'Gaming PC and Laptops', 'Gaming'}"
https://compujordan.com/asus-tuf-gaming-a15-ryzen-7-6800h-rtx-2050-4gb-ddr6-144hz-graphite-black-2023-gaming-laptop,"{'PC and Laptops', 'Laptops', 'Gaming PC and Laptops', 'Gaming'}"
https://compujordan.com/asus-rog-strix-g16-16-fhd-165hz-core-i7-13650hx-13th-generation-rtx-4050-6gb-ddr6-eclipse-gray-gaming-laptop,"{'PC and Laptops', 'Laptops', 'Gaming PC and Laptops', 'Gaming'}"
https://compujordan.com/asus-tuf-gaming-f15-fx507vv4-13gen-intel-core-i9-14-cores-w-nvidia-rtx-4060-8gb-ips-144hz-display-gaming-laptop,"{'PC and Laptops', 'Laptops', 'Gaming PC and Laptops', 'Gaming'}"
https://compujordan.com/hp-victus-15-fa1023ne-gaming-laptop-13gen-intel-core-i7-14-cores-w-rtx-4050-6gb-144hz-display-white,"{'PC and Laptops', 'Laptops', 'Gaming PC and Laptops', 'Gaming'}"
https://compujordan.com/msi-katana-15-b13vfk-2023-new-13gen-intel-core-i7-10-cores-w-rtx-4060-8gb-ddr6-144hz-display-black-gaming-laptop,"{'PC and Laptops', 'Laptops', 'Gaming PC and Laptops', 'Gaming'}"
https://compujordan.com/asus-vivobook-pro-15-m6500qf-amd-ryzen-7-8-cores-w-nvidia-rtx-2050-144hz-display,"{'PC and Laptops', 'Laptops', 'Gaming PC and Laptops', 'Gaming'}"
https://compujordan.com/lenovo-new-loq-2023-13gen-intel-core-i7-ai-engine-la1-chip-nvidia-rtx-4050-6gb-144hz-display-gaming-laptop,"{'PC and Laptops', 'Laptops', 'Gaming PC and Laptops', 'Gaming'}"
https://compujordan.com/lenovo-ideapad-5-pro-intel-13gen-core-i7-14-cores-16-2-5k-fhd-ips-display-gaming-laptop,"{'PC and Laptops', 'Laptops', 'Gaming PC and Laptops', 'Gaming'}"
https://compujordan.com/msi-katana-15-b13vek-2023-new-13gen-intel-core-i7-10-cores-w-rtx-4050-6gb-ddr6-144hz-display-black-gaming-laptop,"{'PC and Laptops', 'Laptops', 'Gaming PC and Laptops', 'Gaming'}"
https://compujordan.com/asus-rog-strix-g15-amd-r7-4800h-rtx-3050ti-4gb-ddr6-144hz-display-gaming-laptop,"{'PC and Laptops', 'Laptops', 'Gaming PC and Laptops', 'Gaming'}"
https://compujordan.com/lenovo-ideapad-gaming-3-12gen-intel-core-i5-12450h-12-cores-w-rtx-3050-120hz-display-gaming-laptop,"{'PC and Laptops', 'Laptops', 'Gaming PC and Laptops', 'Gaming'}"
https://compujordan.com/lenovo-ideapad-gaming-3-amd-r5-5600h-rtx-3050-2k-165hz-display-gaming-laptop,"{'PC and Laptops', 'Laptops', 'Gaming PC and Laptops', 'Gaming'}"
https://compujordan.com/lenovo-legion-5-12gen-intel-core-i7-12700h-rtx-3050ti-165hz-display-gaming-laptop,"{'PC and Laptops', 'Laptops', 'Gaming PC and Laptops', 'Gaming'}"
https://compujordan.com/lenovo-legion-5-12gen-intel-core-i7-12700h-rtx-3060-165hz-display-gaming-laptop,"{'PC and Laptops', 'Laptops', 'Gaming PC and Laptops', 'Gaming'}"
https://compujordan.com/asus-tuf-gaming-f15-core-i7-12th-rtx-3060-6gb-ddr6-144hz-2022-tuf-backpack-gaming-laptop,"{'PC and Laptops', 'Laptops', 'Gaming PC and Laptops', 'Gaming'}"
https://compujordan.com/lenovo-legion-5-i7-12700h-12th-gen-rtx-3050ti-2k-165hz-display-gaming-laptop,"{'PC and Laptops', 'Laptops', 'Gaming PC and Laptops', 'Gaming'}"
https://compujordan.com/lenovo-legion-5-i7-12700h-12th-gen-rtx-3060-2k-165hz-display-gaming-laptop,"{'PC and Laptops', 'Laptops', 'Gaming PC and Laptops', 'Gaming'}"
https://compujordan.com/lenovo-ideapad-gaming-3-12gen-intel-core-i7-12650h-rtx-3050ti-4gb-120hz-display-gaming-laptop,"{'PC and Laptops', 'Laptops', 'Gaming PC and Laptops', 'Gaming'}"
https://compujordan.com/lenovo-ideapad-gaming-3-12gen-intel-core-i7-12650h-rtx-3060-6gb-120hz-display-gaming-laptop,"{'PC and Laptops', 'Laptops', 'Gaming PC and Laptops', 'Gaming'}"
https://compujordan.com/asus-tuf-gaming-f15-core-i7-12th-generation-rtx-3050-4gb-ddr6-144hz-2022-tuf-backpack-gaming-laptop,"{'PC and Laptops', 'Laptops', 'Gaming PC and Laptops', 'Gaming'}"
https://compujordan.com/asus-tuf-gaming-a15-fa506icb-hn119-amd-ryzen-5-rtx3050-4gb-2022-new-gaming-laptop,"{'PC and Laptops', 'Laptops', 'Gaming PC and Laptops', 'Gaming'}"
https://compujordan.com/asus-tuf-gaming-a15-fa506icb-amd-ryzen-7-rtx3050-4gb-2022-new-gaming-laptop,"{'PC and Laptops', 'Laptops', 'Gaming PC and Laptops', 'Gaming'}"
https://compujordan.com/asus-tuf-gaming-a15-fa506icb-amd-ryzen-5-rtx3050-4gb-2022-new-gaming-laptop,"{'PC and Laptops', 'Laptops', 'Gaming PC and Laptops', 'Gaming'}"
https://compujordan.com/asus-tuf-a15-ryzen-5-4600h-gaming-laptop,"{'PC and Laptops', 'Laptops', 'Gaming PC and Laptops', 'Gaming'}"
https://compujordan.com/asus-tuf-gaming-f17-fx707zm-core-i7-12th-rtx3060-6gb-2022-new-gaming-laptop,"{'PC and Laptops', 'Laptops', 'Gaming PC and Laptops', 'Gaming'}"
https://compujordan.com/asus-tuf-gaming-f15-fx507zc-core-i7-12th-rtx3050-4gb-2022-new-gaming-laptop,"{'PC and Laptops', 'Laptops', 'Gaming PC and Laptops', 'Gaming'}"
https://compujordan.com/omen-by-hp-16-16-c0007ne-new-2021-amd-ryzen-9-5900hx-8-cores-w-rx-6600-144hz-gaming-laptop,"{'PC and Laptops', 'Laptops', 'Gaming PC and Laptops', 'Gaming'}"
https://compujordan.com/asus-rog-flow-x13-new-5gen-amd-ryzen-7-8-cores-w-rtx-3050ti-included-in-the-box-gv301-sleeve-bag-pen-gaming-laptop,"{'PC and Laptops', 'Laptops', 'Gaming PC and Laptops', 'Gaming'}"
https://compujordan.com/asus-tuf-gaming-f15-fx506hm-core-i7-11th-rtx3060-6gb-gaming-laptop,"{'PC and Laptops', 'Laptops', 'Gaming PC and Laptops', 'Gaming'}"
https://compujordan.com/lenovo-ideapad-gaming-3-2021-new-5gen-amd-ryzen-7-8-cores-w-rtx-3060-165hz-gaming-laptop,"{'PC and Laptops', 'Laptops', 'Gaming PC and Laptops', 'Gaming'}"
https://compujordan.com/omen-by-hp-16-c0011ne-amd-r7-5800h-rtx-3050ti-4gb-144hz-gaming-laptop,"{'PC and Laptops', 'Laptops', 'Gaming PC and Laptops', 'Gaming'}"
https://compujordan.com/asus-tuf-gaming-f15-fx506hcb-core-i7-11th-rtx3050-4gb-gaming-laptop,"{'PC and Laptops', 'Laptops', 'Gaming PC and Laptops', 'Gaming'}"
https://compujordan.com/lenovo-idea-pad-gaming-3-amd-r7-5800h-rtx-3050-4gb-gaming-laptop,"{'PC and Laptops', 'Laptops', 'Gaming PC and Laptops', 'Gaming'}"
https://compujordan.com/lenovo-legion-5-core-i7-10th-rtx3050-ti-4gb-gaming-laptop,"{'PC and Laptops', 'Laptops', 'Gaming PC and Laptops', 'Gaming'}"
https://compujordan.com/lenovo-idea-pad-gaming-3-core-i5-11th-w-rtx-3050ti-4gb-gaming-laptop,"{'PC and Laptops', 'Laptops', 'Gaming PC and Laptops', 'Gaming'}"
https://compujordan.com/lenovo-idea-pad-gaming-3-core-i7-11th-w-rtx-3050-4gb-gaming-laptop,"{'PC and Laptops', 'Laptops', 'Gaming PC and Laptops', 'Gaming'}"
https://compujordan.com/hp-15-dk1004ne-pavilion-core-i5-10300h-geforce-gtx-1650-4gb-gaming-laptop,"{'PC and Laptops', 'Laptops', 'Gaming PC and Laptops', 'Gaming'}"
https://compujordan.com/asus-tuf-gaming-fx506heb-core-i7-11th-gtx3050-ti-4gb-gaming-laptop,"{'PC and Laptops', 'Laptops', 'Gaming PC and Laptops', 'Gaming'}"
https://compujordan.com/asus-tuf-gaming-fx506hc-hn007-core-i7-11th-gtx3050-4gb-gaming-laptop,"{'PC and Laptops', 'Laptops', 'Gaming PC and Laptops', 'Gaming'}"
https://compujordan.com/asus-tuf-gaming-dash-fx516pc-11gen-core-i7-w-nvidia-rtx-3050-144hz-gaming-laptop,"{'PC and Laptops', 'Laptops', 'Gaming PC and Laptops', 'Gaming'}"
https://compujordan.com/msi-gf63-thin-core-i7-10th-gtx1650-ti-4gb-144hz-gaming-laptop,"{'PC and Laptops', 'Laptops', 'Gaming PC and Laptops', 'Gaming'}"
https://compujordan.com/hp-pavilion-15-dk2059ne-core-i7-11370h-geforce-rtx-3050-ti-4gb-gaming-laptop,"{'PC and Laptops', 'Laptops', 'Gaming PC and Laptops', 'Gaming'}"
https://compujordan.com/lenovo-legion-5-core-i7-11th-gtx3050-ti-4gb-165hz-gaming-laptop,"{'PC and Laptops', 'Laptops', 'Gaming PC and Laptops', 'Gaming'}"
https://compujordan.com/asus-tuf-gaming-a15-ryzen-7-4800h-rtx-2060-6gb-ddr6-144hz-fortress-gray-gaming-laptop,"{'PC and Laptops', 'Laptops', 'Gaming PC and Laptops', 'Gaming'}"
https://compujordan.com/asus-tuf-dash-f15-2021-11gen-core-i7-w-nvidia-rtx-3050ti-144hz-gaming-laptop,"{'PC and Laptops', 'Laptops', 'Gaming PC and Laptops', 'Gaming'}"
https://compujordan.com/omen-by-hp-15-ek1002ne-10gen-core-i7-8-cores-w-rtx-3070-144hz-gaming-laptop,"{'PC and Laptops', 'Laptops', 'Gaming PC and Laptops', 'Gaming'}"
https://compujordan.com/omen-by-hp-15-ek0000ne-new-2020-10gen-core-i7-w-rtx-2060-gaming-laptop,"{'PC and Laptops', 'Laptops', 'Gaming PC and Laptops', 'Gaming'}"
https://compujordan.com/asus-tuf-a15-intel-i7-10870h-bga-gaming-laptop,"{'PC and Laptops', 'Laptops', 'Gaming PC and Laptops', 'Gaming'}"
https://compujordan.com/asus-rog-flow-x13-ryzen-7-5800h-bga-gaming-laptop,"{'PC and Laptops', 'Laptops', 'Gaming PC and Laptops', 'Gaming'}"
https://compujordan.com/lenovo-legion-5-new-10gen-core-i7-6-cores-rtx-2060-144hz-gaming-laptop,"{'PC and Laptops', 'Laptops', 'Gaming PC and Laptops', 'Gaming'}"
https://compujordan.com/lenovo-thinkbook-15p-imh-core-i7-10750h-nvidia-gtx1650-4gb-gaming-laptop,"{'PC and Laptops', 'Laptops', 'Gaming PC and Laptops', 'Gaming'}"
https://compujordan.com/asus-rog-zephyrus-g14-md-ryzen-9-4900hs-gaming-laptop,"{'PC and Laptops', 'Laptops', 'Gaming PC and Laptops', 'Gaming'}"
https://compujordan.com/asus-tuf-a15-4gen-ryzen-7-4800h-1660ti-gaming-laptop,"{'PC and Laptops', 'Laptops', 'Gaming PC and Laptops', 'Gaming'}"
https://compujordan.com/asus-tuf-a15-4gen-ryzen-7-4800h-gaming-laptop,"{'PC and Laptops', 'Laptops', 'Gaming PC and Laptops', 'Gaming'}"
https://compujordan.com/acer-nitro-5-an515-55-75fr-gaming-laptop,"{'PC and Laptops', 'Laptops', 'Gaming PC and Laptops', 'Gaming'}"
https://compujordan.com/acer-nitro-5-an515-55-55hz-gaming-laptop,"{'PC and Laptops', 'Laptops', 'Gaming PC and Laptops', 'Gaming'}"
https://compujordan.com/asus-fx705dt-au018t-amd-r7-3750h-tuf-gaming-laptop,"{'PC and Laptops', 'Laptops', 'Gaming PC and Laptops', 'Gaming'}"
https://compujordan.com/acer-aspire-7-a715-72g-70kz,"{'PC and Laptops', 'Laptops', 'Gaming PC and Laptops', 'Gaming'}"
https://compujordan.com/asus-rog-strix-g-g531gt-core-i7-9750h-gtx-1660-6gb-gaming-laptop,"{'PC and Laptops', 'Laptops', 'Gaming PC and Laptops', 'Gaming'}"
https://compujordan.com/lenovo-legion-5-core-i7-10th-gtx1660-ti-6gb-144hz-gaming-laptop,"{'PC and Laptops', 'Laptops', 'Desktops', 'Gaming PC and Laptops', 'Gaming'}"
https://compujordan.com/omen-by-hp-15-dh1000ne-10th-core-i7-10750h-gaming-laptop,"{'PC and Laptops', 'Laptops', 'Desktops', 'Gaming PC and Laptops', 'Gaming'}"
https://compujordan.com/hp-pavilion-15-ec0003ne-gaming-laptop,"{'PC and Laptops', 'Laptops', 'Desktops', 'Gaming PC and Laptops', 'Gaming'}"
https://compujordan.com/hp-pavilion-15-dk1001ne-gaming-laptop,"{'PC and Laptops', 'Laptops', 'Desktops', 'Gaming PC and Laptops', 'Gaming'}"
https://compujordan.com/hp-pavilion-15-dk0014ne-gaming-laptop,"{'PC and Laptops', 'Laptops', 'Desktops', 'Gaming PC and Laptops', 'Gaming'}"
https://compujordan.com/asus-fx705du-h7106t-amd-r7-3750h-rgb-illuminated-chiclet-tuf-gaming-laptop,"{'PC and Laptops', 'Laptops', 'Desktops', 'Gaming PC and Laptops', 'Gaming'}"
https://compujordan.com/asus-fx505dv-al110t-amd-r7-3750h-rgb-chiclet-keyboard-tuf-gaming-laptop,"{'PC and Laptops', 'Laptops', 'Desktops', 'Gaming PC and Laptops', 'Gaming'}"
https://compujordan.com/hp-pavilion-gaming-15-dk0025ne-gtx-1650-laptop,"{'PC and Laptops', 'Laptops', 'Desktops', 'Gaming PC and Laptops', 'Gaming'}"
https://compujordan.com/omen-by-hp-15-dh0009ne-gaming-rtx-2060-laptop,"{'PC and Laptops', 'Laptops', 'Desktops', 'Gaming PC and Laptops', 'Gaming'}"
https://compujordan.com/hp-pavilion-gaming-15-ec0006ne-amd-ryzen-7-laptop,"{'PC and Laptops', 'Laptops', 'Desktops', 'Gaming PC and Laptops', 'Gaming'}"
https://compujordan.com/omen-by-hp-gaming-pc-875-1006ne,"{'PC and Laptops', 'Laptops', 'Desktops', 'Gaming PC and Laptops', 'Gaming'}"
https://compujordan.com/dell-inspiron-7577-ci7-core-i7-7700hq-3-8ghz-gaming-laptop,"{'PC and Laptops', 'Laptops', 'Desktops', 'Gaming PC and Laptops', 'Gaming'}"
https://compujordan.com/hp-pavilion-15-cx0012ne-gaming-laptop-core-i5-8300h-2-3ghz,"{'PC and Laptops', 'Laptops', 'Desktops', 'Gaming PC and Laptops', 'Gaming'}"
https://compujordan.com/hp-pavilion-gaming-15-ec0001ne-laptop,"{'PC and Laptops', 'Laptops', 'Desktops', 'Gaming PC and Laptops', 'Gaming'}"
https://compujordan.com/pc-pavilion-gaming-tg01-0001ne,"{'PC and Laptops', 'Laptops', 'Desktops', 'Gaming PC and Laptops', 'Gaming'}"
https://compujordan.com/levovo-legion-y540-15-laptop,"{'PC and Laptops', 'Laptops', 'Desktops', 'Gaming PC and Laptops', 'Gaming'}"
https://compujordan.com/acer-predator-g3-7gen-intel-core-i7-7700hq-laptop,"{'PC and Laptops', 'Laptops', 'Desktops', 'Gaming PC and Laptops', 'Gaming'}"
https://compujordan.com/rampage-powerintel-core-i5-9600k-oc-edition,"{'PC and Laptops', 'Laptops', 'Desktops', 'Gaming PC and Laptops', 'Gaming'}"
https://compujordan.com/rampage-power-amd-ryzen-5x-oc-edition,"{'PC and Laptops', 'Laptops', 'Gaming PC and Laptops', 'Gaming'}"
https://compujordan.com/omen-by-hp-15-dc1002ne-gaming-laptop-rtx-2060,"{'PC and Laptops', 'Laptops', 'Gaming PC and Laptops', 'Gaming'}"
https://compujordan.com/omen-by-hp-15-dc0012ne-gaming-laptop-gtx-1050-ti,"{'PC and Laptops', 'Laptops', 'Gaming PC and Laptops', 'Gaming'}"
https://compujordan.com/lenovo-ideapad-l340-gaming-laptop-core-i7-9gen-w-gtx-1650-16gb,"{'PC and Laptops', 'Laptops', 'Gaming PC and Laptops', 'Gaming'}"
https://compujordan.com/lenovo-legion-y530-8gen-core-i7-8750h-gtx-1050-ti-gaming-laptop,"{'PC and Laptops', 'Laptops', 'Gaming PC and Laptops', 'Gaming'}"
https://compujordan.com/hp-pavilion-15-cx0009ne-gaming-laptop-8gen-i7-w-gtx-1050-ti,"{'PC and Laptops', 'Laptops', 'Gaming PC and Laptops', 'Gaming'}"
https://compujordan.com/hp-omen-15-x-17-an100ne-8gen-intel-core-i7-8750h-laptop,"{'PC and Laptops', 'Laptops', 'Gaming PC and Laptops', 'Gaming'}"
https://compujordan.com/logitech-g735-lightspeed-wireless-gaming-headset-white,"{'Audio', 'Computer Hardware', 'Gaming Accessories', 'Gaming', 'Computer Accessories'}"
https://compujordan.com/logitech-g-pro-x-60-lightspeed-wireless-gaming-keyboard-white,"{'Audio', 'Computer Hardware', 'Gaming Accessories', 'Gaming', 'Computer Accessories'}"
https://compujordan.com/logitech-g-pro-x-superlight-2-se-lightspeed-wireless-gaming-mouse-white,"{'Audio', 'Computer Hardware', 'Gaming Accessories', 'Gaming', 'Computer Accessories'}"
https://compujordan.com/logitech-g321-lightspeed-wireless-gaming-headset-white,"{'Audio', 'Computer Hardware', 'Gaming Accessories', 'Gaming', 'Computer Accessories'}"
https://compujordan.com/logitech-astro-gaming-a10-gen-2-wired-gaming-headset-white,"{'Audio', 'Computer Hardware', 'Gaming Accessories', 'Gaming', 'Computer Accessories'}"
https://compujordan.com/logitech-g-pro-2-lightspeed-wireless-gaming-mouse,"{'Audio', 'Computer Hardware', 'Gaming Accessories', 'Gaming', 'Computer Accessories'}"
https://compujordan.com/logitech-g-pro-x-2-lightspeed-wireless-gaming-headset-detachable-mic-white,"{'Audio', 'Computer Hardware', 'Gaming Accessories', 'Gaming', 'Computer Accessories'}"
https://compujordan.com/logitech-g-pro-x-superlight-2-dex-wireless-gaming-mouse-44k-dpi-8k-polling-black,"{'Audio', 'Computer Hardware', 'Gaming Accessories', 'Gaming', 'Computer Accessories'}"
https://compujordan.com/logitech-g-pro-x-60-lightspeed-wireless-keyboard-gx-tactile-optical-bluetooth-usb-c-black,"{'Audio', 'Computer Hardware', 'Gaming Accessories', 'Gaming', 'Computer Accessories'}"
https://compujordan.com/logitech-powerplay-2-wireless-charging-system-mousepad-black,"{'Audio', 'Computer Hardware', 'Gaming Accessories', 'Gaming', 'Computer Accessories'}"
https://compujordan.com/havit-h2038u-usb-7-1-rgb-gaming-headset,"{'Audio', 'Computer Hardware', 'Gaming Accessories', 'Gaming', 'Computer Accessories'}"
https://compujordan.com/havit-h2016d-rgb-wired-gaming-headset,"{'Audio', 'Computer Hardware', 'Gaming Accessories', 'Gaming', 'Computer Accessories'}"
https://compujordan.com/havit-h2015e-3-5mm-wired-gaming-headset,"{'Audio', 'Computer Hardware', 'Gaming Accessories', 'Gaming', 'Computer Accessories'}"
https://compujordan.com/havit-h2002u-pro-gradient-usb-gaming-headset,"{'Audio', 'Computer Hardware', 'Gaming Accessories', 'Gaming', 'Computer Accessories'}"
https://compujordan.com/havit-h2002r-usb-gaming-headset-black-ochre,"{'Audio', 'Computer Hardware', 'Gaming Accessories', 'Gaming', 'Computer Accessories'}"
https://compujordan.com/havit-gk65-portable-rgb-condenser-microphone,"{'Audio', 'Computer Hardware', 'Gaming Accessories', 'Gaming', 'Computer Accessories'}"
https://compujordan.com/havit-gamenote-gk50-pro-blk-rgb-gaming-microphone-black-edition,"{'Audio', 'Computer Hardware', 'Gaming Accessories', 'Gaming', 'Computer Accessories'}"
https://compujordan.com/havit-fuxi-h5d-3-5mm-wired-gaming-headset,"{'Audio', 'Computer Hardware', 'Gaming Accessories', 'Gaming', 'Computer Accessories'}"
https://compujordan.com/havit-fuxi-h3-low-latency-quad-mode-gaming-headset,"{'Audio', 'Computer Hardware', 'Gaming Accessories', 'Gaming', 'Computer Accessories'}"
https://compujordan.com/havit-fuxi-h8-open-headphone-stereo-gaming-headset,"{'Audio', 'Computer Hardware', 'Gaming Accessories', 'Gaming', 'Computer Accessories'}"
https://compujordan.com/havit-ms973wb-tri-mode-rgb-wireless-gaming-mouse-black,"{'Audio', 'Computer Hardware', 'Gaming Accessories', 'Gaming', 'Computer Accessories'}"
https://compujordan.com/havit-ms971wb-wht-tri-mode-wireless-gaming-mouse,"{'Audio', 'Computer Hardware', 'Gaming Accessories', 'Gaming', 'Computer Accessories'}"
https://compujordan.com/havit-ms969wb-tri-mode-rgb-gaming-mouse-vks-keyd-edition,"{'Audio', 'Computer Hardware', 'Gaming Accessories', 'Gaming', 'Computer Accessories'}"
https://compujordan.com/havit-ms1039w-dual-mode-wireless-gaming-mouse,"{'Audio', 'Computer Hardware', 'Gaming Accessories', 'Gaming', 'Computer Accessories'}"
https://compujordan.com/havit-h2002e-br-pro-wired-gaming-headset,"{'Audio', 'Computer Hardware', 'Gaming Accessories', 'Gaming', 'Computer Accessories'}"
https://compujordan.com/havit-ms1020wb-tri-mode-wireless-gaming-mouse,"{'Audio', 'Computer Hardware', 'Gaming Accessories', 'Gaming', 'Computer Accessories'}"
https://compujordan.com/havit-ms1001s-v2-rgb-gaming-mouse,"{'Audio', 'Computer Hardware', 'Gaming Accessories', 'Gaming', 'Computer Accessories'}"
https://compujordan.com/havit-hv-mp843-gaming-mouse-pad,"{'Audio', 'Computer Hardware', 'Gaming Accessories', 'Gaming', 'Computer Accessories'}"
https://compujordan.com/havit-hv-mp837-gamenote-gaming-mouse-pad,"{'Audio', 'Computer Hardware', 'Gaming Accessories', 'Gaming', 'Computer Accessories'}"
https://compujordan.com/havit-hv-mp830-magic-eagle-large-professional-gaming-mouse-pad,"{'Audio', 'Computer Hardware', 'Gaming Accessories', 'Gaming', 'Computer Accessories'}"
https://compujordan.com/logitech-g-pro-x-superlight-2-se-wireless-gaming-mouse-usb-c-lightforce-hybrid-switches-black,"{'Audio', 'Computer Hardware', 'Gaming Accessories', 'Gaming', 'Computer Accessories'}"
https://compujordan.com/logitech-g-pro-x-superlight-2-wireless-gaming-mouse-usb-c-2khz-polling-lightforce-switches-black,"{'Audio', 'Computer Hardware', 'Gaming Accessories', 'Gaming', 'Computer Accessories'}"
https://compujordan.com/jbl-tune-530bt-wireless-on-ear-headphones-pure-bass-sound-57h-battery-fast-charge,"{'Audio', 'Computer Hardware', 'Gaming Accessories', 'Gaming', 'Computer Accessories'}"
https://compujordan.com/jbl-tune-730bt-wireless-over-ear-headphones-pure-bass-sound-60h-battery-beige,"{'Audio', 'Computer Hardware', 'Gaming Accessories', 'Gaming', 'Computer Accessories'}"
https://compujordan.com/jbl-tune-780nc-wireless-over-ear-headphones-active-noise-cancelling-pure-bass-beige,"{'Audio', 'Computer Hardware', 'Gaming Accessories', 'Gaming', 'Computer Accessories'}"
https://compujordan.com/jbl-tune-780nc-wireless-over-ear-headphones-active-noise-cancelling-pure-bass-sound-white,"{'Audio', 'Computer Hardware', 'Gaming Accessories', 'Gaming', 'Computer Accessories'}"
https://compujordan.com/skullcandy-grom-kids-wireless-headphones,"{'Audio', 'Computer Hardware', 'Gaming Accessories', 'Gaming', 'Computer Accessories'}"
https://compujordan.com/skullcandy-hesh-540-anc-wireless-over-ear-headphones-bone,"{'Audio', 'Computer Hardware', 'Gaming Accessories', 'Gaming', 'Computer Accessories'}"
https://compujordan.com/skullcandy-hesh-540-anc-wireless-over-ear-headphones-black,"{'Audio', 'Computer Hardware', 'Gaming Accessories', 'Gaming', 'Computer Accessories'}"
https://compujordan.com/skullcandy-crusher-540-active-wireless-headphones,"{'Audio', 'Computer Hardware', 'Gaming Accessories', 'Gaming', 'Computer Accessories'}"
https://compujordan.com/skullcandy-hesh-anc-wireless-noise-canceling-over-ear-headphones-mod-white,"{'Audio', 'Computer Hardware', 'Gaming Accessories', 'Gaming', 'Computer Accessories'}"
https://compujordan.com/skullcandy-hesh-anc-wireless-noise-canceling-over-ear-headphones-black,"{'Audio', 'Computer Hardware', 'Gaming Accessories', 'Gaming', 'Computer Accessories'}"
https://compujordan.com/skullcandy-riff-2-wireless-on-ear-headphones,"{'Audio', 'Computer Hardware', 'Gaming Accessories', 'Gaming', 'Computer Accessories'}"
https://compujordan.com/skullcandy-slyr-pro-wired-gaming-headset-black,"{'Audio', 'Computer Hardware', 'Gaming Accessories', 'Gaming', 'Computer Accessories'}"
https://compujordan.com/skullcandy-slyr-pro-wireless-gaming-headset-playstation,"{'Audio', 'Computer Hardware', 'Gaming Accessories', 'Gaming', 'Computer Accessories'}"
https://compujordan.com/skullcandy-crusher-evo-wireless-headphones-chill-grey,"{'Audio', 'Computer Hardware', 'Gaming Accessories', 'Gaming', 'Computer Accessories'}"
https://compujordan.com/skullcandy-crusher-anc-2-wireless-headphones-black,"{'Audio', 'Computer Hardware', 'Gaming Accessories', 'Gaming', 'Computer Accessories'}"
https://compujordan.com/skullcandy-crusher-anc-2-wireless-headphones-primer,"{'Audio', 'Computer Hardware', 'Gaming Accessories', 'Gaming', 'Computer Accessories'}"
https://compujordan.com/skullcandy-crusher-evo-wireless-headphones-black,"{'Audio', 'Computer Hardware', 'Gaming Accessories', 'Gaming', 'Computer Accessories'}"
https://compujordan.com/skullcandy-crusher-evo-wireless-headphones-primer,"{'Audio', 'Computer Hardware', 'Gaming Accessories', 'Gaming', 'Computer Accessories'}"
https://compujordan.com/logitech-mx-master-4-performance-wireless-mouse-pale-gray,"{'Audio', 'Computer Hardware', 'Gaming Accessories', 'Gaming', 'Computer Accessories'}"
https://compujordan.com/jbl-quantum-100-m2-wired-gaming-headset-purple,"{'Audio', 'Computer Hardware', 'Gaming Accessories', 'Gaming', 'Computer Accessories'}"
https://compujordan.com/logitech-g-yeti-orb-rgb-gaming-microphone-lightsync-rgb-usb-plug-play-black,"{'Audio', 'Computer Hardware', 'Gaming Accessories', 'Gaming', 'Computer Accessories'}"
https://compujordan.com/logitech-mx-anywhere-3s-compact-wireless-mouse-pale-grey-8k-dpi-fast-scrolling-bluetooth-usb-c,"{'Audio', 'Computer Hardware', 'Gaming Accessories', 'Gaming', 'Computer Accessories'}"
https://compujordan.com/logitech-g309-lightspeed-wireless-gaming-mouse-lightweight-lightforce-hybrid-switches-hero-25k-sensor-buttons-pc-mac-white,"{'Audio', 'Computer Hardware', 'Gaming Accessories', 'Gaming', 'Computer Accessories'}"
https://compujordan.com/logitech-g203-lightsync-rgb-wired-gaming-mouse-8-000-dpi-rainbow-optical-effect-black,"{'Audio', 'Computer Hardware', 'Gaming Accessories', 'Gaming', 'Computer Accessories'}"
https://compujordan.com/logitech-g502-hero-25k-high-performance-lightsync-rgb-wired-gaming-mouse,"{'Audio', 'Computer Hardware', 'Gaming Accessories', 'Gaming', 'Computer Accessories'}"
https://compujordan.com/logitech-g915-x-lightspeed-tkl-wireless-gaming-keyboard-black,"{'Audio', 'Computer Hardware', 'Gaming Accessories', 'Gaming', 'Computer Accessories'}"
https://compujordan.com/logitech-g515-lightspeed-tkl-wireless-gaming-keyboard-black,"{'Audio', 'Computer Hardware', 'Gaming Accessories', 'Gaming', 'Computer Accessories'}"
https://compujordan.com/logitech-g309-lightspeed-wireless-gaming-mouse-black,"{'Audio', 'Computer Hardware', 'Gaming Accessories', 'Gaming', 'Computer Accessories'}"
https://compujordan.com/logitech-g-g515-tkl-wired-ultra-slim-gaming-keyboard,"{'Audio', 'Computer Hardware', 'Gaming Accessories', 'Gaming', 'Computer Accessories'}"
https://compujordan.com/logitech-g335-wired-gaming-headset-with-flip-to-mute-microphone-white,"{'Audio', 'Computer Hardware', 'Gaming Accessories', 'Gaming', 'Computer Accessories'}"
https://compujordan.com/havit-fuxi-h5d-3-5mm-gaming-headphones-black-red,"{'Audio', 'Computer Hardware', 'Gaming Accessories', 'Gaming', 'Computer Accessories'}"
https://compujordan.com/havit-h630bt-pro-bk-anc-wireless-foldable-headphones-black,"{'Audio', 'Computer Hardware', 'Gaming Accessories', 'Gaming', 'Computer Accessories'}"
https://compujordan.com/havit-h2230d-wg-gaming-headphones-white-gray,"{'Audio', 'Computer Hardware', 'Gaming Accessories', 'Gaming', 'Computer Accessories'}"
https://compujordan.com/havit-gamenote-h2033d-gaming-headphones-white-black,"{'Audio', 'Computer Hardware', 'Gaming Accessories', 'Gaming', 'Computer Accessories'}"
https://compujordan.com/havit-h2002d-gamenote-gaming-headphones-white-purple,"{'Audio', 'Computer Hardware', 'Gaming Accessories', 'Gaming', 'Computer Accessories'}"
https://compujordan.com/jbl-quantum-100-custom-wired-gaming-headset-black,"{'Audio', 'Computer Hardware', 'Gaming Accessories', 'Gaming', 'Computer Accessories'}"
https://compujordan.com/logitech-g-pro-x-superlight-2-lightspeed-wireless-gaming-mouse-black,"{'Audio', 'Computer Hardware', 'Gaming Accessories', 'Gaming', 'Computer Accessories'}"
https://compujordan.com/logitech-g733-lightspeed-wireless-rgb-gaming-headset-ultra-lightweight-wireless-gaming-headset-white,"{'Audio', 'Computer Hardware', 'Gaming Accessories', 'Gaming', 'Computer Accessories'}"
https://compujordan.com/havit-mp861-gaming-mousepad,"{'Audio', 'Computer Hardware', 'Gaming Accessories', 'Gaming', 'Computer Accessories'}"
https://compujordan.com/havit-mp860-gaming-mousepad,"{'Audio', 'Computer Hardware', 'Gaming Accessories', 'Gaming', 'Computer Accessories'}"
https://compujordan.com/havit-mp839-gaming-mousepad,"{'Audio', 'Computer Hardware', 'Gaming Accessories', 'Gaming', 'Computer Accessories'}"
https://compujordan.com/havit-mp838-gamenote-gaming-mousepad,"{'Audio', 'Computer Hardware', 'Gaming Accessories', 'Gaming', 'Computer Accessories'}"
https://compujordan.com/havit-mp837-gaming-mousepad,"{'Audio', 'Computer Hardware', 'Gaming Accessories', 'Gaming', 'Computer Accessories'}"
https://compujordan.com/havit-kb488l-multi-function-backlit-keyboard,"{'Audio', 'Computer Hardware', 'Gaming Accessories', 'Gaming', 'Computer Accessories'}"
https://compujordan.com/havit-i62-wireless-headphones,"{'Audio', 'Computer Hardware', 'Gaming Accessories', 'Gaming', 'Computer Accessories'}"
https://compujordan.com/havit-h655bt-pro-anc-wireless-over-ear-noise-cancelling-headphones,"{'Audio', 'Computer Hardware', 'Gaming Accessories', 'Gaming', 'Computer Accessories'}"
https://compujordan.com/havit-h655bt-low-latency-wireless-headphones,"{'Audio', 'Computer Hardware', 'Gaming Accessories', 'Gaming', 'Computer Accessories'}"
https://compujordan.com/havit-h628bt-wireless-foldable-headphone-adjustable,"{'Audio', 'Computer Hardware', 'Gaming Accessories', 'Gaming', 'Computer Accessories'}"
https://compujordan.com/havit-h2590bt-pro-wireless-headphone,"{'Audio', 'Computer Hardware', 'Gaming Accessories', 'Gaming', 'Computer Accessories'}"
https://compujordan.com/havit-h2233d-rgb-cat-ear-headphones-gaming-headset,"{'Audio', 'Computer Hardware', 'Gaming Accessories', 'Gaming', 'Computer Accessories'}"
https://compujordan.com/havit-h2232d-gaming-headset,"{'Audio', 'Computer Hardware', 'Gaming Accessories', 'Gaming', 'Computer Accessories'}"
https://compujordan.com/havit-h2039bg-gaming-headset-wireless-black,"{'Audio', 'Computer Hardware', 'Gaming Accessories', 'Gaming', 'Computer Accessories'}"
https://compujordan.com/havit-gamenote-h2033d-gaming-headphones,"{'Audio', 'Computer Hardware', 'Gaming Accessories', 'Gaming', 'Computer Accessories'}"
https://compujordan.com/havit-h2008d-gaming-headphone-3-5mm-surround-sound,"{'Audio', 'Computer Hardware', 'Gaming Accessories', 'Gaming', 'Computer Accessories'}"
https://compujordan.com/havit-h2007u-gaming-headphone-usb-7-1-surround-sound,"{'Audio', 'Computer Hardware', 'Gaming Accessories', 'Gaming', 'Computer Accessories'}"
https://compujordan.com/havit-h2002p-gaming-headset,"{'Audio', 'Computer Hardware', 'Gaming Accessories', 'Gaming', 'Computer Accessories'}"
https://compujordan.com/havit-h2002e-gamenote-gaming-headphones,"{'Audio', 'Computer Hardware', 'Gaming Accessories', 'Gaming', 'Computer Accessories'}"
https://compujordan.com/havit-gc939-gaming-chair,"{'Audio', 'Computer Hardware', 'Gaming Accessories', 'Gaming', 'Computer Accessories'}"
https://compujordan.com/havit-gc932-gaming-chair,"{'Audio', 'Computer Hardware', 'Gaming Accessories', 'Gaming', 'Computer Accessories'}"
https://compujordan.com/havit-gc927-gaming-chair,"{'Audio', 'Computer Hardware', 'Gaming Accessories', 'Gaming', 'Computer Accessories'}"
https://compujordan.com/havit-h2002d-gaming-headphone,"{'Audio', 'Computer Hardware', 'Gaming Accessories', 'Gaming', 'Computer Accessories'}"
https://compujordan.com/havit-h100d-wired-portable-folding-headphone,"{'Audio', 'Computer Hardware', 'Gaming Accessories', 'Gaming', 'Computer Accessories'}"
https://compujordan.com/havit-gk61-recording-live-microphone,"{'Audio', 'Computer Hardware', 'Gaming Accessories', 'Gaming', 'Computer Accessories'}"
https://compujordan.com/havit-gk52-microphone-recording-live-microphone,"{'Audio', 'Computer Hardware', 'Gaming Accessories', 'Gaming', 'Computer Accessories'}"
https://compujordan.com/havit-gamenote-ms969wb-tri-mode-gaming-mouse,"{'Audio', 'Computer Hardware', 'Gaming Accessories', 'Gaming', 'Computer Accessories'}"
https://compujordan.com/havit-gamenote-ms963wb-tri-mode-gaming-mouse,"{'Audio', 'Computer Hardware', 'Gaming Accessories', 'Gaming', 'Computer Accessories'}"
https://compujordan.com/havit-ms959s-coloful-mouse-led-backlight-optical-computer-wired-rgb-gaming-mouse-gamer,"{'Audio', 'Computer Hardware', 'Gaming Accessories', 'Gaming', 'Computer Accessories'}"
https://compujordan.com/havit-ms900-rgb-backlit-programmable-gaming-mouse,"{'Audio', 'Computer Hardware', 'Gaming Accessories', 'Gaming', 'Computer Accessories'}"
https://compujordan.com/havit-gamenote-ms1030-rgb-backlit-gaming-mouse,"{'Audio', 'Computer Hardware', 'Gaming Accessories', 'Gaming', 'Computer Accessories'}"
https://compujordan.com/havit-ms1029-gaming-mouse,"{'Audio', 'Computer Hardware', 'Gaming Accessories', 'Gaming', 'Computer Accessories'}"
https://compujordan.com/havit-ms1027-gaming-mouse,"{'Audio', 'Computer Hardware', 'Gaming Accessories', 'Gaming', 'Computer Accessories'}"
https://compujordan.com/havit-g180bt-high-precision-wired-game-pad,"{'Audio', 'Computer Hardware', 'Gaming Accessories', 'Gaming', 'Computer Accessories'}"
https://compujordan.com/havit-g158bt-pro-high-precision-wired-game-pad,"{'Audio', 'Computer Hardware', 'Gaming Accessories', 'Gaming', 'Computer Accessories'}"
https://compujordan.com/havit-fuxi-h3-gamenote-wireless-quad-mode-gaming-headphones,"{'Audio', 'Computer Hardware', 'Gaming Accessories', 'Gaming', 'Computer Accessories'}"
https://compujordan.com/logitech-g-pro-x-2-lightspeed-wireless-gaming-headset,"{'Audio', 'Computer Hardware', 'Gaming Accessories', 'Gaming', 'Computer Accessories'}"
https://compujordan.com/logitech-g-pro-x-tkl-wireless-gaming-keyboard,"{'Audio', 'Computer Hardware', 'Gaming Accessories', 'Gaming', 'Computer Accessories'}"
https://compujordan.com/lenovo-150-wireless-compact-mouse,"{'Audio', 'Computer Hardware', 'Gaming Accessories', 'Gaming', 'Computer Accessories'}"
https://compujordan.com/logitech-g335-wired-gaming-headset,"{'Audio', 'Computer Hardware', 'Gaming Accessories', 'Gaming', 'Computer Accessories'}"
https://compujordan.com/steelseries-apex-3-tkl,"{'Audio', 'Computer Hardware', 'Gaming Accessories', 'Gaming', 'Computer Accessories'}"
https://compujordan.com/meetion-mt-pd015-gaming-mouse-pad-black,"{'Audio', 'Computer Hardware', 'Gaming Accessories', 'Gaming', 'Computer Accessories'}"
https://compujordan.com/logitech-gaming-mouse-pad-g440-new-edition,"{'Audio', 'Computer Hardware', 'Gaming Accessories', 'Gaming', 'Computer Accessories'}"
https://compujordan.com/fantech-vigil-mp456-gaming-mouse-pad,"{'Audio', 'Computer Hardware', 'Gaming Accessories', 'Gaming', 'Computer Accessories'}"
https://compujordan.com/fantech-vigil-mp356-gaming-mouse-pad,"{'Audio', 'Computer Hardware', 'Gaming Accessories', 'Gaming', 'Computer Accessories'}"
https://compujordan.com/logitech-g705-lightspeed-bluetooth-wireless-gaming-mouse,"{'Audio', 'Computer Hardware', 'Gaming Accessories', 'Gaming', 'Computer Accessories'}"
https://compujordan.com/logitech-g502-x-plus-lightspeed-wireless-optical-mouse-with-lightforce-hybrid-switches-lightsync-rgb-hero-25k-gaming-sensor-compatible-with-pc-macos-windows,"{'Audio', 'Computer Hardware', 'Gaming Accessories', 'Gaming', 'Computer Accessories'}"
https://compujordan.com/tic-top-wall-mounted-drop-down-table,"{'Audio', 'Computer Hardware', 'Gaming Accessories', 'Gaming', 'Computer Accessories'}"
https://compujordan.com/razer-blackwidow-v3-keyboard-mech-greenswitch-us-qtz,"{'Audio', 'Computer Hardware', 'Gaming Accessories', 'Gaming', 'Computer Accessories'}"
https://compujordan.com/logitech-g733-lightspeed-wireless-gaming-headset-with-suspension-headband-lightsync-rgb-lilac,"{'Audio', 'Computer Hardware', 'Gaming Accessories', 'Gaming', 'Computer Accessories'}"
https://compujordan.com/deepcool-rgb-200-ex-colour-led-strip-magnetic-lighting-kit,"{'Audio', 'Computer Hardware', 'Gaming Accessories', 'Gaming', 'Computer Accessories'}"
https://compujordan.com/creative-gh0320-blaze-w-detachable-noise-canceling-mic-inline-remote,"{'Audio', 'Computer Hardware', 'Gaming Accessories', 'Gaming', 'Computer Accessories'}"
https://compujordan.com/fantech-leviosa-mcx01-professional-condenser-microphone,"{'Audio', 'Computer Hardware', 'Gaming Accessories', 'Gaming', 'Computer Accessories'}"
https://compujordan.com/logitech-pro-x-lightspeed-with-blue-mic-technology-gaming-headset,"{'Audio', 'Computer Hardware', 'Gaming Accessories', 'Gaming', 'Computer Accessories'}"
https://compujordan.com/steelseries-qck-prism-cloth-3xl,"{'Audio', 'Computer Hardware', 'Gaming Accessories', 'Gaming', 'Computer Accessories'}"
https://compujordan.com/steelseries-rival-3-wireless,"{'Audio', 'Computer Hardware', 'Gaming Accessories', 'Gaming', 'Computer Accessories'}"
https://compujordan.com/g502-lightspeed-wireless-gaming-mouse,"{'Audio', 'Computer Hardware', 'Gaming Accessories', 'Gaming', 'Computer Accessories'}"
https://compujordan.com/steelseries-sensei-ten-neon-rider-edition,"{'Audio', 'Computer Hardware', 'Gaming Accessories', 'Gaming', 'Computer Accessories'}"
https://compujordan.com/logitech-gaming-mouse-pad-g240,"{'Audio', 'Computer Hardware', 'Gaming Accessories', 'Gaming', 'Computer Accessories'}"
https://compujordan.com/logitech-g-pro-mechanical-gaming-keyboard-black-us-int,"{'Audio', 'Computer Hardware', 'Gaming Accessories', 'Gaming', 'Computer Accessories'}"
https://compujordan.com/steelseries-qck-prism-2-surfaces,"{'Audio', 'Computer Hardware', 'Gaming Accessories', 'Gaming', 'Computer Accessories'}"
https://compujordan.com/steelseries-rival-3-gaming-mouse,"{'Audio', 'Computer Hardware', 'Gaming Accessories', 'Gaming', 'Computer Accessories'}"
https://compujordan.com/steelseries-arctis-pro-black,"{'Audio', 'Computer Hardware', 'Gaming Accessories', 'Gaming', 'Computer Accessories'}"
https://compujordan.com/steelseries-qck-pubg-edition,"{'Audio', 'Computer Hardware', 'Gaming Accessories', 'Gaming', 'Computer Accessories'}"
https://compujordan.com/meetion-hp-030-gaming-headset,"{'Audio', 'Computer Hardware', 'Gaming Accessories', 'Gaming', 'Computer Accessories'}"
https://compujordan.com/meetion-mt-m915-gaming-mouse,"{'Audio', 'Computer Hardware', 'Gaming Accessories', 'Gaming', 'Computer Accessories'}"
https://compujordan.com/meetion-gm22-gaming-mouse,"{'Audio', 'Computer Hardware', 'Gaming Accessories', 'Gaming', 'Computer Accessories'}"
https://compujordan.com/meetion-gm21-gaming-mouse,"{'Audio', 'Computer Hardware', 'Gaming Accessories', 'Gaming', 'Computer Accessories'}"
https://compujordan.com/meetion-gm30-gaming-mouse,"{'Audio', 'Computer Hardware', 'Gaming Accessories', 'Gaming', 'Computer Accessories'}"
https://compujordan.com/meetion-gm80-gaming-mouse,"{'Audio', 'Computer Hardware', 'Gaming Accessories', 'Gaming', 'Computer Accessories'}"
https://compujordan.com/meetion-mt-gm20-gaming-mouse,"{'Audio', 'Computer Hardware', 'Gaming Accessories', 'Gaming', 'Computer Accessories'}"
https://compujordan.com/corsair-strafe-gaming-keyboard,"{'Audio', 'Computer Hardware', 'Gaming Accessories', 'Gaming', 'Computer Accessories'}"
https://compujordan.com/corsair-mm1000-qi-gaming-wireless-charging-mouse-pad,"{'Audio', 'Computer Hardware', 'Gaming Accessories', 'Gaming', 'Computer Accessories'}"
https://compujordan.com/corsair-katar-gaming-mouse,"{'Audio', 'Computer Hardware', 'Gaming Accessories', 'Gaming', 'Computer Accessories'}"
https://compujordan.com/msi-vigor-gk80-gaming-mouse,"{'Audio', 'Computer Hardware', 'Gaming Accessories', 'Gaming', 'Computer Accessories'}"
https://compujordan.com/delux-m522-gaming-mouse,"{'Audio', 'Computer Hardware', 'Gaming Accessories', 'Gaming', 'Computer Accessories'}"
https://compujordan.com/delux-m625bu-gaming-mouse,"{'Audio', 'Computer Hardware', 'Gaming Accessories', 'Gaming', 'Computer Accessories'}"
https://compujordan.com/delux-m627s-gaming-mouse,"{'Audio', 'Computer Hardware', 'Gaming Accessories', 'Gaming', 'Computer Accessories'}"
https://compujordan.com/logitech-g522-lightspeed-wireless-gaming-headset-white,"{'Audio', 'Computer Hardware', 'Gaming Accessories', 'Gaming', 'Computer Accessories'}"
https://compujordan.com/logitech-g-pro-x-60-lightspeed-wireless-gaming-keyboard-magenta,"{'Audio', 'Computer Hardware', 'Gaming Accessories', 'Gaming', 'Computer Accessories'}"
https://compujordan.com/logitech-desk-mat-studio-series-mid-grey,"{'Audio', 'Computer Hardware', 'Gaming Accessories', 'Gaming', 'Computer Accessories'}"
https://compujordan.com/logitech-astro-gaming-a10-gen-2-challenger-edition-wired-gaming-headset-black,"{'Audio', 'Computer Hardware', 'Gaming Accessories', 'Gaming', 'Computer Accessories'}"
https://compujordan.com/logitech-astro-gaming-a10-gen-2-challenger-edition-wired-gaming-headset-white,"{'Audio', 'Computer Hardware', 'Gaming Accessories', 'Gaming', 'Computer Accessories'}"
https://compujordan.com/logitech-astro-gaming-a10-gen-2-wired-gaming-headset-black,"{'Audio', 'Computer Hardware', 'Gaming Accessories', 'Gaming', 'Computer Accessories'}"
https://compujordan.com/logitech-g522-lightspeed-wireless-gaming-headset-lightsync-rgb-bluetooth-black,"{'Audio', 'Computer Hardware', 'Gaming Accessories', 'Gaming', 'Computer Accessories'}"
https://compujordan.com/jbl-tune-730bt-wireless-over-ear-headphones-pure-bass-sound-60h-battery-black,"{'Audio', 'Computer Hardware', 'Gaming Accessories', 'Gaming', 'Computer Accessories'}"
https://compujordan.com/jbl-tune-520bt-wireless-headphones-white,"{'Audio', 'Computer Hardware', 'Gaming Accessories', 'Gaming', 'Computer Accessories'}"
https://compujordan.com/logitech-g915-x-lightspeed-tkl-wireless-gaming-keyboard-white,"{'Audio', 'Computer Hardware', 'Gaming Accessories', 'Gaming', 'Computer Accessories'}"
https://compujordan.com/logitech-astro-a50-x-lightspeed-wireless-gaming-headset-hdmi-2-1-passthru-base-station,"{'Audio', 'Computer Hardware', 'Gaming Accessories', 'Gaming', 'Computer Accessories'}"
https://compujordan.com/jbl-quantum-350-wireless-gaming-headset,"{'Audio', 'Computer Hardware', 'Gaming Accessories', 'Gaming', 'Computer Accessories'}"
https://compujordan.com/jbl-tour-one-m3-smart-tx-headphones-blue,"{'Audio', 'Computer Hardware', 'Gaming Accessories', 'Gaming', 'Computer Accessories'}"
https://compujordan.com/jbl-tour-one-m3-smart-tx-wireless-over-ear-headphones-black,"{'Audio', 'Computer Hardware', 'Gaming Accessories', 'Gaming', 'Computer Accessories'}"
https://compujordan.com/jbl-quantum-one-usb-wired-professional-gaming-headset-black,"{'Audio', 'Computer Hardware', 'Gaming Accessories', 'Gaming'}"
https://compujordan.com/jbl-tune-770nc-adaptive-noise-cancelling-wireless-headphones-purple,"{'Audio', 'Computer Hardware', 'Gaming Accessories', 'Gaming'}"
https://compujordan.com/jbl-tune-770nc-adaptive-noise-cancelling-wireless-headphones-white,"{'Audio', 'Computer Hardware', 'Gaming Accessories', 'Gaming'}"
https://compujordan.com/jbl-tune-770nc-adaptive-noise-cancelling-wireless-headphones-blue,"{'Audio', 'Computer Hardware', 'Gaming Accessories', 'Gaming'}"
https://compujordan.com/jbl-tune-770nc-adaptive-noise-cancelling-wireless-headphones-black,"{'Audio', 'Computer Hardware', 'Gaming Accessories', 'Gaming'}"
https://compujordan.com/jbl-tune-720bt-over-ear-wireless-headphones-white,"{'Audio', 'Computer Hardware', 'Gaming Accessories', 'Gaming'}"
https://compujordan.com/jbl-tune-720bt-over-ear-wireless-headphones-purple,"{'Audio', 'Computer Hardware', 'Gaming Accessories', 'Gaming'}"
https://compujordan.com/jbl-tune-720bt-over-ear-wireless-headphones-blue,"{'Audio', 'Computer Hardware', 'Gaming Accessories', 'Gaming'}"
https://compujordan.com/jbl-tune-720bt-over-ear-wireless-headphones-black,"{'Audio', 'Computer Hardware', 'Gaming Accessories', 'Gaming'}"
https://compujordan.com/jbl-tune-520bt-wireless-headphones-purple,"{'Audio', 'Computer Hardware', 'Gaming Accessories', 'Gaming'}"
https://compujordan.com/jbl-tune-520bt-wireless-headphones-blue,"{'Audio', 'Computer Hardware', 'Gaming Accessories', 'Gaming'}"
https://compujordan.com/jbl-tune-520bt-wireless-headphones-black,"{'Audio', 'Computer Hardware', 'Gaming Accessories', 'Gaming'}"
https://compujordan.com/jbl-quantum-100-custom-wired-gaming-headset-white,"{'Audio', 'Computer Hardware', 'Gaming Accessories', 'Gaming'}"
https://compujordan.com/jbl-live-770nc-wireless-over-ear-headphones-with-true-adaptive-noise-cancelling-white,"{'Audio', 'Computer Hardware', 'Gaming Accessories', 'Gaming'}"
https://compujordan.com/jbl-live-770nc-wireless-over-ear-headphones-with-true-adaptive-noise-cancelling-blue,"{'Audio', 'Computer Hardware', 'Gaming Accessories', 'Gaming'}"
https://compujordan.com/jbl-live-770nc-wireless-over-ear-headphones-with-true-adaptive-noise-cancelling-black,"{'Audio', 'Computer Hardware', 'Gaming Accessories', 'Gaming'}"
https://compujordan.com/jbl-live-670nc-wireless-on-ear-headphones-with-true-adaptive-noise-cancelling-white,"{'Audio', 'Computer Hardware', 'Gaming Accessories', 'Gaming'}"
https://compujordan.com/jbl-live-670nc-wireless-on-ear-headphones-with-true-adaptive-noise-cancelling-blue,"{'Audio', 'Computer Hardware', 'Gaming Accessories', 'Gaming'}"
https://compujordan.com/jbl-live-670nc-wireless-on-ear-headphones-with-true-adaptive-noise-cancelling-black,"{'Audio', 'Computer Hardware', 'Gaming Accessories', 'Gaming', 'Computer Accessories'}"
https://compujordan.com/logitech-yeti-blue-usb-microphone,"{'Audio', 'Computer Hardware', 'Gaming Accessories', 'Gaming', 'Computer Accessories'}"
https://compujordan.com/logitech-yeti-x-blue-is-a-professional-grade-condenser-usb-microphone,"{'Audio', 'Computer Hardware', 'Gaming Accessories', 'Gaming', 'Computer Accessories'}"
https://compujordan.com/logitech-g-pro-x-superlight-2-lightspeed-wireless-gaming-mouse-lightweight-lightforce-hybrid-magenta,"{'Audio', 'Computer Hardware', 'Gaming Accessories', 'Gaming', 'Computer Accessories'}"
https://compujordan.com/logitech-g-pro-x-superlight-2-lightspeed-wireless-gaming-mouse-lightweight-lightforce-hybrid-white,"{'Audio', 'Computer Hardware', 'Gaming Accessories', 'Gaming', 'Computer Accessories'}"
https://compujordan.com/havit-gc933-gamenote-gaming-chair-red,"{'Audio', 'Computer Hardware', 'Gaming Accessories', 'Gaming', 'Computer Accessories'}"
https://compujordan.com/havit-gamenote-h2230d-gaming-headset-with-microphone-3-5mm-jack-black,"{'Audio', 'Computer Hardware', 'Gaming Accessories', 'Gaming', 'Computer Accessories'}"
https://compujordan.com/havit-h2039d-gaming-headset-3-5mm-black-red,"{'Audio', 'Computer Hardware', 'Gaming Accessories', 'Gaming', 'Computer Accessories'}"
https://compujordan.com/havit-gc933-gamenote-gaming-chair,"{'Audio', 'Computer Hardware', 'Gaming Accessories', 'Gaming', 'Computer Accessories'}"
https://compujordan.com/havit-gk56-gaming-microphone,"{'Audio', 'Computer Hardware', 'Gaming Accessories', 'Gaming', 'Computer Accessories'}"
https://compujordan.com/havit-gk51-recording-live-microphone-rgb-lighting-effect,"{'Audio', 'Computer Hardware', 'Gaming Accessories', 'Gaming', 'Computer Accessories'}"
https://compujordan.com/havit-h2002s-gaming-headset,"{'Audio', 'Computer Hardware', 'Gaming Accessories', 'Gaming', 'Computer Accessories'}"
https://compujordan.com/logitech-extreme-3d-pro-joystick-gaming,"{'Audio', 'Computer Hardware', 'Gaming Accessories', 'Gaming', 'Computer Accessories'}"
https://compujordan.com/logitech-g303-shroud-edition-wireless-gaming-mouse-hero-sensor-graphite,"{'Audio', 'Computer Hardware', 'Gaming Accessories', 'Gaming', 'Computer Accessories'}"
https://compujordan.com/logitech-g413-backlit-mechanical-gaming-keyboard-silver,"{'Audio', 'Computer Hardware', 'Gaming Accessories', 'Gaming', 'Computer Accessories'}"
https://compujordan.com/logitech-g413-se-mechanical-gaming-keyboard-new-edition,"{'Audio', 'Computer Hardware', 'Gaming Accessories', 'Gaming', 'Computer Accessories'}"
https://compujordan.com/logitech-g840-extra-large-xl-gaming-mouse-pad,"{'Audio', 'Computer Hardware', 'Gaming Accessories', 'Gaming', 'Computer Accessories'}"
https://compujordan.com/logitech-g740-large-thick-cloth-gaming-mouse-pad-gaming-mouse-pad,"{'Audio', 'Computer Hardware', 'Gaming Accessories', 'Gaming', 'Computer Accessories'}"
https://compujordan.com/fantech-shikari-k515-rgb-membrane-gaming-keyboard,"{'Audio', 'Computer Hardware', 'Gaming Accessories', 'Gaming', 'Computer Accessories'}"
https://compujordan.com/fantech-ledare-gc-192-gaming-chair,"{'Audio', 'Computer Hardware', 'Gaming Accessories', 'Gaming', 'Computer Accessories'}"
https://compujordan.com/fantech-vigil-mp806-gaming-mouse-pad,"{'Audio', 'Computer Hardware', 'Gaming Accessories', 'Gaming', 'Computer Accessories'}"
https://compujordan.com/fantech-vigil-mp256-gaming-mouse-pad,"{'Audio', 'Computer Hardware', 'Gaming Accessories', 'Gaming', 'Computer Accessories'}"
https://compujordan.com/logitech-g502-x-wired-gaming-mouse-lightforce-hybrid-optical-mechanical-primary-switches-hero-25k-gaming-sensor,"{'Audio', 'Computer Hardware', 'Gaming Accessories', 'Gaming', 'Computer Accessories'}"
https://compujordan.com/logitech-g502-x-wired-gaming-mouse-lightforce-hybrid-optical-mechanical-primary-switches-hero-25k-gaming-sensor-compatible-with-pc-macos-windows-white,"{'Audio', 'Computer Hardware', 'Gaming Accessories', 'Gaming', 'Computer Accessories'}"
https://compujordan.com/logitech-g-pro-x-superlight-wireless-gaming-mouse-magenta,"{'Audio', 'Computer Hardware', 'Gaming Accessories', 'Gaming', 'Computer Accessories'}"
https://compujordan.com/logitech-blue-mic-yeti-nano-usb-microphone-shadow-grey,"{'Audio', 'Computer Hardware', 'Gaming Accessories', 'Gaming', 'Computer Accessories'}"
https://compujordan.com/logitech-desk-mat-studio-series-lavender,"{'Audio', 'Computer Hardware', 'Gaming Accessories', 'Gaming', 'Computer Accessories'}"
https://compujordan.com/logitech-lightsync-gaming-mouse-g203-prodigy-emea-white,"{'Audio', 'Computer Hardware', 'Gaming Accessories', 'Gaming', 'Computer Accessories'}"
https://compujordan.com/razer-viper-ultimate-gaming-wireless-mouse-with-charging-dock-black,"{'Audio', 'Computer Hardware', 'Gaming Accessories', 'Gaming', 'Computer Accessories'}"
https://compujordan.com/razer-viper-mini-gaming-mouse-wired-ambidextrous,"{'Audio', 'Computer Hardware', 'Gaming Accessories', 'Gaming', 'Computer Accessories'}"
https://compujordan.com/razer-pro-glide-medium-mat-mercury,"{'Audio', 'Computer Hardware', 'Gaming Accessories', 'Gaming', 'Computer Accessories'}"
https://compujordan.com/razer-opus-x-wireless-anc-headset-quartz,"{'Audio', 'Computer Hardware', 'Gaming Accessories', 'Gaming', 'Computer Accessories'}"
https://compujordan.com/razer-naga-x-gaming-mouse-wired-rh,"{'Audio', 'Computer Hardware', 'Gaming Accessories', 'Gaming', 'Computer Accessories'}"
https://compujordan.com/razer-naga-trinity-gaming-mouse-mod-rh,"{'Audio', 'Computer Hardware', 'Gaming Accessories', 'Gaming', 'Computer Accessories'}"
https://compujordan.com/razer-naga-pro-gaming-mouse-mod-wireless-rh,"{'Audio', 'Computer Hardware', 'Gaming Accessories', 'Gaming', 'Computer Accessories'}"
https://compujordan.com/razer-mouse-bungee-v3,"{'Audio', 'Computer Hardware', 'Gaming Accessories', 'Gaming', 'Computer Accessories'}"
https://compujordan.com/razer-kraken-v3-x-lite-wired-headset,"{'Audio', 'Computer Hardware', 'Gaming Accessories', 'Gaming', 'Computer Accessories'}"
https://compujordan.com/razer-kraken-v3-x-wired-headset-black,"{'Audio', 'Computer Hardware', 'Gaming Accessories', 'Gaming', 'Computer Accessories'}"
https://compujordan.com/razer-kraken-v3-pro-wireless-headset-black,"{'Audio', 'Computer Hardware', 'Gaming Accessories', 'Gaming', 'Computer Accessories'}"
https://compujordan.com/razer-kaira-wireless-headset-for-playstation,"{'Audio', 'Computer Hardware', 'Gaming Accessories', 'Gaming', 'Computer Accessories'}"
https://compujordan.com/razer-kaira-pro-wireless-headset-for-playstation,"{'Audio', 'Computer Hardware', 'Gaming Accessories', 'Gaming', 'Computer Accessories'}"
https://compujordan.com/razer-huntsman-v2-keyboard-tkl-red-switch-us,"{'Audio', 'Computer Hardware', 'Gaming Accessories', 'Gaming', 'Computer Accessories'}"
https://compujordan.com/razer-huntsman-v2-keyboard-tkl-purple-switch-us,"{'Audio', 'Computer Hardware', 'Gaming Accessories', 'Gaming', 'Computer Accessories'}"
https://compujordan.com/razer-huntsman-v2-keyboard-red-switch-us,"{'Audio', 'Computer Hardware', 'Gaming Accessories', 'Gaming', 'Computer Accessories'}"
https://compujordan.com/razer-huntsman-v2-keyboard-purple-switch-us,"{'Audio', 'Computer Hardware', 'Gaming Accessories', 'Gaming', 'Computer Accessories'}"
https://compujordan.com/razer-huntsman-mini-60-keyboard-red-switch-us,"{'Audio', 'Computer Hardware', 'Gaming Accessories', 'Gaming', 'Computer Accessories'}"
https://compujordan.com/razer-huntsman-mini-60-keyboard-purple-switch-us,"{'Audio', 'Computer Hardware', 'Gaming Accessories', 'Gaming', 'Computer Accessories'}"
https://compujordan.com/razer-huntsman-mini-mercury-edition-purple-switch-us,"{'Audio', 'Computer Hardware', 'Gaming Accessories', 'Gaming', 'Computer Accessories'}"
https://compujordan.com/razer-huntsman-mini-mercury-edition-red-switch-us,"{'Audio', 'Computer Hardware', 'Gaming Accessories', 'Gaming', 'Computer Accessories'}"
https://compujordan.com/razer-deathadder-v2-pro-gaming-mouse-wireless-rh,"{'Audio', 'Computer Hardware', 'Gaming Accessories', 'Gaming', 'Computer Accessories'}"
https://compujordan.com/razer-deathadder-essential-2021-gaming-wired-mouse-rh-black,"{'Audio', 'Computer Hardware', 'Gaming Accessories', 'Gaming', 'Computer Accessories'}"
https://compujordan.com/razer-cynosa-lite-chroma-gaming-keyboard-us-layout,"{'Audio', 'Computer Hardware', 'Gaming Accessories', 'Gaming', 'Computer Accessories'}"
https://compujordan.com/razer-blackwidow-v3-pro-keyboard-mech-yellow-switch-us,"{'Audio', 'Computer Hardware', 'Gaming Accessories', 'Gaming', 'Computer Accessories'}"
https://compujordan.com/razer-blackwidow-v3-pro-keyboard-mech-green-switch-us,"{'Audio', 'Computer Hardware', 'Gaming Accessories', 'Gaming', 'Computer Accessories'}"
https://compujordan.com/razer-blackwidow-v3-tkl-keyboard-yellow-switch-us,"{'Audio', 'Computer Hardware', 'Gaming Accessories', 'Gaming', 'Computer Accessories'}"
https://compujordan.com/razer-blackwidow-v3-mini-hyperspeed-yellow-switch-us,"{'Audio', 'Computer Hardware', 'Gaming Accessories', 'Gaming', 'Computer Accessories'}"
https://compujordan.com/razer-blackwidow-v3-mini-hyperspeed-green-switches-us,"{'Audio', 'Computer Hardware', 'Gaming Accessories', 'Gaming', 'Computer Accessories'}"
https://compujordan.com/razer-blackshark-v2-wired-headset-usb-mic-enhancer,"{'Audio', 'Computer Hardware', 'Gaming Accessories', 'Gaming', 'Computer Accessories'}"
https://compujordan.com/razer-barracuda-x-hybrid-headset-mercury-white,"{'Audio', 'Computer Hardware', 'Gaming Accessories', 'Gaming', 'Computer Accessories'}"
https://compujordan.com/razer-kaira-x-for-playstation-wired-headset-white,"{'Audio', 'Computer Hardware', 'Gaming Accessories', 'Gaming', 'Computer Accessories'}"
https://compujordan.com/razer-blackshark-v2-x-wired-headset,"{'Audio', 'Computer Hardware', 'Gaming Accessories', 'Gaming', 'Computer Accessories'}"
https://compujordan.com/razer-cynosa-v2-chroma-gaming-keyboard-us-layout,"{'Audio', 'Computer Hardware', 'Gaming Accessories', 'Gaming', 'Computer Accessories'}"
https://compujordan.com/razer-ornata-v2-chroma-hyb-mech-gaming-keyboard-us,"{'Audio', 'Computer Hardware', 'Gaming Accessories', 'Gaming', 'Computer Accessories'}"
https://compujordan.com/razer-strider-l-hybrid-gaming-mat,"{'Audio', 'Computer Hardware', 'Gaming Accessories', 'Gaming', 'Computer Accessories'}"
https://compujordan.com/razer-gigantus-v2-3xl-gaming-mat,"{'Audio', 'Computer Hardware', 'Gaming Accessories', 'Gaming', 'Computer Accessories'}"
https://compujordan.com/razer-gigantus-v2-xxl-gaming-mat,"{'Audio', 'Computer Hardware', 'Gaming Accessories', 'Gaming', 'Computer Accessories'}"
https://compujordan.com/razer-gigantus-v2-large-gaming-mat,"{'Audio', 'Computer Hardware', 'Gaming Accessories', 'Gaming', 'Computer Accessories'}"
https://compujordan.com/razer-goliathus-extended-chroma-gmg-mat-qtz,"{'Audio', 'Computer Hardware', 'Gaming Accessories', 'Gaming', 'Computer Accessories'}"
https://compujordan.com/razer-goliathus-chroma-gmg-mat-mouse-pad,"{'Audio', 'Computer Hardware', 'Gaming Accessories', 'Gaming', 'Computer Accessories'}"
https://compujordan.com/razer-deathadder-v2-x-hyperspeed-gmg-mouse-wireless-rh,"{'Audio', 'Computer Hardware', 'Gaming Accessories', 'Gaming', 'Computer Accessories'}"
https://compujordan.com/razer-deathadder-essen-2021-gmg-wired-rh-wht-ed,"{'Audio', 'Computer Hardware', 'Gaming Accessories', 'Gaming', 'Computer Accessories'}"
https://compujordan.com/razer-viper-8khz-gmg-mouse-wired-amb,"{'Audio', 'Computer Hardware', 'Gaming Accessories', 'Gaming', 'Computer Accessories'}"
https://compujordan.com/razer-deathadder-v2-gmg-mouse-wired-rh,"{'Audio', 'Computer Hardware', 'Gaming Accessories', 'Gaming', 'Computer Accessories'}"
https://compujordan.com/logitech-g-pro-hero-25k-lightsync-wired-gaming-mouse-black,"{'Audio', 'Computer Hardware', 'Gaming Accessories', 'Gaming', 'Computer Accessories'}"
https://compujordan.com/logitech-gaming-mouse-g203-prodigy-emea-blue,"{'Audio', 'Computer Hardware', 'Gaming Accessories', 'Gaming', 'Computer Accessories'}"
https://compujordan.com/logitech-g435-lightspeed-bluetooth-wireless-gaming-headset-black,"{'Audio', 'Computer Hardware', 'Gaming Accessories', 'Gaming', 'Computer Accessories'}"
https://compujordan.com/logitech-g413-tkl-se-mechanical-gaming-keyboard,"{'Audio', 'Computer Hardware', 'Gaming Accessories', 'Gaming', 'Computer Accessories'}"
https://compujordan.com/logitech-g413-se-mechanical-gaming-keyboard,"{'Audio', 'Computer Hardware', 'Gaming Accessories', 'Gaming', 'Computer Accessories'}"
https://compujordan.com/fantech-typhoon-fan-for-gaming-case-12v,"{'Audio', 'Computer Hardware', 'Gaming Accessories', 'Gaming', 'Computer Accessories'}"
https://compujordan.com/fantech-gd714-gaming-desk,"{'Audio', 'Computer Hardware', 'Gaming Accessories', 'Gaming', 'Computer Accessories'}"
https://compujordan.com/fantech-gd711-gaming-desk,"{'Audio', 'Computer Hardware', 'Gaming Accessories', 'Gaming', 'Computer Accessories'}"
https://compujordan.com/fantech-alpha-gc-283-gaming-chair-blue,"{'Audio', 'Computer Hardware', 'Gaming Accessories', 'Gaming', 'Computer Accessories'}"
https://compujordan.com/fantech-alpha-gc-283-gaming-chair-red,"{'Audio', 'Computer Hardware', 'Gaming Accessories', 'Gaming', 'Computer Accessories'}"
https://compujordan.com/fantech-alpha-gc-283-gaming-chair-white,"{'Audio', 'Computer Hardware', 'Gaming Accessories', 'Gaming', 'Computer Accessories'}"
https://compujordan.com/fantech-alpha-gc-188s-gaming-chair-white,"{'Audio', 'Computer Hardware', 'Gaming Accessories', 'Gaming', 'Computer Accessories'}"
https://compujordan.com/fantech-alpha-gc-182-gaming-chair-sakura-edition,"{'Audio', 'Computer Hardware', 'Gaming Accessories', 'Gaming', 'Computer Accessories'}"
https://compujordan.com/fantech-alpha-gc-182-gaming-chair-blue,"{'Audio', 'Computer Hardware', 'Gaming Accessories', 'Gaming', 'Computer Accessories'}"
https://compujordan.com/fantech-alpha-gc-182-gaming-chair-white,"{'Audio', 'Computer Hardware', 'Gaming Accessories', 'Gaming', 'Computer Accessories'}"
https://compujordan.com/fantech-alpha-gc-182-gaming-chair-red,"{'Audio', 'Computer Hardware', 'Gaming Accessories', 'Gaming', 'Computer Accessories'}"
https://compujordan.com/fantech-vigil-mp902-mousepad-large,"{'Audio', 'Computer Hardware', 'Gaming Accessories', 'Gaming', 'Computer Accessories'}"
https://compujordan.com/fantech-vigil-mp452-mousepad-meduim,"{'Audio', 'Computer Hardware', 'Gaming Accessories', 'Gaming', 'Computer Accessories'}"
https://compujordan.com/fantech-vigil-mp292-mousepad-small,"{'Audio', 'Computer Hardware', 'Gaming Accessories', 'Gaming', 'Computer Accessories'}"
https://compujordan.com/fantech-keyboard-mouse-gaming-2-in-1-combo-wired,"{'Audio', 'Computer Hardware', 'Gaming Accessories', 'Gaming', 'Computer Accessories'}"
https://compujordan.com/logitech-pro-x-superlight-wireless-gaming-mouse-black,"{'Audio', 'Computer Hardware', 'Gaming Accessories', 'Gaming', 'Computer Accessories'}"
https://compujordan.com/logitech-g733-lightspeed-wireless-gaming-headset-with-suspension-headband-lightsync-rgb-black,"{'Audio', 'Computer Hardware', 'Gaming Accessories', 'Gaming', 'Computer Accessories'}"
https://compujordan.com/logitech-pro-x-with-blue-mic-technology-gaming-headset,"{'Audio', 'Computer Hardware', 'Gaming Accessories', 'Gaming', 'Computer Accessories'}"
https://compujordan.com/logitech-g915-tkl-lightspeed-wireless-rgb-keyboard-white-tactile,"{'Audio', 'Computer Hardware', 'Gaming Accessories', 'Gaming', 'Computer Accessories'}"
https://compujordan.com/logitech-g915-tkl-lightspeed-wireless-rgb-keyboard-carbon-clicky,"{'Audio', 'Computer Hardware', 'Gaming Accessories', 'Gaming', 'Computer Accessories'}"
https://compujordan.com/logitech-g915-tkl-lightspeed-wireless-rgb-keyboard-carbon-tactile,"{'Audio', 'Computer Hardware', 'Gaming Accessories', 'Gaming', 'Computer Accessories'}"
https://compujordan.com/steelseries-prime-pro-series-wireless-gaming-mouse,"{'Audio', 'Computer Hardware', 'Gaming Accessories', 'Gaming', 'Computer Accessories'}"
https://compujordan.com/steelseries-prime-pro-series-gaming-mouse-gaming-mouse,"{'Audio', 'Computer Hardware', 'Gaming Accessories', 'Gaming', 'Computer Accessories'}"
https://compujordan.com/steelseries-prime-plus-mouse,"{'Audio', 'Computer Hardware', 'Gaming Accessories', 'Gaming', 'Computer Accessories'}"
https://compujordan.com/steelseries-arctis-3-white,"{'Audio', 'Computer Hardware', 'Gaming Accessories', 'Gaming', 'Computer Accessories'}"
https://compujordan.com/steelseries-headset-arctis-prime,"{'Audio', 'Computer Hardware', 'Gaming Accessories', 'Gaming', 'Computer Accessories'}"
https://compujordan.com/logitech-g-pro-wireless-with-esports-grade-performance-16-000-dpi,"{'Audio', 'Computer Hardware', 'Gaming Accessories', 'Gaming', 'Computer Accessories'}"
https://compujordan.com/logitech-g613-mechanical-keyboard-dark-grey-new,"{'Audio', 'Computer Hardware', 'Gaming Accessories', 'Gaming', 'Computer Accessories'}"
https://compujordan.com/logitech-g102-lightsync-mouse-white,"{'Audio', 'Computer Hardware', 'Gaming Accessories', 'Gaming', 'Computer Accessories'}"
https://compujordan.com/logitech-g102-lightsync-mouse-black,"{'Audio', 'Computer Hardware', 'Gaming Accessories', 'Gaming', 'Computer Accessories'}"
https://compujordan.com/steelseries-arctis-3-black-console-ps5,"{'Audio', 'Computer Hardware', 'Gaming Accessories', 'Gaming', 'Computer Accessories'}"
https://compujordan.com/steelseries-arctis-9x-series-x-new,"{'Audio', 'Computer Hardware', 'Gaming Accessories', 'Gaming', 'Computer Accessories'}"
https://compujordan.com/steelseries-aerox-3-black-new,"{'Audio', 'Computer Hardware', 'Gaming Accessories', 'Gaming', 'Computer Accessories'}"
https://compujordan.com/steelseries-aerox-3-wireless-black-new,"{'Audio', 'Computer Hardware', 'Gaming Accessories', 'Gaming', 'Computer Accessories'}"
https://compujordan.com/steelseries-arctis-7p-white,"{'Audio', 'Computer Hardware', 'Gaming Accessories', 'Gaming', 'Computer Accessories'}"
https://compujordan.com/steelseries-arctis-1-ps5,"{'Audio', 'Computer Hardware', 'Gaming Accessories', 'Gaming', 'Computer Accessories'}"
https://compujordan.com/abkoncore-k660-arc-mechanical-gaming-keyboard,"{'Audio', 'Computer Hardware', 'Gaming Accessories', 'Gaming', 'Computer Accessories'}"
https://compujordan.com/abkoncore-k595-mechanical-gaming-keyboard,"{'Audio', 'Computer Hardware', 'Gaming Accessories', 'Gaming', 'Computer Accessories'}"
https://compujordan.com/steelseries-arctis-9-wirless-pc-ps5-2020,"{'Audio', 'Computer Hardware', 'Gaming Accessories', 'Gaming', 'Computer Accessories'}"
https://compujordan.com/meetion-mk007-led-mechanical-gaming-keyboard,"{'Audio', 'Computer Hardware', 'Gaming Accessories', 'Gaming', 'Computer Accessories'}"
https://compujordan.com/steelseries-artics-1-wireless-ps5-new-2020,"{'Audio', 'Computer Hardware', 'Gaming Accessories', 'Gaming', 'Computer Accessories'}"
https://compujordan.com/logitech-g703-wireless-mouse,"{'Audio', 'Computer Hardware', 'Gaming Accessories', 'Gaming', 'Computer Accessories'}"
https://compujordan.com/logitech-g903-wireless-gaming-mouse,"{'Audio', 'Computer Hardware', 'Gaming Accessories', 'Gaming', 'Computer Accessories'}"
https://compujordan.com/steelseries-keyboard-apex-pro-tkl-us,"{'Audio', 'Computer Hardware', 'Gaming Accessories', 'Gaming', 'Computer Accessories'}"
https://compujordan.com/steelseries-qck-medium-2020-edition,"{'Audio', 'Computer Hardware', 'Gaming Accessories', 'Gaming', 'Computer Accessories'}"
https://compujordan.com/steelseries-arctis-pro-gamedac,"{'Audio', 'Computer Hardware', 'Gaming Accessories', 'Gaming', 'Computer Accessories'}"
https://compujordan.com/logitech-x52-h-o-t-a-s-throttle-and-stick,"{'Audio', 'Computer Hardware', 'Gaming Accessories', 'Gaming', 'Computer Accessories'}"
https://compujordan.com/logitech-x52-profess-h-o-t-a-s-part-metal-throttl,"{'Audio', 'Computer Hardware', 'Gaming Accessories', 'Gaming', 'Computer Accessories'}"
https://compujordan.com/steelseries-mouse-pad-qck-faze-clan,"{'Audio', 'Computer Hardware', 'Gaming Accessories', 'Gaming', 'Computer Accessories'}"
https://compujordan.com/steelseries-mouse-pad-qck-mini,"{'Audio', 'Computer Hardware', 'Gaming Accessories', 'Gaming', 'Computer Accessories'}"
https://compujordan.com/logitech-935-7-1-surround-sound-lightsync-headset,"{'Audio', 'Computer Hardware', 'Gaming Accessories', 'Gaming', 'Computer Accessories'}"
https://compujordan.com/logitech-wheel-g920-for-xbox-one-pc,"{'Audio', 'Computer Hardware', 'Gaming Accessories', 'Gaming', 'Computer Accessories'}"
https://compujordan.com/logitech-wheel-g29-for-ps4-ps3-pc,"{'Audio', 'Computer Hardware', 'Gaming Accessories', 'Gaming', 'Computer Accessories'}"
https://compujordan.com/logitech-keyborad-wired-g910-mechanical-orion-spectrum,"{'Audio', 'Computer Hardware', 'Gaming Accessories', 'Gaming', 'Computer Accessories'}"
https://compujordan.com/logitech-g703-hero-wireless-mouse,"{'Audio', 'Computer Hardware', 'Gaming Accessories', 'Gaming', 'Computer Accessories'}"
https://compujordan.com/logitech-g815-rgb-mechanical-gaming-keyboard-clicky,"{'Audio', 'Computer Hardware', 'Gaming Accessories', 'Gaming', 'Computer Accessories'}"
https://compujordan.com/logitech-g915-wireless-rgb-mechanical-gaming-keyboard-clicky,"{'Audio', 'Computer Hardware', 'Gaming Accessories', 'Gaming', 'Computer Accessories'}"
https://compujordan.com/logitech-g332-wired-gaming-headset-leatherette-analog,"{'Audio', 'Computer Hardware', 'Gaming Accessories', 'Gaming', 'Computer Accessories'}"
https://compujordan.com/logitech-gaming-mouse-pad-g840-xl,"{'Audio', 'Computer Hardware', 'Gaming Accessories', 'Gaming', 'Computer Accessories'}"
https://compujordan.com/logitech-gaming-mouse-pad-g440,"{'Audio', 'Computer Hardware', 'Gaming Accessories', 'Gaming', 'Computer Accessories'}"
https://compujordan.com/logitech-gaming-mouse-pad-g640-large-cloth,"{'Audio', 'Computer Hardware', 'Gaming Accessories', 'Gaming', 'Computer Accessories'}"
https://compujordan.com/logitech-g815-rgb-mechanical-gaming-keyboard-tactile,"{'Audio', 'Computer Hardware', 'Gaming Accessories', 'Gaming', 'Computer Accessories'}"
https://compujordan.com/logitech-g915-wireless-rgb-mechanical-gaming-keyboard-tactile,"{'Audio', 'Computer Hardware', 'Gaming Accessories', 'Gaming', 'Computer Accessories'}"
https://compujordan.com/logitech-g903-hero-wireless-gaming-mouse,"{'Audio', 'Computer Hardware', 'Gaming Accessories', 'Gaming', 'Computer Accessories'}"
https://compujordan.com/logitech-g403-hero-wired-gaming-mouse,"{'Audio', 'Computer Hardware', 'Gaming Accessories', 'Gaming', 'Computer Accessories'}"
https://compujordan.com/logitech-g305-lightspeed-wireless-gaming-mouse-black,"{'Audio', 'Computer Hardware', 'Gaming Accessories', 'Gaming', 'Computer Accessories'}"
https://compujordan.com/logitech-g603-lightspeed-wireless-mouse,"{'Audio', 'Computer Hardware', 'Gaming Accessories', 'Gaming', 'Computer Accessories'}"
https://compujordan.com/steelseries-arctis-5-pubg-edition,"{'Audio', 'Computer Hardware', 'Gaming Accessories', 'Gaming', 'Computer Accessories'}"
https://compujordan.com/arctis-pro-wireless-black,"{'Audio', 'Computer Hardware', 'Gaming Accessories', 'Gaming', 'Computer Accessories'}"
https://compujordan.com/steelseries-apex-3-water-resistant-gaming-keyboard,"{'Audio', 'Computer Hardware', 'Gaming Accessories', 'Gaming', 'Computer Accessories'}"
https://compujordan.com/steelseries-apex-5-mechanical-gaming-keyboard,"{'Audio', 'Computer Hardware', 'Gaming Accessories', 'Gaming', 'Computer Accessories'}"
https://compujordan.com/steelseries-qck-edge-medium-cloth-gaming-mouse-pad,"{'Audio', 'Computer Hardware', 'Gaming Accessories', 'Gaming', 'Computer Accessories'}"
https://compujordan.com/logitech-headset-g633-artemis-spectrum-rgb-7-1-surround-gaming-headset,"{'Audio', 'Computer Hardware', 'Gaming Accessories', 'Gaming', 'Computer Accessories'}"
https://compujordan.com/logitech-g305-lightspeed-wireless-gaming-mouse-white,"{'Audio', 'Computer Hardware', 'Gaming Accessories', 'Gaming', 'Computer Accessories'}"
https://compujordan.com/logitech-g413-mechanical-gaming-keyboard-carbon-us-int-l,"{'Audio', 'Computer Hardware', 'Gaming Accessories', 'Gaming', 'Computer Accessories'}"
https://compujordan.com/logitech-g300s-optical-gaming-mouse-black,"{'Audio', 'Computer Hardware', 'Gaming Accessories', 'Gaming', 'Computer Accessories'}"
https://compujordan.com/steelseries-qck-heavy-cloth-gaming-mouse-pad-xxl,"{'Audio', 'Computer Hardware', 'Gaming Accessories', 'Gaming', 'Computer Accessories'}"
https://compujordan.com/steelseries-rival-105,"{'Audio', 'Computer Hardware', 'Gaming Accessories', 'Gaming', 'Computer Accessories'}"
https://compujordan.com/steelseries-smartgrip-for-controllers,"{'Audio', 'Computer Hardware', 'Gaming Accessories', 'Gaming', 'Computer Accessories'}"
https://compujordan.com/steelseries-stratus-duo-for-windows-android-and-vr,"{'Audio', 'Computer Hardware', 'Gaming Accessories', 'Gaming', 'Computer Accessories'}"
https://compujordan.com/steelseries-stratus-xl-for-windows-android,"{'Audio', 'Computer Hardware', 'Gaming Accessories', 'Gaming', 'Computer Accessories'}"
https://compujordan.com/steelseries-apex-pro-the-next-step-in-mechanical-keyboards,"{'Audio', 'Computer Hardware', 'Gaming Accessories', 'Gaming', 'Computer Accessories'}"
https://compujordan.com/steelseries-apex-m750-tkl-pubg-edition,"{'Audio', 'Computer Hardware', 'Gaming Accessories', 'Gaming', 'Computer Accessories'}"
https://compujordan.com/steelseries-apex-7-tkl-red-switch-mechanical-gaming-keyboard,"{'Audio', 'Computer Hardware', 'Gaming Accessories', 'Gaming', 'Computer Accessories'}"
https://compujordan.com/steelseries-apex-7-red-switch-mechanical-gaming-keyboard,"{'Computer Hardware', 'Gaming Accessories', 'Gaming', 'Computer Accessories'}"
https://compujordan.com/apex-m750,"{'Computer Hardware', 'Gaming Accessories', 'Gaming', 'Computer Accessories'}"
https://compujordan.com/apex-150,"{'Computer Hardware', 'Gaming Accessories', 'Gaming', 'Computer Accessories'}"
https://compujordan.com/steelseries-qck-prism-cloth,"{'Computer Hardware', 'Gaming Accessories', 'Gaming', 'Computer Accessories'}"
https://compujordan.com/steelseries-qck-prism-cloth-m,"{'Computer Hardware', 'Gaming Accessories', 'Gaming', 'Computer Accessories'}"
https://compujordan.com/steelseries-qck-edge-xl-cloth-gaming-mouse-pad,"{'Computer Hardware', 'Gaming Accessories', 'Gaming', 'Computer Accessories'}"
https://compujordan.com/steelseries-qck-pubg-miramar-edition,"{'Computer Hardware', 'Gaming Accessories', 'Gaming', 'Computer Accessories'}"
https://compujordan.com/steelseries-qck-edge-cloth-gaming-mouse-pad,"{'Computer Hardware', 'Gaming Accessories', 'Gaming', 'Computer Accessories'}"
https://compujordan.com/steelseries-qck-heavy-medium-cloth-gaming-mouse-pad,"{'Computer Hardware', 'Gaming Accessories', 'Gaming', 'Computer Accessories'}"
https://compujordan.com/steelseries-qck-heavy-cloth-gaming-mouse-pad,"{'Computer Hardware', 'Gaming Accessories', 'Gaming', 'Computer Accessories'}"
https://compujordan.com/steelseries-qck-cloth-gaming-mouse-pad,"{'Computer Hardware', 'Gaming Accessories', 'Gaming', 'Computer Accessories'}"
https://compujordan.com/steelseries-rival-710,"{'Computer Hardware', 'Gaming Accessories', 'Gaming', 'Computer Accessories'}"
https://compujordan.com/steelseries-rival-600,"{'Computer Hardware', 'Gaming Accessories', 'Gaming', 'Computer Accessories'}"
https://compujordan.com/steelseries-rival-500,"{'Computer Hardware', 'Gaming Accessories', 'Gaming', 'Computer Accessories'}"
https://compujordan.com/steelseries-rival-310-ergonomic,"{'Computer Hardware', 'Gaming Accessories', 'Gaming', 'Computer Accessories'}"
https://compujordan.com/steelseries-sensei-ten,"{'Computer Hardware', 'Gaming Accessories', 'Gaming', 'Computer Accessories'}"
https://compujordan.com/steelseries-rival-310-pubg-edition,"{'Computer Hardware', 'Gaming Accessories', 'Gaming', 'Computer Accessories'}"
https://compujordan.com/steelseries-sensei-310,"{'Computer Hardware', 'Gaming Accessories', 'Gaming', 'Computer Accessories'}"
https://compujordan.com/steelseries-rival-110,"{'Audio', 'Computer Hardware', 'Gaming Accessories', 'Gaming', 'Computer Accessories'}"
https://compujordan.com/steelseries-arctis-9x,"{'Audio', 'Computer Hardware', 'Gaming Accessories', 'Gaming', 'Computer Accessories'}"
https://compujordan.com/steelseries-arctis-7-black-2019-edition,"{'Audio', 'Computer Hardware', 'Gaming Accessories', 'Gaming', 'Computer Accessories'}"
https://compujordan.com/steelseries-arctis-5-black-2019-edition,"{'Audio', 'Computer Hardware', 'Gaming Accessories', 'Gaming', 'Computer Accessories'}"
https://compujordan.com/steelseries-arctis-3,"{'Audio', 'Computer Hardware', 'Gaming Accessories', 'Gaming', 'Computer Accessories'}"
https://compujordan.com/arctis-1-wireless,"{'Audio', 'Computer Hardware', 'Gaming Accessories', 'Gaming', 'Computer Accessories'}"
https://compujordan.com/arctis-1,"{'Audio', 'Computer Hardware', 'Gaming Accessories', 'Gaming', 'Computer Accessories'}"
https://compujordan.com/logitech-pro-black-gaming-headset,"{'Audio', 'Computer Hardware', 'Gaming Accessories', 'Gaming', 'Computer Accessories'}"
https://compujordan.com/logitech-g602-wireless-gaming-mouse,"{'Audio', 'Computer Hardware', 'Gaming Accessories', 'Gaming', 'Computer Accessories'}"
https://compujordan.com/logitech-g402-hyperion-fury-fps-gaming-mouse,"{'Audio', 'Computer Hardware', 'Gaming Accessories', 'Gaming', 'Computer Accessories'}"
https://compujordan.com/logitech-g213-rgb-gaming-keyboard,"{'Audio', 'Computer Hardware', 'Gaming Accessories', 'Gaming', 'Computer Accessories'}"
https://compujordan.com/logitech-g533-wireless-7-1-surround-gaming-headset,"{'Audio', 'Computer Hardware', 'Gaming Accessories', 'Gaming', 'Computer Accessories'}"
https://compujordan.com/logitech-wired-blue-g433-gaming-headset,"{'Audio', 'Computer Hardware', 'Gaming Accessories', 'Gaming', 'Computer Accessories'}"
https://compujordan.com/logitech-wired-fire-red-g433-gaming-headset,"{'Audio', 'Computer Hardware', 'Gaming Accessories', 'Gaming', 'Computer Accessories'}"
https://compujordan.com/logitech-wired-black-g433-gaming-headset,"{'Audio', 'Computer Hardware', 'Gaming Accessories', 'Gaming', 'Computer Accessories'}"
https://compujordan.com/https-compujordan-com-g513-lightsync-usb-n-a-intnl-clicky-gaming-keyboard,"{'Audio', 'Computer Hardware', 'Gaming Accessories', 'Gaming', 'Computer Accessories'}"
https://compujordan.com/logitech-g513-lightsync-rgb-mechanical-gaming-keyboard,"{'Audio', 'Computer Hardware', 'Gaming Accessories', 'Gaming', 'Computer Accessories'}"
https://compujordan.com/logitech-g502-hero-high-performance-gaming-mouse,"{'Audio', 'Computer Hardware', 'Gaming Accessories', 'Gaming', 'Computer Accessories'}"
https://compujordan.com/logitech-g432-surround-sound-wired-pc-gaming-headset,"{'Audio', 'Computer Hardware', 'Gaming Accessories', 'Gaming', 'Computer Accessories'}"
https://compujordan.com/omen-by-hp-mouse-pad-300-1my15aa,"{'Audio', 'Computer Hardware', 'Gaming Accessories', 'Gaming', 'Computer Accessories'}"
https://compujordan.com/corsair-k70-lux-mix-brown-gaming-keyboard,"{'Audio', 'Computer Hardware', 'Gaming Accessories', 'Gaming', 'Computer Accessories'}"
https://compujordan.com/meetion-hp-020-gaming-headset,"{'Audio', 'Computer Hardware', 'Gaming Accessories', 'Gaming', 'Computer Accessories'}"
https://compujordan.com/meetion-hp-010-gaming-headset,"{'Audio', 'Computer Hardware', 'Gaming Accessories', 'Gaming', 'Computer Accessories'}"
https://compujordan.com/meetion-mt-p010-gaming-mouse-pad,"{'Audio', 'Computer Hardware', 'Gaming Accessories', 'Gaming', 'Computer Accessories'}"
https://compujordan.com/meetion-p110-gaming-mouse-pad,"{'Audio', 'Computer Hardware', 'Gaming Accessories', 'Gaming', 'Computer Accessories'}"
https://compujordan.com/msi-thunderstorm-aluminium-gaming-mouse-pad,"{'Audio', 'Computer Hardware', 'Gaming Accessories', 'Gaming', 'Computer Accessories'}"
https://compujordan.com/msi-agility-gd70-gaming-mouse-pad,"{'Audio', 'Computer Hardware', 'Gaming Accessories', 'Gaming', 'Computer Accessories'}"
https://compujordan.com/meetion-mt-mk01-gaming-keybord,"{'Audio', 'Computer Hardware', 'Gaming Accessories', 'Gaming', 'Computer Accessories'}"
https://compujordan.com/meetion-k9300-gaming-mouse,"{'Audio', 'Computer Hardware', 'Gaming Accessories', 'Gaming', 'Computer Accessories'}"
https://compujordan.com/meetion-mt-mk20-gaming-mouse,"{'Audio', 'Computer Hardware', 'Gaming Accessories', 'Gaming', 'Computer Accessories'}"
https://compujordan.com/meetion-m371-gaming-mouse,"{'Audio', 'Computer Hardware', 'Gaming Accessories', 'Gaming', 'Computer Accessories'}"
https://compujordan.com/meetion-c500-4-in-1-gaming-combo,"{'Audio', 'Computer Hardware', 'Gaming Accessories', 'Gaming', 'Computer Accessories'}"
https://compujordan.com/corsair-k55-gaming-keyboard,"{'Audio', 'Computer Hardware', 'Gaming Accessories', 'Gaming', 'Computer Accessories'}"
https://compujordan.com/corsair-k68-gaming-keyboard,"{'Audio', 'Computer Hardware', 'Gaming Accessories', 'Gaming', 'Computer Accessories'}"
https://compujordan.com/corsair-k70-lux-gaming-keyboard,"{'Audio', 'Computer Hardware', 'Gaming Accessories', 'Gaming', 'Computer Accessories'}"
https://compujordan.com/corsair-k70-rapidfire-gaming-keyboard,"{'Audio', 'Computer Hardware', 'Gaming Accessories', 'Gaming', 'Computer Accessories'}"
https://compujordan.com/corsair-hs70-gaming-headset,"{'Gaming', 'Gaming Accessories'}"
https://compujordan.com/msi-force-gc20-gaming-controller,"{'Gaming', 'Gaming Accessories'}"
https://compujordan.com/meetion-mt-p100-gaming-mouse-pad,"{'Gaming', 'Gaming Accessories'}"
https://compujordan.com/msi-vigor-gk40-combo-gaming-keyboard-mouse,"{'Gaming', 'Gaming Accessories'}"
https://compujordan.com/msi-vigor-gk40-gaming-mouse,"{'Gaming', 'Gaming Accessories'}"
https://compujordan.com/msi-interceptor-ds200-gaming-mouse,"{'Gaming', 'Gaming Accessories'}"
https://compujordan.com/msi-clutch-gm10-gaming-mouse,"{'Gaming', 'Gaming Accessories'}"
https://compujordan.com/delux-t9x-mechanical-gaming-keypad,"{'Gaming', 'Gaming Accessories'}"
https://compujordan.com/delux-m618x-vertical-gaming-mouse,"{'Gaming', 'Gaming Accessories'}"
https://compujordan.com/steelseries-qck-cs-go-gaming-mouse-pad,"{'Gaming', 'Gaming Accessories'}"
https://compujordan.com/rampage-power-199-custom-gaming-pcs,"{'Gaming', 'Custom Gaming PCs'}"
https://compujordan.com/rampage-power-198-custom-gaming-pcs,"{'Gaming', 'Custom Gaming PCs'}"
https://compujordan.com/rampage-power-197-custom-gaming-pcs,"{'Gaming', 'Custom Gaming PCs'}"
https://compujordan.com/rampage-power-196-custom-gaming-pcs,"{'Gaming', 'Custom Gaming PCs'}"
https://compujordan.com/rampage-power-195-custom-gaming-pcs,"{'Gaming', 'Custom Gaming PCs'}"
https://compujordan.com/rampage-power-194-custom-gaming-pcs,"{'Gaming', 'Custom Gaming PCs'}"
https://compujordan.com/rampage-power-193-custom-gaming-pcs,"{'Gaming', 'Custom Gaming PCs'}"
https://compujordan.com/rampage-power-192-custom-gaming-pcs,"{'Gaming', 'Custom Gaming PCs'}"
https://compujordan.com/rampage-power-191-custom-gaming-pcs,"{'Gaming', 'Custom Gaming PCs'}"
https://compujordan.com/rampage-power-190-custom-gaming-pcs,"{'Gaming', 'Custom Gaming PCs'}"
https://compujordan.com/rampage-power-189-custom-gaming-pcs,"{'Gaming', 'Custom Gaming PCs'}"
https://compujordan.com/rampage-power-188-custom-gaming-pcs,"{'Gaming', 'Custom Gaming PCs'}"
https://compujordan.com/rampage-power-187-custom-gaming-pcs,"{'Gaming', 'Custom Gaming PCs'}"
https://compujordan.com/rampage-power-186-custom-gaming-pcs,"{'Gaming', 'Custom Gaming PCs'}"
https://compujordan.com/rampage-power-185-custom-gaming-pcs,"{'Gaming', 'Custom Gaming PCs'}"
https://compujordan.com/rampage-power-184-custom-gaming-pcs,"{'Gaming', 'Custom Gaming PCs'}"
https://compujordan.com/rampage-power-183-custom-gaming-pcs,"{'Gaming', 'Custom Gaming PCs'}"
https://compujordan.com/rampage-power-182-custom-gaming-pcs,"{'Gaming', 'Custom Gaming PCs'}"
https://compujordan.com/rampage-power-181-custom-gaming-pcs,"{'Gaming', 'Custom Gaming PCs'}"
https://compujordan.com/rampage-power-180-custom-gaming-pcs,"{'Gaming', 'Custom Gaming PCs'}"
https://compujordan.com/rampage-power-179-custom-gaming-pcs,"{'Gaming', 'Custom Gaming PCs'}"
https://compujordan.com/rampage-power-178-custom-gaming-pcs,"{'Gaming', 'Custom Gaming PCs'}"
https://compujordan.com/rampage-power-177-custom-gaming-pcs,"{'Gaming', 'Custom Gaming PCs'}"
https://compujordan.com/rampage-power-176-custom-gaming-pcs,"{'Gaming', 'Custom Gaming PCs'}"
https://compujordan.com/rampage-power-175-custom-gaming-pcs,"{'Gaming', 'Custom Gaming PCs'}"
https://compujordan.com/rampage-power-174-custom-gaming-pcs,"{'Gaming', 'Custom Gaming PCs'}"
https://compujordan.com/rampage-power-173-custom-gaming-pcs,"{'Gaming', 'Custom Gaming PCs'}"
https://compujordan.com/rampage-power-172-custom-gaming-pcs,"{'Gaming', 'Custom Gaming PCs'}"
https://compujordan.com/rampage-power-171-custom-gaming-pcs,"{'Gaming', 'Custom Gaming PCs'}"
https://compujordan.com/rampage-power-170-custom-gaming-pcs,"{'Gaming', 'Custom Gaming PCs'}"
https://compujordan.com/rampage-power-169-custom-gaming-pcs,"{'Gaming', 'Custom Gaming PCs'}"
https://compujordan.com/rampage-power-165-custom-gaming-pcs,"{'Gaming', 'Custom Gaming PCs'}"
https://compujordan.com/rampage-power-168-custom-gaming-pcs,"{'Gaming', 'Custom Gaming PCs'}"
https://compujordan.com/rampage-power-167-custom-gaming-pcs,"{'Gaming', 'Custom Gaming PCs'}"
https://compujordan.com/rampage-power-166-custom-gaming-pcs,"{'Gaming', 'Custom Gaming PCs'}"
https://compujordan.com/rampage-power-164-custom-gaming-pcs,"{'Gaming', 'Custom Gaming PCs'}"
https://compujordan.com/rampage-power-163-custom-gaming-pcs,"{'Gaming', 'Custom Gaming PCs'}"
https://compujordan.com/rampage-power-161,"{'Gaming', 'Custom Gaming PCs'}"
https://compujordan.com/rampage-power-160,"{'Gaming', 'Custom Gaming PCs'}"
https://compujordan.com/rampage-power-159,"{'Gaming', 'Custom Gaming PCs'}"
https://compujordan.com/rampage-power-158,"{'Gaming', 'Custom Gaming PCs'}"
https://compujordan.com/rampage-power-157,"{'Gaming', 'Custom Gaming PCs'}"
https://compujordan.com/rampage-power-162,"{'Gaming', 'Custom Gaming PCs'}"
https://compujordan.com/rampage-power-156,"{'Gaming', 'Custom Gaming PCs'}"
https://compujordan.com/rampage-power-155,"{'Gaming', 'Custom Gaming PCs'}"
https://compujordan.com/rampage-power-154,"{'Gaming', 'Custom Gaming PCs'}"
https://compujordan.com/rampage-power-153,"{'Gaming', 'Custom Gaming PCs'}"
https://compujordan.com/rampage-power-152,"{'Gaming', 'Custom Gaming PCs'}"
https://compujordan.com/rampage-power-151,"{'Gaming', 'Custom Gaming PCs'}"
https://compujordan.com/rampage-power-150,"{'Gaming', 'Custom Gaming PCs'}"
https://compujordan.com/rampage-power-149,"{'Gaming', 'Custom Gaming PCs'}"
https://compujordan.com/rampage-power-148,"{'Gaming', 'Custom Gaming PCs'}"
https://compujordan.com/rampage-power-147,"{'Gaming', 'Custom Gaming PCs'}"
https://compujordan.com/rampage-power-146,"{'Gaming', 'Custom Gaming PCs'}"
https://compujordan.com/rampage-power-145,"{'Gaming', 'Custom Gaming PCs'}"
https://compujordan.com/rampage-power-144,"{'Gaming', 'Custom Gaming PCs'}"
https://compujordan.com/rampage-power-143,"{'Gaming', 'Custom Gaming PCs'}"
https://compujordan.com/rampage-power-142,"{'Gaming', 'Custom Gaming PCs'}"
https://compujordan.com/rampage-power-141,"{'Gaming', 'Custom Gaming PCs'}"
https://compujordan.com/rampage-power-140,"{'Gaming', 'Custom Gaming PCs'}"
https://compujordan.com/rampage-power-139,"{'Gaming', 'Custom Gaming PCs'}"
https://compujordan.com/rampage-power-138,"{'Gaming', 'Custom Gaming PCs'}"
https://compujordan.com/rampage-power-137,"{'Gaming', 'Custom Gaming PCs'}"
https://compujordan.com/rampage-power-136,"{'Gaming', 'Custom Gaming PCs'}"
https://compujordan.com/rampage-power-135,"{'Gaming', 'Custom Gaming PCs'}"
https://compujordan.com/rampage-power-134,"{'Gaming', 'Custom Gaming PCs'}"
https://compujordan.com/rampage-power-133,"{'Gaming', 'Custom Gaming PCs'}"
https://compujordan.com/rampage-power-132,"{'Gaming', 'Custom Gaming PCs'}"
https://compujordan.com/rampage-power-131,"{'Gaming', 'Custom Gaming PCs'}"
https://compujordan.com/rampage-power-130,"{'Gaming', 'Custom Gaming PCs'}"
https://compujordan.com/rampage-power-129,"{'Gaming', 'Custom Gaming PCs'}"
https://compujordan.com/rampage-power-128,"{'Gaming', 'Custom Gaming PCs'}"
https://compujordan.com/rampage-power-127,"{'Gaming', 'Custom Gaming PCs'}"
https://compujordan.com/rampage-power-126,"{'Gaming', 'Custom Gaming PCs'}"
https://compujordan.com/rampage-power-125,"{'Gaming', 'Custom Gaming PCs'}"
https://compujordan.com/rampage-power-124,"{'Gaming', 'Custom Gaming PCs'}"
https://compujordan.com/rampage-power-123,"{'Gaming', 'Custom Gaming PCs'}"
https://compujordan.com/rampage-power-122,"{'Gaming', 'Custom Gaming PCs'}"
https://compujordan.com/rampage-power-121,"{'Gaming', 'Custom Gaming PCs'}"
https://compujordan.com/rampage-power-120,"{'Gaming', 'Custom Gaming PCs'}"
https://compujordan.com/rampage-power-119,"{'Gaming', 'Custom Gaming PCs'}"
https://compujordan.com/rampage-power-118,"{'Gaming', 'Custom Gaming PCs'}"
https://compujordan.com/rampage-power-117,"{'Gaming', 'Custom Gaming PCs'}"
https://compujordan.com/rampage-power-116,"{'Gaming', 'Custom Gaming PCs'}"
https://compujordan.com/rampage-power-115,"{'Gaming', 'Custom Gaming PCs'}"
https://compujordan.com/rampage-power-114,"{'Gaming', 'Custom Gaming PCs'}"
https://compujordan.com/rampage-power-113,"{'Gaming', 'Custom Gaming PCs'}"
https://compujordan.com/rampage-power-112,"{'Gaming', 'Custom Gaming PCs'}"
https://compujordan.com/rampage-power-111,"{'Gaming', 'Custom Gaming PCs'}"
https://compujordan.com/rampage-power-110,"{'Gaming', 'Custom Gaming PCs'}"
https://compujordan.com/rampage-power-109,"{'Gaming', 'Custom Gaming PCs'}"
https://compujordan.com/rampage-power-108,"{'Gaming', 'Custom Gaming PCs'}"
https://compujordan.com/rampage-power-107,"{'Gaming', 'Custom Gaming PCs'}"
https://compujordan.com/rampage-power-106,"{'Gaming', 'Custom Gaming PCs'}"
https://compujordan.com/rampage-power-105,"{'Gaming', 'Custom Gaming PCs'}"
https://compujordan.com/rampage-power-104,"{'Gaming', 'Custom Gaming PCs'}"
https://compujordan.com/rampage-power-103,"{'Gaming', 'Custom Gaming PCs'}"
https://compujordan.com/rampage-power-102,"{'Gaming', 'Custom Gaming PCs'}"
https://compujordan.com/rampage-power-101,"{'Gaming', 'Custom Gaming PCs'}"
https://compujordan.com/rampage-power-100,"{'Gaming', 'Custom Gaming PCs'}"
https://compujordan.com/rampage-power-99,"{'Gaming', 'Custom Gaming PCs'}"
https://compujordan.com/rampage-power-98,"{'Gaming', 'Custom Gaming PCs'}"
https://compujordan.com/rampage-power-97,"{'Gaming', 'Custom Gaming PCs'}"
https://compujordan.com/rampage-power-96,"{'Gaming', 'Custom Gaming PCs'}"
https://compujordan.com/rampage-power-95,"{'Gaming', 'Custom Gaming PCs'}"
https://compujordan.com/rampage-power-94,"{'Gaming', 'Custom Gaming PCs'}"
https://compujordan.com/rampage-power-93,"{'Gaming', 'Custom Gaming PCs'}"
https://compujordan.com/rampage-power-92,"{'Gaming', 'Custom Gaming PCs'}"
https://compujordan.com/rampage-power-91,"{'Gaming', 'Custom Gaming PCs'}"
https://compujordan.com/rampage-power-90,"{'Gaming', 'Custom Gaming PCs'}"
https://compujordan.com/rampage-power-89,"{'Gaming', 'Custom Gaming PCs'}"
https://compujordan.com/rampage-power-88,"{'Gaming', 'Custom Gaming PCs'}"
https://compujordan.com/rampage-power-87,"{'Gaming', 'Custom Gaming PCs'}"
https://compujordan.com/rampage-power-86,"{'Gaming', 'Custom Gaming PCs'}"
https://compujordan.com/rampage-power-85,"{'Gaming', 'Custom Gaming PCs'}"
https://compujordan.com/rampage-power-84,"{'Gaming', 'Custom Gaming PCs'}"
https://compujordan.com/rampage-power-83,"{'Gaming', 'Custom Gaming PCs'}"
https://compujordan.com/rampage-power-82,"{'Gaming', 'Custom Gaming PCs'}"
https://compujordan.com/rampage-power-81,"{'Gaming', 'Custom Gaming PCs'}"
https://compujordan.com/rampage-power-80,"{'Gaming', 'Custom Gaming PCs'}"
https://compujordan.com/rampage-power-79,"{'Gaming', 'Custom Gaming PCs'}"
https://compujordan.com/rampage-power-78,"{'Gaming', 'Custom Gaming PCs'}"
https://compujordan.com/rampage-power-77,"{'Gaming', 'Custom Gaming PCs'}"
https://compujordan.com/rampage-power-76,"{'Gaming', 'Custom Gaming PCs'}"
https://compujordan.com/rampage-power-75,"{'Gaming', 'Custom Gaming PCs'}"
https://compujordan.com/rampage-power-74,"{'Gaming', 'Custom Gaming PCs'}"
https://compujordan.com/rampage-power-73,"{'Gaming', 'Custom Gaming PCs'}"
https://compujordan.com/rampage-power-72,"{'Gaming', 'Custom Gaming PCs'}"
https://compujordan.com/rampage-power-71,"{'Gaming', 'Custom Gaming PCs'}"
https://compujordan.com/rampage-power-70,"{'Gaming', 'Custom Gaming PCs'}"
https://compujordan.com/rampage-power-69,"{'Gaming', 'Custom Gaming PCs'}"
https://compujordan.com/rampage-power-68,"{'Gaming', 'Custom Gaming PCs'}"
https://compujordan.com/rampage-power-67,"{'Gaming', 'Custom Gaming PCs'}"
https://compujordan.com/rampage-power-66,"{'Gaming', 'Custom Gaming PCs'}"
https://compujordan.com/rampage-power-65,"{'Gaming', 'Custom Gaming PCs'}"
https://compujordan.com/rampage-power-64,"{'Gaming', 'Custom Gaming PCs'}"
https://compujordan.com/rampage-power-63,"{'Gaming', 'Custom Gaming PCs'}"
https://compujordan.com/rampage-power-62,"{'Gaming', 'Custom Gaming PCs'}"
https://compujordan.com/rampage-power-61,"{'Gaming', 'Custom Gaming PCs'}"
https://compujordan.com/rampage-power-60,"{'Gaming', 'Custom Gaming PCs'}"
https://compujordan.com/rampage-power-59,"{'Gaming', 'Custom Gaming PCs'}"
https://compujordan.com/rampage-power-58,"{'Gaming', 'Custom Gaming PCs'}"
https://compujordan.com/rampage-power-57,"{'Gaming', 'Custom Gaming PCs'}"
https://compujordan.com/rampage-power-56,"{'Gaming', 'Custom Gaming PCs'}"
https://compujordan.com/rampage-power-55,"{'Gaming', 'Custom Gaming PCs'}"
https://compujordan.com/rampage-power-54,"{'Gaming', 'Custom Gaming PCs'}"
https://compujordan.com/rampage-power-53,"{'Gaming', 'Custom Gaming PCs'}"
https://compujordan.com/rampage-power-51,"{'Gaming', 'Custom Gaming PCs'}"
https://compujordan.com/rampage-power-50,"{'Gaming', 'Custom Gaming PCs'}"
https://compujordan.com/rampage-power-52,"{'Gaming', 'Custom Gaming PCs'}"
https://compujordan.com/rampage-power-49,"{'Gaming', 'Custom Gaming PCs'}"
https://compujordan.com/rampage-power-48,"{'Gaming', 'Custom Gaming PCs'}"
https://compujordan.com/rampage-power-47,"{'Gaming', 'Custom Gaming PCs'}"
https://compujordan.com/rampage-power-46,"{'Gaming', 'Custom Gaming PCs'}"
https://compujordan.com/rampage-power-45,"{'Gaming', 'Custom Gaming PCs'}"
https://compujordan.com/rampage-power-44,"{'Gaming', 'Custom Gaming PCs'}"
https://compujordan.com/rampage-power-43,"{'Gaming', 'Custom Gaming PCs'}"
https://compujordan.com/rampage-power-42,"{'Gaming', 'Custom Gaming PCs'}"
https://compujordan.com/rampage-power-41,"{'Gaming', 'Custom Gaming PCs'}"
https://compujordan.com/rampage-power-40,"{'Gaming', 'Custom Gaming PCs'}"
https://compujordan.com/rampage-power-39,"{'Gaming', 'Custom Gaming PCs'}"
https://compujordan.com/rampage-power-38,"{'Gaming', 'Custom Gaming PCs'}"
https://compujordan.com/rampage-power-37,"{'Gaming', 'Custom Gaming PCs'}"
https://compujordan.com/rampage-power-36,"{'Gaming', 'Custom Gaming PCs'}"
https://compujordan.com/rampage-power-35,"{'Gaming', 'Custom Gaming PCs'}"
https://compujordan.com/rampage-power-34,"{'Gaming', 'Custom Gaming PCs'}"
https://compujordan.com/rampage-power-33,"{'Gaming', 'Custom Gaming PCs'}"
https://compujordan.com/rampage-power-32,"{'Gaming', 'Custom Gaming PCs'}"
https://compujordan.com/rampage-power-31,"{'Gaming', 'Custom Gaming PCs'}"
https://compujordan.com/rampage-power-30,"{'Gaming', 'Custom Gaming PCs'}"
https://compujordan.com/rampage-power-29,"{'Gaming', 'Custom Gaming PCs'}"
https://compujordan.com/rampage-power-28,"{'Gaming', 'Custom Gaming PCs'}"
https://compujordan.com/rampage-power-27,"{'Gaming', 'Custom Gaming PCs'}"
https://compujordan.com/rampage-power-26,"{'Gaming', 'Custom Gaming PCs'}"
https://compujordan.com/rampage-power-25,"{'Gaming', 'Custom Gaming PCs'}"
https://compujordan.com/rampage-power-24,"{'Gaming', 'Custom Gaming PCs'}"
https://compujordan.com/rampage-power-23,"{'Gaming', 'Custom Gaming PCs'}"
https://compujordan.com/rampage-power-22,"{'Gaming', 'Custom Gaming PCs'}"
https://compujordan.com/rampage-power-21,"{'Gaming', 'Custom Gaming PCs'}"
https://compujordan.com/rampage-power-20,"{'Gaming', 'Custom Gaming PCs'}"
https://compujordan.com/rampage-power-19,"{'Gaming', 'Custom Gaming PCs'}"
https://compujordan.com/rampage-power-18,"{'Gaming', 'Custom Gaming PCs'}"
https://compujordan.com/rampage-power-17,"{'Gaming', 'Custom Gaming PCs'}"
https://compujordan.com/rampage-power-16,"{'Gaming', 'Custom Gaming PCs'}"
https://compujordan.com/rampage-power-15,"{'Gaming', 'Custom Gaming PCs'}"
https://compujordan.com/rampage-power-14,"{'Gaming', 'Custom Gaming PCs'}"
https://compujordan.com/rampage-power-13,"{'Gaming', 'Custom Gaming PCs'}"
https://compujordan.com/rampage-power-12,"{'Gaming', 'Custom Gaming PCs'}"
https://compujordan.com/rampage-power-11,"{'Gaming', 'Custom Gaming PCs'}"
https://compujordan.com/rampage-power-10,"{'Gaming', 'Custom Gaming PCs'}"
https://compujordan.com/rampage-power-9,"{'Gaming', 'Custom Gaming PCs'}"
https://compujordan.com/rampage-power-8,"{'Gaming', 'Custom Gaming PCs'}"
https://compujordan.com/rampage-power-7,"{'Gaming', 'Custom Gaming PCs'}"
https://compujordan.com/rampage-power-6,"{'Gaming', 'Custom Gaming PCs'}"
https://compujordan.com/rampage-power-5,"{'Gaming', 'Custom Gaming PCs'}"
https://compujordan.com/rampage-power-4,"{'Gaming', 'Custom Gaming PCs'}"
https://compujordan.com/rampage-power-3,"{'Gaming', 'Custom Gaming PCs'}"
https://compujordan.com/lenovo-v15-gen-5-intel-core-i5-13420h-16gb-ddr4-512gb-ssd-15-6-fhd-business-laptop,"{'PC and Laptops', 'Laptops'}"
https://compujordan.com/acer-aspire-3-a315-58g-79tx-laptop-silver,"{'PC and Laptops', 'Laptops'}"
https://compujordan.com/asus-vivobook-s15-s5507-copilot-pc-laptop-snapdragon-x-plus-x1p-42-100-15-6-3k-oled-120hz,"{'PC and Laptops', 'Laptops'}"
https://compujordan.com/dell-inspiron-15-3530-13th-gen-intel-core-i7-1355u-laptop,"{'PC and Laptops', 'Laptops'}"
https://compujordan.com/asus-vivobook-15-x1504va-laptop-intel-core-7-150u-16-gb-ddr4-512gb-ssd-15-6-fhd-display-laptop,"{'PC and Laptops', 'Laptops'}"
https://compujordan.com/lenovo-ideapad-slim-3-intel-celeron-n100-8gb-memory-256gb-ssd-w-free-lenovo-bag-original-laptop,"{'PC and Laptops', 'Laptops'}"
https://compujordan.com/lenovo-ideapad-slim-3-intel-core-i3-1315u-8gb-ddr5-512gb-ssd-15-6-fhd-laptop,"{'PC and Laptops', 'Laptops'}"
https://compujordan.com/lenovo-ideapad-1-15-6-hd-laptop-intel-celeron-n4500-8gb-ram-256gb-nvme-ssd-laptop,"{'PC and Laptops', 'Laptops'}"
https://compujordan.com/lenovo-thinkbook-16-g9-irl-intel-core-7-240h-5-2ghz-10-cores-16gb-ddr5-512gb-m-2-ssd-16-fhd-ips-400nits-wi-fi-7-w-16-laptop-casual-toploader-2-year-warranty-business-laptop,"{'PC and Laptops', 'Laptops'}"
https://compujordan.com/lenovo-thinkpad-edge-e16-gen3-amd-ryzen-7-250-ai-pc-8core-w-ddr5-memory-backlit-keyboard-2-years-warranty-business-laptop,"{'PC and Laptops', 'Laptops'}"
https://compujordan.com/lenovo-thinkpad-edge-e16-gen3-intel-ultra-7-256v-ai-pc-12core-w-ddr5-memory-backlit-keyboard-2-years-warranty-business-laptop,"{'PC and Laptops', 'Laptops'}"
https://compujordan.com/asus-vivobook-15-x1504va-bq4173-intel-core-7-150u-8gb-ddr5-512gb-ssd-wi-fi-6-bluetooth-5-2-laptop,"{'PC and Laptops', 'Laptops'}"
https://compujordan.com/asus-vivobook-15-x1504va-bq4172-intel-core-5-120u-8gb-ddr5-512gb-ssd-wi-fi-6-bluetooth-5-2-laptop,"{'PC and Laptops', 'Laptops'}"
https://compujordan.com/acer-aspire-lite-16-2025-13th-gen-intel-core-i7-13620h-16gb-ddr5-15-6-wuxga-ips-512-gb-ssd,"{'PC and Laptops', 'Laptops'}"
https://compujordan.com/acer-aspire-lite-16-13th-gen-intel-core-i5-1334u-8gb-ddr5-16-wuxga-ips-512-gb-ssd,"{'PC and Laptops', 'Laptops'}"
https://compujordan.com/lenovo-ideapad-slim-3-intel-core-i3-1315u-8gb-ddr5-256gb-ssd-15-6-fhd-tn-laptop,"{'PC and Laptops', 'Laptops'}"
https://compujordan.com/lenovo-ideapad-slim-3-intel-core-i5-13420h-8gb-ddr5-512gb-ssd-15-3-fhd-ips-laptop,"{'PC and Laptops', 'Laptops'}"
https://compujordan.com/lenovo-ideapad-slim-3-15irh10-intel-core-i7-13620h-16gb-ddr5-ram-512gb-ssd-15-3-inch-fhd-ips-display-windows-11-home-2025-laptop,"{'PC and Laptops', 'Laptops'}"
https://compujordan.com/asus-vivobook-14-flip-tp3407-intel-core-ultra-7-16gb-ram-512gb-ssd-14-oled-touchscreen-with-stylus-support-laptop,"{'PC and Laptops', 'Laptops'}"
https://compujordan.com/asus-vivobook-s-15-oled-k5507qa-snapdragon-x-plus-16gb-ram-1tb-ssd-15-6-3k-oled-120hz-laptop,"{'PC and Laptops', 'Laptops'}"
https://compujordan.com/asus-zenbook-s-13-oled-ux5304ma-laptop,"{'PC and Laptops', 'Laptops'}"
https://compujordan.com/asus-vivobook-16-x1605va-intel-core-i7-13700h-14-core-windows-11-home-laptop,"{'PC and Laptops', 'Laptops'}"
https://compujordan.com/asus-vivobook-15-x1504-intel-core-5-120u-laptop-cool-silver,"{'PC and Laptops', 'Laptops'}"
https://compujordan.com/lenovo-v14-g4-iru-13th-gen-intel-core-i7-13620h-business-laptop,"{'PC and Laptops', 'Laptops'}"
https://compujordan.com/dell-15-dc15250-13th-gen-intel-core-i5-1334u-15-6-fhd-touch-screen-laptop,"{'PC and Laptops', 'Laptops'}"
https://compujordan.com/dell-vostro-3530-13th-gen-intel-core-i7-1355u-business-laptop,"{'PC and Laptops', 'Laptops'}"
https://compujordan.com/lenovo-thinkpad-edge-e16-gen3-intel-ultra-5-225u-ai-pc-12core-w-ddr5-memory-backlit-keyboard-2-years-warranty-business-laptop,"{'PC and Laptops', 'Laptops'}"
https://compujordan.com/asus-vivobook-15-x1504va-bq143-intel-core-i3-1315u-512gb-ssd-laptop,"{'PC and Laptops', 'Laptops'}"
https://compujordan.com/hp-250-g10-laptop-intel-core-i7-1355u-16gb-ram-512gb-ssd-15-6-fhd-anti-glare-laptop,"{'PC and Laptops', 'Laptops'}"
https://compujordan.com/lenovo-thinkpad-edge-e16-gen-3-2025-intel-core-ultra-7-255h-ai-pc-16-wuxga-ips-ddr5-backlit-keyboard-2-years-warranty-business-laptop,"{'PC and Laptops', 'Laptops'}"
https://compujordan.com/lenovo-v15-gen-5-2025-intel-core-i7-13620h-16gb-ddr5-512gb-ssd-intel-uhd-graphics-15-6-fhd-2-years-warranty-business-laptop,"{'PC and Laptops', 'Laptops'}"
https://compujordan.com/lenovo-thinkpad-edge-e16-gen3-2025-intel-ultra-5-225u-ai-pc-12core-w-ddr5-memory-backlit-keyboard-2-years-warranty-business-laptop,"{'PC and Laptops', 'Laptops'}"
https://compujordan.com/dell-vostro-3530-laptop-intel-core-i3-1305u-8gb-ddr4-512gb-ssd-intel-uhd-graphics-15-6-fhd-120hz-display,"{'PC and Laptops', 'Laptops'}"
https://compujordan.com/asus-vivobook-15-x1504va-laptop-intel-core-7-150u-8gb-ddr4-512gb-ssd-15-3-fhd-display,"{'PC and Laptops', 'Laptops'}"
https://compujordan.com/lenovo-v15-gen-5-intel-core-i7-13620h-8gb-ddr4-512gb-ssd-intel-uhd-graphics-15-6-fhd-business-laptop,"{'PC and Laptops', 'Laptops'}"
https://compujordan.com/lenovo-v15-gen-4-intel-core-i5-13420h-16gb-ddr4-512gb-ssd-radeon-610m-15-6-fhd-business-laptop,"{'PC and Laptops', 'Laptops'}"
https://compujordan.com/lenovo-v15-gen-4-amd-ryzen-5-7520-8gb-lpddr5-1tb-ssd-radeon-610m-15-6-fhd-business-laptop,"{'PC and Laptops', 'Laptops'}"
https://compujordan.com/lenovo-thinkpad-edge-e14-gen-7-intel-core-ultra-7-255h-16gb-ddr5-1tb-ssd-intel-arc-140t-14-wuxga-business-laptop,"{'PC and Laptops', 'Laptops'}"
https://compujordan.com/lenovo-thinkpad-edge-e16-gen-3-amd-ryzen-7-250-16gb-ddr5-1tb-ssd-radeon-780m-16-wuxga-business-laptop,"{'PC and Laptops', 'Laptops'}"
https://compujordan.com/asus-vivobook-s-14-flip-tp3402va-intel-core-i9-13900h-16gb-ram-1tb-ssd-14-wuxga-touch-touch-laptop,"{'PC and Laptops', 'Laptops'}"
https://compujordan.com/lenovo-thinkpad-edge-e16-gen-3-2025-intel-core-ultra-7-255h-16-wuxga-ips-ddr5-backlit-keyboard-business-laptop,"{'PC and Laptops', 'Laptops'}"
https://compujordan.com/asus-vivobook-16x-oled-k3605vc-13th-gen-intel-core-i7-oled-3-2k-120-hz-up-to-rtx-3050-laptop,"{'PC and Laptops', 'Laptops'}"
https://compujordan.com/lenovo-ideapad-slim-3-2024-13th-gen-intel-core-i5-13420h-8-gb-ddr5-512-gb-ssd-15-6-fhd-laptop,"{'PC and Laptops', 'Laptops'}"
https://compujordan.com/acer-aspire-lite-15-al15-32p-c76y-intel-celeron-n4500-8-gb-lpddr4x-256-gb-ssd-15-6-fhd-usb-c,"{'PC and Laptops', 'Laptops'}"
https://compujordan.com/acer-aspire-lite-16-2024-13th-gen-intel-core-i5-1334u-ddr5-16-wuxga-ips-512-gb-ssd,"{'PC and Laptops', 'Laptops'}"
https://compujordan.com/lenovo-ideapad-5-2-in-1-14irh9-flip-intel-core-i5-13420h-processor-14-0-inch-touch-screen-wuxga-laptop,"{'PC and Laptops', 'Laptops'}"
https://compujordan.com/lenovo-ideapad-flex-5-2025-new-amd-ryzen-7-processor-14-0-inch-touch-screen-wuxga-laptop,"{'PC and Laptops', 'Laptops'}"
https://compujordan.com/lenovo-ideapad-5-2-in-1-14iru9-flip-2025-new-intel-core-5-120u-processor-14-0-inch-touch-screen-wuxga-laptop,"{'PC and Laptops', 'Laptops'}"
https://compujordan.com/lenovo-yoga-slim-7i-aura-edition-2025-touch-screen-laptop,"{'PC and Laptops', 'Laptops'}"
https://compujordan.com/lenovo-yoga-pro-7i-gen-10-aura-edition-2025-touch-screen-laptop,"{'PC and Laptops', 'Laptops'}"
https://compujordan.com/dell-vostro-3530-13gen-intel-core-i7-10-core-w-120hz-display-laptop,"{'PC and Laptops', 'Laptops'}"
https://compujordan.com/dell-vostro-3530-13gen-intel-core-i5-10-core-w-120hz-display-laptop,"{'PC and Laptops', 'Laptops'}"
https://compujordan.com/lenovo-ideapad-1-intel-celeron-n4500-8gb-memory-256gb-ssd-laptop,"{'PC and Laptops', 'Laptops'}"
https://compujordan.com/lenovo-thinkpad-edge-e14-gen2-intel-ultra-5-125u-12core-w-ddr5-memory-backlit-keyboard-2-years-warranty-business-laptop,"{'PC and Laptops', 'Laptops'}"
https://compujordan.com/lenovo-thinkpad-edge-e16-gen2-intel-ultra-5-125u-12core-w-ddr5-memory-backlit-keyboard-2-years-warranty-business-laptop,"{'PC and Laptops', 'Laptops'}"
https://compujordan.com/lenovo-thinkpad-edge-e14-gen2-intel-ultra-i7-155h-16core-w-ddr5-memory-backlit-keyboard-2-years-warranty-business-laptop,"{'PC and Laptops', 'Laptops'}"
https://compujordan.com/lenovo-thinkpad-edge-e16-gen2-intel-ultra-i7-155h-16core-w-ddr5-memory-backlit-keyboard-2-years-warranty-business-laptop,"{'PC and Laptops', 'Laptops'}"
https://compujordan.com/dell-vostro-3520-intel-core-i7-10-core-12gen-w-16gb-ram-512gb-ssd-laptop,"{'PC and Laptops', 'Laptops'}"
https://compujordan.com/dell-vostro-3520-intel-core-i7-10-core-12gen-w-8gb-ram-512gb-ssd-laptop,"{'PC and Laptops', 'Laptops'}"
https://compujordan.com/asus-vivobook-go-15-oled-e1504f-laptop,"{'PC and Laptops', 'Laptops'}"
https://compujordan.com/asus-vivobook-15-x1504va-nj379-laptop,"{'PC and Laptops', 'Laptops'}"
https://compujordan.com/asus-vivobook-15-a1504va-nj539-laptop,"{'PC and Laptops', 'Laptops'}"
https://compujordan.com/lenovo-thinkpad-edge-e14-gen1-intel-core-i7-13700h-13gen-2-years-warranty-business-laptop,"{'PC and Laptops', 'Laptops'}"
https://compujordan.com/lenovo-thinkpad-edge-e16-gen1-amd-ryzen-7-7730u-2-years-warranty-business-laptop,"{'PC and Laptops', 'Laptops'}"
https://compujordan.com/lenovo-thinkpad-edge-e16-gen1-intel-core-i7-13700h-13gen-2-years-warranty-business-laptop,"{'PC and Laptops', 'Laptops'}"
https://compujordan.com/hp-envy-15-x360-15-fe0007ne-13gen-intel-core-i7-10-cores-nvidia-geforce-rtx-3050-4-gb-oled-display-2-in-1-touch-laptop,"{'PC and Laptops', 'Laptops'}"
https://compujordan.com/hp-pavilion-x360-14-ek1008ne-13gen-intel-core-i7-10-cores-2-in-1-touch-laptop,"{'PC and Laptops', 'Laptops'}"
https://compujordan.com/hp-pavilion-x360-14-ek1009ne-13gen-intel-core-i7-10-cores-2-in-1-touch-laptop,"{'PC and Laptops', 'Laptops'}"
https://compujordan.com/hp-pavilion-x360-14-ek1002ne-13gen-intel-core-i5-10-cores-2-in-1-touch-laptop,"{'PC and Laptops', 'Laptops'}"
https://compujordan.com/lenovo-ideapad-1-intel-celeron-n4020-8gb-memory-and-256gb-ssd-laptop,"{'PC and Laptops', 'Laptops'}"
https://compujordan.com/lenovo-ideapad-slim-3-intel-core-i3-1305u-13th-gen-5-cores-with-ddr5-memory-ips-300-nits-display-laptop,"{'PC and Laptops', 'Laptops'}"
https://compujordan.com/lenovo-ideapad-slim-3-intel-core-i7-13620h-13th-gen-ddr5-memory-ips-300nits-display-laptop,"{'PC and Laptops', 'Laptops'}"
https://compujordan.com/lenovo-ideapad-slim-3-intel-core-i5-13th-gen-13420h-ddr5-memory-ips-300nits-display-laptop,"{'PC and Laptops', 'Laptops'}"
https://compujordan.com/dell-vostro-3520-intel-core-i5-10-core-12gen-w-8gb-ram-512gb-ssd-laptop,"{'PC and Laptops', 'Laptops'}"
https://compujordan.com/hp-15-fd0371nia-intel-core-i7-1355u-13gen-10-core-512gb-ssd-nvidia-geforce-mx570-2gb-laptop,"{'PC and Laptops', 'Laptops'}"
https://compujordan.com/hp-15-fd0022ne-intel-core-i7-1355u-13gen-10-core-512gb-ssd-laptop,"{'PC and Laptops', 'Laptops'}"
https://compujordan.com/asus-e510ma-br583-intel-celeron-n4020-256gb-m-2-nvme-ssd-15-6-fhd-laptop,"{'PC and Laptops', 'Laptops'}"
https://compujordan.com/hp-probook-450-g9-new-intel-core-i7-12gen-512gb-ssd-2gb-graphics-mx570-business-laptop,"{'PC and Laptops', 'Laptops'}"
https://compujordan.com/hp-15s-fq5014ny-intel-core-i5-1235u-12gen-8gb-ddr4-15-6-fhd-laptop,"{'PC and Laptops', 'Laptops'}"
https://compujordan.com/dell-vostro-3520-12gen-intel-core-i7-10-core-w-512gb-ssd-laptop,"{'PC and Laptops', 'Laptops'}"
https://compujordan.com/lenovo-new-thinkpad-edge-e16-gen1-intel-core-i7-13gen-10-core-w-fhd-webcam-nvidia-2gb-mx550-laptop,"{'PC and Laptops', 'Laptops'}"
https://compujordan.com/lenovo-thinkpad-edge-e16-gen-1-intel-core-i5-13-gen-10-core-w-fhd-webcam-backlit-keyboard-laptop,"{'PC and Laptops', 'Laptops'}"
https://compujordan.com/dell-vostro-3520-12gen-intel-core-i7-10-core-w-ssd-nvidia-2gb-ddr6-graphic-card-120hz-display-aluminum-grey-laptop,"{'PC and Laptops', 'Laptops'}"
https://compujordan.com/dell-vostro-3520-intel-core-i5-10-core-12gen-w-8gb-ram-256gb-ssd-laptop,"{'PC and Laptops', 'Laptops'}"
https://compujordan.com/dell-vostro-3520-12gen-intel-core-i3-6-core-w-512gb-ssd-laptop,"{'PC and Laptops', 'Laptops'}"
https://compujordan.com/hp-250-8a517ea-intel-core-i3-1315u-13gen-8gb-ram-512gb-ssd-laptop,"{'PC and Laptops', 'Laptops'}"
https://compujordan.com/hp-15-fd0236nia-intel-core-i7-1355u-13gen-10-core-512gb-ssd-nvidia-geforce-mx550-2gb-laptop,"{'PC and Laptops', 'Laptops'}"
https://compujordan.com/lenovo-ideapad-3-intel-core-i7-1255u-12gen-10-core-512gb-ssd-laptop,"{'PC and Laptops', 'Laptops'}"
https://compujordan.com/lenovo-thinkpad-edge-e14-gen-5-intel-core-i5-13gen-10-core-w-ssd-gen-4-0-ips-300nits-display,"{'PC and Laptops', 'Laptops'}"
https://compujordan.com/lenovo-thinkpad-edge-e16-gen-1-intel-core-i7-13gen-10-core-w-fhd-webcam-ssd-gen-4-0-ips-display-2-years-warranty,"{'PC and Laptops', 'Laptops'}"
https://compujordan.com/lenovo-thinkpad-edge-e16-gen-1-intel-core-i5-13gen-10-core-w-fhd-webcam-ssd-gen-4-0-nvidia-mx550-2gb-2-years-warranty,"{'PC and Laptops', 'Laptops'}"
https://compujordan.com/lenovo-thinkpad-edge-e16-gen-1-intel-core-i5-13gen-10-core-w-fhd-webcam-ssd-gen-4-0-ips-display-2-years-warranty,"{'PC and Laptops', 'Laptops'}"
https://compujordan.com/dell-vostro-3520-12gen-intel-core-i7-10-core-w-ssd-2gb-ddr6-graphic-card-120hz-display-aluminum-grey-laptop,"{'PC and Laptops', 'Laptops'}"
https://compujordan.com/dell-vostro-3520-12gen-intel-core-i3-6-core-w-256gb-ssd-black-laptop,"{'PC and Laptops', 'Laptops'}"
https://compujordan.com/dell-vostro-3520-intel-core-i5-10-core-12gen-w-256gb-ssd-black-laptop,"{'PC and Laptops', 'Laptops'}"
https://compujordan.com/hp-15-dw4026ne-core-i7-1255u-12-gen-8gb-ddr4-nvidia-mx550-15-6-fhd-laptop,"{'PC and Laptops', 'Laptops'}"
https://compujordan.com/lenovo-new-ideapad-1-intel-celeron-n4020-8gb-memory-and-256gb-ssd-laptop-2023,"{'PC and Laptops', 'Laptops'}"
https://compujordan.com/lenovo-ideapad-slim-3-intel-core-i5-12th-gen-ddr5-memory-laptop-new,"{'PC and Laptops', 'Laptops'}"
https://compujordan.com/lenovo-ideapad-slim-3-intel-core-i3-13th-gen-5-cores-with-ddr5-memory-ips-300-nits-display-gray-laptop-new-2023,"{'PC and Laptops', 'Laptops'}"
https://compujordan.com/asus-x515ma-br473ws-laptop-intel-celeron-n4020-processor-1-1-ghz,"{'PC and Laptops', 'Laptops'}"
https://compujordan.com/dell-vostro-3400-intel-i3-1115g4-14-inches-hd-display-laptop,"{'PC and Laptops', 'Laptops'}"
https://compujordan.com/dell-vostro-3400-11th-gen-intel-i5-1135g7-14-inches-fhd-anti-glare-display-laptop,"{'PC and Laptops', 'Laptops'}"
https://compujordan.com/lenovo-ideapad-1-amd-r3-7320u-8gb-256gb-ssd-laptop,"{'PC and Laptops', 'Laptops'}"
https://compujordan.com/lenovo-ideapad-1-intel-core-i3-1215u-12-gen-with-windows-11-home-laptop,"{'PC and Laptops', 'Laptops'}"
https://compujordan.com/hp-pavilion-15-eg2016ne-intel-12gen-core-i7-10-cores-aluminium-fhd-ips-display-silver-laptop,"{'PC and Laptops', 'Laptops'}"
https://compujordan.com/hp-pavilion-15-eg2014ne-intel-12gen-core-i7-10-cores-aluminium-fhd-ips-display-gold-laptop,"{'PC and Laptops', 'Laptops'}"
https://compujordan.com/asus-zenbook-duo-14-ux482eg-new-intel-core-i7-4-cores-dual-monitor-touch-screen,"{'PC and Laptops', 'Laptops'}"
https://compujordan.com/hp-probook-450-g9-new-intel-core-i7-12gen-512gb-ssd-business-laptop,"{'PC and Laptops', 'Laptops'}"
https://compujordan.com/hp-probook-450-g9-new-intel-core-i5-12gen-512gb-ssd-business-laptop,"{'PC and Laptops', 'Laptops'}"
https://compujordan.com/hp-15s-fq5021ne-intel-core-i5-1235u-12th-2023-512gb-ssd-laptop,"{'PC and Laptops', 'Laptops'}"
https://compujordan.com/lenovo-ideapad-3-intel-celeron-n4020-15-6-hd-laptop,"{'PC and Laptops', 'Laptops'}"
https://compujordan.com/lenovo-ideapad-3-intel-core-i7-1255u-12gen-512gb-ssd-laptop,"{'PC and Laptops', 'Laptops'}"
https://compujordan.com/lenovo-ideapad-3-intel-core-i5-1155g7-11th-512gb-ssd-laptop,"{'PC and Laptops', 'Laptops'}"
https://compujordan.com/hp-spectre-x360-13-5-2023-16-f2003ne-new-13gen-intel-core-i7-14-cores-2-in-1-touch-16-3k-400nis-display-black,"{'PC and Laptops', 'Laptops'}"
https://compujordan.com/hp-spectre-x360-13-5-2023-14-ef2000ne-new-13gen-intel-core-i7-10-cores-2-in-1-touch-400nits-display-black,"{'PC and Laptops', 'Laptops'}"
https://compujordan.com/hp-spectre-x360-13-5-2023-14-ef2002ne-new-13gen-intel-core-i7-10-cores-2-in-1-touch-w-amoled-3k-400nis-display-black,"{'PC and Laptops', 'Laptops'}"
https://compujordan.com/dell-vostro-3510-2021-new-11th-intel-core-i5-4-cores-business-class-w-ssd-laptop,"{'PC and Laptops', 'Laptops'}"
https://compujordan.com/lg-gram-14-ultra-lightweight-slim-intel-core-i7-11th-silver,"{'PC and Laptops', 'Laptops'}"
https://compujordan.com/lenovo-ideapad-3-intel-core-i3-1115g4-11th-laptop,"{'PC and Laptops', 'Laptops'}"
https://compujordan.com/lenovo-ideapad-3-intel-core-i7-1165g7-11th-2022-2gb-mx450-laptop,"{'PC and Laptops', 'Laptops'}"
https://compujordan.com/lenovo-ideapad-3-intel-core-i5-1155g7-11th-2022-2gb-mx350-laptop,"{'PC and Laptops', 'Laptops'}"
https://compujordan.com/lenovo-ideapad-3-i5-12th-gen-new-2022-laptop,"{'PC and Laptops', 'Laptops'}"
https://compujordan.com/lenovo-ideapad-3-intel-core-i7-1165g7-2gb-graphics-mx450-grey-laptop,"{'PC and Laptops', 'Laptops'}"
https://compujordan.com/lenovo-ideapad-3-intel-core-i7-1165g7-2gb-graphics-mx450-blue-laptop,"{'PC and Laptops', 'Laptops'}"
https://compujordan.com/lenovo-ideapad-3-i5-11th-gen-1135g7-2gb-graphics-mx450-laptop,"{'PC and Laptops', 'Laptops'}"
https://compujordan.com/lenovo-ideapad-3-new-intel-core-i5-1235u-12th-laptop,"{'PC and Laptops', 'Laptops'}"
https://compujordan.com/hp-spectre-x360-2022-2-in-1-14-ef0002ne-new-intel-core-i7-1235u-12th-touch-laptop,"{'PC and Laptops', 'Laptops'}"
https://compujordan.com/hp-pavilion-x360-2-in-1-14-ek0000ne-new-intel-core-i7-1235u-12th-touch-laptop,"{'PC and Laptops', 'Laptops'}"
https://compujordan.com/hp-pavilion-x360-2-in-1-14-ek0002ne-new-intel-core-i5-1235u-12th-touch-laptop,"{'PC and Laptops', 'Laptops'}"
https://compujordan.com/lg-gram-17-ultra-lightweight-and-slim-laptop-with-intel-evo-11th-gen-intel-ci7-laptop,"{'PC and Laptops', 'Laptops'}"
https://compujordan.com/lg-gram-17-ultra-lightweight-and-slim-laptop-with-intel-evo-11th-gen-intel-ci5-laptop,"{'PC and Laptops', 'Laptops'}"
https://compujordan.com/lg-gram-16-ultra-lightweight-and-slim-laptop-with-intel-evo-11th-gen-intel-ci7-laptop,"{'PC and Laptops', 'Laptops'}"
https://compujordan.com/lg-gram-16-ultra-lightweight-and-slim-laptop-with-intel-evo-11th-gen-intel-ci5-laptop,"{'PC and Laptops', 'Laptops'}"
https://compujordan.com/hp-laptop-15s-fq5000nia-2022-new-intel-core-i3-12gen-w-ssd-laptop,"{'PC and Laptops', 'Laptops'}"
https://compujordan.com/dell-vostro-3510-2021-new-11th-intel-core-i3-w-ssd-business-laptop,"{'PC and Laptops', 'Laptops'}"
https://compujordan.com/lenovo-thinkpad-e14-gen-4-new-intel-core-i7-1235u-12gen-14-0-ips-fhd-business-laptop,"{'PC and Laptops', 'Laptops'}"
https://compujordan.com/hp-probook-450-g8-new-core-i5-11th-512gb-ssd-ips-display-business-laptop,"{'PC and Laptops', 'Laptops'}"
https://compujordan.com/hp-probook-450-g8-new-core-i7-11th-1tb-ssd-ips-display-business-laptop,"{'PC and Laptops', 'Laptops'}"
https://compujordan.com/lenovo-ideapad-3-intel-core-i5-1135g7-laptop,"{'PC and Laptops', 'Laptops'}"
https://compujordan.com/lenovo-ideapad-3-intel-core-i3-10110u-laptop,"{'PC and Laptops', 'Laptops'}"
https://compujordan.com/lenovo-thinkpad-e15-gen-4-new-intel-core-i5-1235u-12gen-15-6-ips-fhd-2gb-graphic-business-laptop,"{'PC and Laptops', 'Laptops'}"
https://compujordan.com/asus-vivobook-15-x515ea-intel-core-i3-1115g4-256gb-ssd-laptop,"{'PC and Laptops', 'Laptops'}"
https://compujordan.com/dynabook-satellite-pro-c50d-b-10e-amd-r7-5800u-256gb-ssd-laptop,"{'PC and Laptops', 'Laptops'}"
https://compujordan.com/dynabook-satellite-pro-l50-j-12g-intel-core-i7-1165g7-laptop,"{'PC and Laptops', 'Laptops'}"
https://compujordan.com/dynabook-satellite-pro-c50-j-12r-intel-core-i5-1135g7-256gb-ssd-laptop,"{'PC and Laptops', 'Laptops'}"
https://compujordan.com/dynabook-satellite-pro-c40-g-11i-intel-core-i3-10110u-256-gb-ssd-laptop,"{'PC and Laptops', 'Laptops'}"
https://compujordan.com/dynabook-satellite-pro-c50d-b-10n-amd-r5-5600u-512gb-ssd-laptop,"{'PC and Laptops', 'Laptops'}"
https://compujordan.com/lenovo-idea-pad-ip3-amd-athlon-silver-3050u-laptop,"{'PC and Laptops', 'Laptops'}"
https://compujordan.com/lenovo-idea-pad-ip3-intel-celeron-n4020-15-6-hd-256gb-ssd-laptop,"{'PC and Laptops', 'Laptops'}"
https://compujordan.com/hp-probook-455-g8-laptop-amd-r7-5800u-512gb-ssd-laptop,"{'PC and Laptops', 'Laptops'}"
https://compujordan.com/hp-probook-455-g8-laptop-amd-r5-5600u-512gb-ssd-laptop,"{'PC and Laptops', 'Laptops'}"
https://compujordan.com/hp-pavilion-x360-14-dy0011ne-14-0-touch-screen-2-in-1-windows-11-laptop,"{'PC and Laptops', 'Laptops'}"
https://compujordan.com/hp-15s-eq1006ne-new-amd-ryzen-3-256gb-ssd-laptop,"{'PC and Laptops', 'Laptops'}"
https://compujordan.com/hp-pavilion-15-eg0089ne-intel-11gen-core-i7-4-cores-512gb-ssd-blue-laptop,"{'PC and Laptops', 'Laptops'}"
https://compujordan.com/hp-pavilion-15-eg0087ne-intel-11gen-core-i7-4-cores-512gb-ssd-silver-laptop,"{'PC and Laptops', 'Laptops'}"
https://compujordan.com/asus-vivobook-13-slate-oled-t3300ka-intel-pentium-silver-n6000-13-3-oled-fhd-touch-screen-256gb-ssd-included-in-the-box-soft-keyboard-sleeve-stand-stylus-stylus-holder-laptop,"{'PC and Laptops', 'Laptops'}"
https://compujordan.com/asus-x415ep-intel-core-i7-1165g7-512gb-ssd-backlit-chiclet-keyboard-laptop,"{'PC and Laptops', 'Laptops'}"
https://compujordan.com/asus-vivobook-15-k513eq-intel-core-i5-1135g7-512gb-ssd-backlit-chiclet-keyboard-laptop,"{'PC and Laptops', 'Laptops'}"
https://compujordan.com/asus-vivobook-15-x513ea-intel-core-i3-1115g4-512gb-ssd-laptop,"{'PC and Laptops', 'Laptops'}"
https://compujordan.com/asus-vivobook-flip-go-14-tp1401ka-intel-celeron-n4500-14-0-touch-screen-256gb-ssd-laptop,"{'PC and Laptops', 'Laptops'}"
https://compujordan.com/huawei-matebook-e-2022-intel-core-i3-11gen-2-in-1-2-5k-oled-touch-screen-dual-camera-4-mic-with-smart-magnetic-keyboard-grey,"{'PC and Laptops', 'Laptops'}"
https://compujordan.com/asus-x543ma-intel-celeron-n4020-15-6-fhd-windows-10-laptop,"{'PC and Laptops', 'Laptops'}"
https://compujordan.com/lenovo-ideapad-ip3-intel-core-i3-10110u-laptop,"{'PC and Laptops', 'Laptops'}"
https://compujordan.com/lenovo-idea-pad-ip3-intel-celeron-n4020-15-6-hd-black-laptop,"{'PC and Laptops', 'Laptops'}"
https://compujordan.com/lenovo-idea-pad-ip3-intel-celeron-n4020-15-6-hd-grey-laptop,"{'PC and Laptops', 'Laptops'}"
https://compujordan.com/asus-eeebook-e210ma-intel-celeron-n4020-windows-10-laptop,"{'PC and Laptops', 'Laptops'}"
https://compujordan.com/asus-x415fa-core-i3-10100u-256gb-ssd-m-2-backlight-keyboard-laptop,"{'PC and Laptops', 'Laptops'}"
https://compujordan.com/hp-laptop-15s-eq2000ne-amd-ryzen-7-5700u-512gb-ssd-laptop,"{'PC and Laptops', 'Laptops'}"
https://compujordan.com/hp-laptop-15-dw3087ne-new-intel-core-i5-11th-512gb-ssd-laptop,"{'PC and Laptops', 'Laptops'}"
https://compujordan.com/lenovo-ideapad-ip5-amd-ryzen-5-4500u-512gb-ssd-laptop,"{'PC and Laptops', 'Laptops'}"
https://compujordan.com/asus-x543ma-intel-celeron-n4020-15-6-fhd-laptop,"{'PC and Laptops', 'Laptops'}"
https://compujordan.com/lenovo-idea-pad-slim-3-amd-3020e-15-6-hd-thin-and-light-laptop-red,"{'PC and Laptops', 'Laptops'}"
https://compujordan.com/lenovo-idea-pad-slim-3-amd-3020e-15-6-hd-thin-and-light-laptop-black,"{'PC and Laptops', 'Laptops'}"
https://compujordan.com/hp-pavilion-x360-14-dy0002ne-14-0-touch-screen-2-in-1-windows-11-laptop,"{'PC and Laptops', 'Laptops'}"
https://compujordan.com/hp-pavilion-x360-14-dy0007ne-14-0-touch-screen-2-in-1-windows-11-laptop,"{'PC and Laptops', 'Laptops'}"
https://compujordan.com/asus-x415fa-core-i3-10100u-windows-10-laptop,"{'PC and Laptops', 'Laptops'}"
https://compujordan.com/asus-x409fa-core-i3-10100u-laptop,"{'PC and Laptops', 'Laptops'}"
https://compujordan.com/asus-vivobook-pro-14-oled-m3401qa-amd-ryzen-5700h-laptop,"{'PC and Laptops', 'Laptops'}"
https://compujordan.com/asus-zenbook-flip-15-um562-powerful-performance-flexible-mobility-2-in-1-touch-screen,"{'PC and Laptops', 'Laptops'}"
https://compujordan.com/lenovo-idea-pad-ip3-intel-core-i3-10110u-laptop,"{'PC and Laptops', 'Laptops'}"
https://compujordan.com/dell-vostro-3500-new-intel-11th-gen-core-i7-thin-light-black-laptop,"{'PC and Laptops', 'Laptops'}"
https://compujordan.com/dell-vostro-3500-new-intel-11th-gen-core-i5-thin-light-black-laptop,"{'PC and Laptops', 'Laptops'}"
https://compujordan.com/lenovo-think-book-tb15-core-i5-11th-business-laptop,"{'PC and Laptops', 'Laptops'}"
https://compujordan.com/lenovo-think-book-tb15-core-i5-11th-256gb-ssd-business-laptop,"{'PC and Laptops', 'Laptops'}"
https://compujordan.com/dell-inspiron-3501-core-i5-1035g1-256gb-ssdd-15-6-touch-laptop,"{'PC and Laptops', 'Laptops'}"
https://compujordan.com/hp-envy-x360-13-ay0017ne-13-3-fhd-touch-screen-amd-ryzen-5-2-in-1-laptop,"{'PC and Laptops', 'Laptops'}"
https://compujordan.com/huawei-matebook-d-14-reborn-i5-laptop,"{'PC and Laptops', 'Laptops'}"
https://compujordan.com/huawei-matebook-14-core-i5-1135g7-reborn-laptop,"{'PC and Laptops', 'Laptops'}"
https://compujordan.com/hp-15s-du1500tu-intel-core-i3-10110u-windows-10-laptop,"{'PC and Laptops', 'Laptops'}"
https://compujordan.com/lenovo-v14-ada-amd-ryzen-3-3250u-hdd-business-laptop,"{'PC and Laptops', 'Laptops'}"
https://compujordan.com/lenovo-idea-pad-ip3-intel-celeron-n4020-15-6-hd-laptop,"{'PC and Laptops', 'Laptops'}"
https://compujordan.com/asus-laptop-e510ka-celeron-n4500-15-6-fhd-windows-10-laptop,"{'PC and Laptops', 'Laptops'}"
https://compujordan.com/asus-vivo-book-x415ma-celeron-n4020-14-0-hd-256gb-ssd-laptop,"{'PC and Laptops', 'Laptops'}"
https://compujordan.com/asus-zenbook-flip-s13-ux371-11th-gen-intel-core-i7-1165g7-flexible-performance-luxurious-design-laptop,"{'PC and Laptops', 'Laptops'}"
https://compujordan.com/hp-250-g8-core-i3-10th-generation-new-business-laptop,"{'PC and Laptops', 'Laptops'}"
https://compujordan.com/asus-laptop-l510ma-celeron-n4020-15-6-fhd-display-ultra-thin-laptop,"{'PC and Laptops', 'Laptops'}"
https://compujordan.com/hp-pavilion-15-eg0072ne-core-i3-1115g4-dual-256gb-pcie-laptop,"{'PC and Laptops', 'Laptops'}"
https://compujordan.com/hp-envy-x360-13-ay0010ne-ryzen-7-4700u-2-in-1-touch-laptop,"{'PC and Laptops', 'Laptops'}"
https://compujordan.com/lenovo-idea-pad-ip5-intel-core-i5-1135g7-nvidia-mx450-2gb-laptop,"{'PC and Laptops', 'Laptops'}"
https://compujordan.com/lenovo-idea-pad-ip3-intel-core-i7-1165g7-nvidia-mx450-2gb-laptop,"{'PC and Laptops', 'Laptops'}"
https://compujordan.com/lenovo-idea-pad-ip5-intel-core-i7-1165g7-nvidia-mx450-2gb-laptop,"{'PC and Laptops', 'Laptops'}"
https://compujordan.com/lenovo-idea-pad-ip3-intel-core-i3-10110u-nvidia-mx130-2gb-laptop,"{'PC and Laptops', 'Laptops'}"
https://compujordan.com/huawei-matebook-d15-11th-core-i5-1135g7-ssd-512gb-laptop,"{'PC and Laptops', 'Laptops'}"
https://compujordan.com/huawei-matebook-d15-10th-core-i5-10210u-ssd-512gb-laptop,"{'PC and Laptops', 'Laptops'}"
https://compujordan.com/huawei-matebook-d15-core-i3-10110-laptop,"{'PC and Laptops', 'Laptops'}"
https://compujordan.com/lenovo-idea-pad-ip5-intel-core-i5-1035g1-laptop,"{'PC and Laptops', 'Laptops'}"
https://compujordan.com/asus-zenbook-ux325ea-13-oled-core-i5-11th-generation-pine-grey-laptop,"{'PC and Laptops', 'Laptops'}"
https://compujordan.com/asus-zenbook-ux325ea-13-oled-core-i7-11th-generation-pine-grey-laptop,"{'PC and Laptops', 'Laptops'}"
https://compujordan.com/lenovo-ideapad-5-amd-ryzen-3-4300u-laptop,"{'PC and Laptops', 'Laptops'}"
https://compujordan.com/lenovo-v14-amd-dual-core-3020-business-laptop,"{'PC and Laptops', 'Laptops'}"
https://compujordan.com/lenovo-thinkpad-e15-core-i7-1165g7-nvidia-mx450-2gb-business-laptop,"{'PC and Laptops', 'Laptops'}"
https://compujordan.com/lenovo-thinkpad-e15-core-i5-1135g7-nvidia-mx450-2gb-business-laptop,"{'PC and Laptops', 'Laptops'}"
https://compujordan.com/huawei-matebook-x-pro,"{'PC and Laptops', 'Laptops'}"
https://compujordan.com/lenovo-ideapad-ip5-core-i7-1165g7-nvidia-geforce-mx450-2gb-slim-laptop,"{'PC and Laptops', 'Laptops'}"
https://compujordan.com/lenovo-ideapad-ip3-core-i3-1005g1-laptop,"{'PC and Laptops', 'Laptops'}"
https://compujordan.com/lenovo-v14-intel-core-i5-1035g1-business-laptop,"{'PC and Laptops', 'Laptops'}"
https://compujordan.com/lenovo-v14-amd-athlon-3150u-dual-business-laptop,"{'PC and Laptops', 'Laptops'}"
https://compujordan.com/lenovo-v14-intel-celeron-n4020u-business-laptop,"{'PC and Laptops', 'Laptops'}"
https://compujordan.com/hp-14-cf2021ne-intel-celeron-n4020-laptop,"{'PC and Laptops', 'Laptops'}"
https://compujordan.com/hp-envy-x360-13-ay0008ne-4gen-amd-ryzen-7-2-in-1-touch,"{'PC and Laptops', 'Laptops'}"
https://compujordan.com/hp-255-g7-notebook-amd-ryzen-5-black,"{'PC and Laptops', 'Laptops'}"
https://compujordan.com/asus-x515jp-core-i7-1065g7-mx330-2gb-laptop,"{'PC and Laptops', 'Laptops'}"
https://compujordan.com/asus-x515jf-core-i5-1035g1-mx130-2gb-laptop,"{'PC and Laptops', 'Laptops'}"
https://compujordan.com/lenovo-thinkbook-t15-imh-core-i7-1065g7-business-laptop,"{'PC and Laptops', 'Laptops'}"
https://compujordan.com/hp-14-dk1005ne-amd-athlon-3150u-dual-laptop,"{'PC and Laptops', 'Laptops'}"
https://compujordan.com/hp-spectre-x360-13-aw0006ne-10gen-core-i7-2-in-1-touch-convertible-laptop,"{'PC and Laptops', 'Laptops'}"
https://compujordan.com/asus-x515ja-intel-i3-1005g1-laptop,"{'PC and Laptops', 'Laptops'}"
https://compujordan.com/asus-zenbook-14-intel-i7-1165g7-2g-pine-grey-bezel-scrpad-laptop,"{'PC and Laptops', 'Laptops'}"
https://compujordan.com/dell-nb-3501-core-i3-laptop,"{'PC and Laptops', 'Laptops'}"
https://compujordan.com/lenovo-v14-intel-celeron-n4020-laptop,"{'PC and Laptops', 'Laptops'}"
https://compujordan.com/hp-pavilion-14-dv0022ne-core-i3-1115g4-laptop,"{'PC and Laptops', 'Laptops'}"
https://compujordan.com/hp-pavilion-14-dv0015ne-core-i5-1135g7-laptop,"{'PC and Laptops', 'Laptops'}"
https://compujordan.com/hp-pavilion-14-dv0011ne-core-i5-1135g7-laptop,"{'PC and Laptops', 'Laptops'}"
https://compujordan.com/hp-pavilion-14-dv0003ne-core-i7-1165g7-laptop,"{'PC and Laptops', 'Laptops'}"
https://compujordan.com/hp-pavilion-14-dv0000ne-core-i7-1165g7-laptop,"{'PC and Laptops', 'Laptops'}"
https://compujordan.com/hp-pavilion-13-bb0000ne-core-i5-1135g7-laptop,"{'PC and Laptops', 'Laptops'}"
https://compujordan.com/huawei-matebook-d-14-reborn-laptop,"{'PC and Laptops', 'Laptops'}"
https://compujordan.com/hp-250-g7-notebook-core-i5-10th-generation-8-gb-ram-laptop,"{'PC and Laptops', 'Laptops'}"
https://compujordan.com/hp-250-g7-notebook-core-i5-10th-generation-laptop,"{'PC and Laptops', 'Laptops'}"
https://compujordan.com/hp-spectre-x360-laptop-13t-convertible-laptop,"{'PC and Laptops', 'Laptops'}"
https://compujordan.com/hp-pavilion-x360-14-dh200ne-convertible-laptop,"{'PC and Laptops', 'Laptops'}"
https://compujordan.com/lenovo-v14-ada-amd-ryzen-3-3250u-business-laptop,"{'PC and Laptops', 'Laptops'}"
https://compujordan.com/asus-core-i7-1065g-mx110-2gb-laptop,"{'PC and Laptops', 'Laptops'}"
https://compujordan.com/asus-zenbook-duo-core-i7-1165g7-2g-pine-grey-bezel-laptop,"{'PC and Laptops', 'Laptops'}"
https://compujordan.com/asus-zenbook-14-core-i5-1135g7-2g-pine-grey-bezel-laptop,"{'PC and Laptops', 'Laptops'}"
https://compujordan.com/asus-zenbook-flip-13-core-i7-1165g7-2g-pine-grey-laptop,"{'PC and Laptops', 'Laptops'}"
https://compujordan.com/huawei-matebook-14-2020-laptop,"{'PC and Laptops', 'Laptops'}"
https://compujordan.com/huawei-matebook-x-2020-laptop,"{'PC and Laptops', 'Laptops'}"
https://compujordan.com/huawei-matebook-d-15-2020-amd,"{'PC and Laptops', 'Laptops'}"
https://compujordan.com/lenovo-thinkpad-e14-core-i5-10210u-256gb-ssd-nvme-business-laptop,"{'PC and Laptops', 'Laptops'}"
https://compujordan.com/lenovo-thinkpad-e15-core-i5-10210u-amd-rx640-2gb-business-laptop,"{'PC and Laptops', 'Laptops'}"
https://compujordan.com/lenovo-thinkpad-e15-core-i5-10210u-business-laptop,"{'PC and Laptops', 'Laptops'}"
https://compujordan.com/lenovo-thinkpad-e14-core-i7-10510u-business-laptop,"{'PC and Laptops', 'Laptops'}"
https://compujordan.com/lenovo-think-book-14-iil-core-i7-1065g7-business-laptop,"{'PC and Laptops', 'Laptops'}"
https://compujordan.com/lenovo-think-book-14-iil-core-i5-1035g1-business-laptop,"{'PC and Laptops', 'Laptops'}"
https://compujordan.com/lenovo-think-book-15-iil-core-i7-1065g7-business-laptop,"{'PC and Laptops', 'Laptops'}"
https://compujordan.com/lenovo-think-book-15-iil-core-i5-1035g1-business-laptop,"{'PC and Laptops', 'Laptops'}"
https://compujordan.com/lenovo-ideapad-ip130-core-i3-8130u-2gb-graphics-mx130-laptop,"{'PC and Laptops', 'Laptops'}"
https://compujordan.com/lenovo-ideapad-ip3-core-i7-10510u-2gb-graphics-mx330-laptop,"{'PC and Laptops', 'Laptops'}"
https://compujordan.com/lenovo-ideapad-l3-core-i3-10110u-laptop,"{'PC and Laptops', 'Laptops'}"
https://compujordan.com/dell-xps-9365-core-i7-8500y-13-3-2-in-1-laptop,"{'PC and Laptops', 'Laptops'}"
https://compujordan.com/dell-xps-13-9380-03-13-3-laptop,"{'PC and Laptops', 'Laptops'}"
https://compujordan.com/dell-xps-13-9380-02-13-3-laptop,"{'PC and Laptops', 'Laptops'}"
https://compujordan.com/dell-xps-13-9380-13-3-ultrabook-laptop,"{'PC and Laptops', 'Laptops'}"
https://compujordan.com/dell-xps-7390-core-i5-10510u-13-2-in-1-laptop,"{'PC and Laptops', 'Laptops'}"
https://compujordan.com/lenovo-ideapad-l3-15iml05-core-i3-10110u-laptop,"{'PC and Laptops', 'Laptops'}"
https://compujordan.com/aspire-3-a315-55g-73x2,"{'PC and Laptops', 'Laptops'}"
https://compujordan.com/hp-envy-x360-13-ay007ne-amd-ryzen-5-4500u-touch-laptop,"{'PC and Laptops', 'Laptops'}"
https://compujordan.com/hp-pavilion-15-cw1008ne-amd-ryzen-5-3550h-laptop,"{'PC and Laptops', 'Laptops'}"
https://compujordan.com/dell-nb-3580-cel-4205u,"{'PC and Laptops', 'Laptops'}"
https://compujordan.com/hp-pavilion-x360-convertible-14-dw0042ne-laptop,"{'PC and Laptops', 'Laptops'}"
https://compujordan.com/hp-pavilion-15-cs3000ne-10th-core-i7-1065g7-laptop,"{'PC and Laptops', 'Laptops'}"
https://compujordan.com/hp-pavilion-15-cs3001ne-10th-core-i7-1065g7-laptop,"{'PC and Laptops', 'Laptops'}"
https://compujordan.com/hp-15-dw2012ne-10th-core-i5-1035g1-laptop,"{'PC and Laptops', 'Laptops'}"
https://compujordan.com/hp-15-dw2013ne-10th-core-i5-1035g1-laptop,"{'PC and Laptops', 'Laptops'}"
https://compujordan.com/hp-15-da2030ne-10th-core-i5-10210u-laptop,"{'PC and Laptops', 'Laptops'}"
https://compujordan.com/lenovo-thinkpad-e14-i7-10510u-512gb-ssd-business-laptop,"{'PC and Laptops', 'Laptops'}"
https://compujordan.com/hp-spectre-x360-convertible-13-aw0003ne,"{'PC and Laptops', 'Laptops'}"
https://compujordan.com/hp-laptop-15-da2007ne-core-i5-10th-laptop,"{'PC and Laptops', 'Laptops'}"
https://compujordan.com/hp-laptop-15-da2001ne-core-i5-10th-laptop,"{'PC and Laptops', 'Laptops'}"
https://compujordan.com/hp-laptop-15-da1018ne-core-i5-10th-laptop,"{'PC and Laptops', 'Laptops'}"
https://compujordan.com/hp-x360-convertible-14-dh1007ne-core-i7-10gen-2-in-1-touch-laptop,"{'PC and Laptops', 'Laptops'}"
https://compujordan.com/hp-x360-convertible-14-dh1028ne-core-i7-10gen-2-in-1-touch-laptop,"{'PC and Laptops', 'Laptops'}"
https://compujordan.com/asus-x509ja-br080t-intel-core-i3-1005g1-laptop,"{'PC and Laptops', 'Laptops'}"
https://compujordan.com/asus-x509jb-ej014t-intel-core-i5-1035g1-laptop,"{'PC and Laptops', 'Laptops'}"
https://compujordan.com/asus-x509jb-ej043t-intel-core-i7-1065g7-laptop,"{'PC and Laptops', 'Laptops'}"
https://compujordan.com/hp-14-dk0004ne-amd-athlon300u-dual-laptop,"{'PC and Laptops', 'Laptops'}"
https://compujordan.com/hp-pavilion-x360-convertible-14-dh1026ne-intel-core-i5-10210u-laptop,"{'PC and Laptops', 'Laptops'}"
https://compujordan.com/hp-x360-convertible-11-ab102ne-intel-celeron-n4000-laptop,"{'PC and Laptops', 'Laptops'}"
https://compujordan.com/hp-15-da2227ne-core-i7-10510u-laptop,"{'PC and Laptops', 'Laptops'}"
https://compujordan.com/hp-15-db0020ne-amd-a9-9425-laptop,"{'PC and Laptops', 'Laptops'}"
https://compujordan.com/lenovo-ideapad-l3-15iml05-core-i7-10510u-laptop,"{'PC and Laptops', 'Laptops'}"
https://compujordan.com/lenovo-ideapad-l3-15iml05-core-i5-10210u-laptop,"{'PC and Laptops', 'Laptops'}"
https://compujordan.com/lenovo-ideapad-l3-15iml05-core-i5-10210u-8-gb-ram-laptop,"{'PC and Laptops', 'Laptops'}"
https://compujordan.com/lenovo-thinkbook-13s-iml-i7-10510u-business-laptop,"{'PC and Laptops', 'Laptops'}"
https://compujordan.com/lenovo-thinkpad-e14-i7-10510u-business-laptop,"{'PC and Laptops', 'Laptops'}"
https://compujordan.com/lenovo-thinkpad-e15-i7-10510u-512gb-ssd-business-laptop,"{'PC and Laptops', 'Laptops'}"
https://compujordan.com/lenovo-thinkpad-e15-i7-10510u-business-laptop,"{'PC and Laptops', 'Laptops'}"
https://compujordan.com/lenovo-thinkpad-e15-i5-10210u-business-laptop,"{'PC and Laptops', 'Laptops'}"
https://compujordan.com/lenovo-yoga-s940-14iwl-ultra-slim-laptop,"{'PC and Laptops', 'Laptops'}"
https://compujordan.com/hp-probook-450-g7-10gen-core-i7-quad-core-business-laptop,"{'PC and Laptops', 'Laptops'}"
https://compujordan.com/hp-probook-450-g7-10gen-core-i5-quad-core-business-laptop,"{'PC and Laptops', 'Laptops'}"
https://compujordan.com/hp-envy-x360-convertible-13-ar0012ne,"{'PC and Laptops', 'Laptops'}"
https://compujordan.com/hp-envy-x360-convertible-13-ar0011ne,"{'PC and Laptops', 'Laptops'}"
https://compujordan.com/hp-pavilion-x360-convertible-14-dh1018ne-core-i7-10510u-laptop,"{'PC and Laptops', 'Laptops'}"
https://compujordan.com/hp-pavilion-x360-convertible-14-dh1015ne,"{'PC and Laptops', 'Laptops'}"
https://compujordan.com/hp-pavilion-x360-convertible-14-dh1014ne-core-i5-10210u-laptop,"{'PC and Laptops', 'Laptops'}"
https://compujordan.com/hp-15-da2315ne-10th-core-i7-16gb-laptop,"{'PC and Laptops', 'Laptops'}"
https://compujordan.com/hp-15-da2046ne-10th-core-i5-laptop,"{'PC and Laptops', 'Laptops'}"
https://compujordan.com/hp-14-cf2003ne-10th-core-i7-laptop,"{'PC and Laptops', 'Laptops'}"
https://compujordan.com/hp-15-da2225ne-10th-core-i7-laptop,"{'PC and Laptops', 'Laptops'}"
https://compujordan.com/hp-pavilion-15-dw1011ne-10th-core-i5-laptop,"{'PC and Laptops', 'Laptops'}"
https://compujordan.com/hp-15s-eq0004ne-amd-athlon-laptop,"{'PC and Laptops', 'Laptops'}"
https://compujordan.com/lenovo-ideapad-330s-core-i7-8550u-laptop,"{'PC and Laptops', 'Laptops'}"
https://compujordan.com/lenovo-ideapad-330-core-i7-7500u-laptop,"{'PC and Laptops', 'Laptops'}"
https://compujordan.com/lenovo-ip130-8gen-core-i5-8250u-2-gb-nvidia-laptop,"{'PC and Laptops', 'Laptops'}"
https://compujordan.com/lenovo-thinkpad-e480-core-i5-8250u-3-40-ghz-500-gb,"{'PC and Laptops', 'Laptops'}"
https://compujordan.com/lenovo-thinkpad-e480-core-i5-8250u-3-40-ghz,"{'PC and Laptops', 'Laptops'}"
https://compujordan.com/dell-3581-core-i3-7020u,"{'PC and Laptops', 'Laptops'}"
https://compujordan.com/dell-inspiron-5558-ci7-laptop-core-i7-5500u-2-4ghz,"{'PC and Laptops', 'Laptops'}"
https://compujordan.com/dell-inspiron-3593-ci7-4g-core-i7-1065g7-laptop,"{'PC and Laptops', 'Laptops'}"
https://compujordan.com/dell-inspiron-3582-cel-intel-celeron-n4000-laptop,"{'PC and Laptops', 'Laptops'}"
https://compujordan.com/dell-inspiron-3576-ci7-core-i7-8550u-laptop,"{'PC and Laptops', 'Laptops'}"
https://compujordan.com/hp-notebook-core-i7-8565u,"{'PC and Laptops', 'Laptops'}"
https://compujordan.com/hp-nb-probook-450g2-ci7-5500u-8gb,"{'PC and Laptops', 'Laptops'}"
https://compujordan.com/asus-f540n-intel-celeron-n3350-2m-cache-up-to-2-4-ghz,"{'PC and Laptops', 'Laptops'}"
https://compujordan.com/asus-vivobook-s431fl-intel-core-i7-8565u-up-to-4-6ghz,"{'PC and Laptops', 'Laptops'}"
https://compujordan.com/lenovo-thinkpad-e490-core-i5-8265u-3-90-ghz,"{'PC and Laptops', 'Laptops'}"
https://compujordan.com/hp-pavilion-14-ce3004ne,"{'PC and Laptops', 'Laptops'}"
https://compujordan.com/lenovo-ideapad-s145-10th-gen-core-i5-1035g1,"{'PC and Laptops', 'Laptops'}"
https://compujordan.com/lenovo-nb-amd-r3-3200u,"{'PC and Laptops', 'Laptops'}"
https://compujordan.com/dell-inspiron-3593-ci7-core-i7-1065g7-laptop,"{'PC and Laptops', 'Laptops'}"
https://compujordan.com/dell-inspiron-3593-ci5-core-i5-1035g1-laptop,"{'PC and Laptops', 'Laptops'}"
https://compujordan.com/lenovo-ideapad-330-15asr-idea-pad-15-amd-laptop,"{'PC and Laptops', 'Laptops'}"
https://compujordan.com/lenovo-ideapad-l340-15api-amd-r7-3700u-laptop,"{'PC and Laptops', 'Laptops'}"
https://compujordan.com/lenovo-ideapad-l340-amd-r5-3500u-laptop,"{'PC and Laptops', 'Laptops'}"
https://compujordan.com/lenovo-ideapad-s145-10th-gen-core-i7-1065g-affordable-laptop,"{'PC and Laptops', 'Laptops'}"
https://compujordan.com/lenovo-notebook-pentium-5405u-ideapad-c340-14iwl-81n400ljed,"{'PC and Laptops', 'Laptops'}"
https://compujordan.com/lenovo-ideapad-c340-14iwl-81n400lped-i7-8565u-laptop,"{'PC and Laptops', 'Laptops'}"
https://compujordan.com/hp-x360-14-dh0003ne-core-i7-8565u-nvidia,"{'PC and Laptops', 'Laptops'}"
https://compujordan.com/hp-potter-18c2-15-da1029ne-core-i5-8265u-nvidia,"{'PC and Laptops', 'Laptops'}"
https://compujordan.com/hp-potter-18c2-core-i7-8565u-nvidia,"{'PC and Laptops', 'Laptops'}"
https://compujordan.com/hp-probook-450g6-g6-notebook-pc-6mq67ea-core-i7-8565u-8gb-1tb-dos,"{'PC and Laptops', 'Laptops'}"
https://compujordan.com/hp-probook-450-g6-notebook-pc-6mq67ea-core-i5-8265u-8gb-1tb-dos,"{'PC and Laptops', 'Laptops'}"
https://compujordan.com/ilife-zed-air-2-14-w10,"{'PC and Laptops', 'Laptops'}"
https://compujordan.com/ilife-zed-air-2-intel-celeron-win10-gry-laptop,"{'PC and Laptops', 'Laptops'}"
https://compujordan.com/i-life-15-6-intel-celeron-n4000-laptop,"{'PC and Laptops', 'Laptops'}"
https://compujordan.com/i-life-zed-air-plus-laptop,"{'PC and Laptops', 'Laptops'}"
https://compujordan.com/ilife-intel-celeron-up-to-2-2,"{'PC and Laptops', 'Laptops'}"
https://compujordan.com/lenovo-thinkpad-e490-core-i7-8565u-8gb-ram-amd-rx550,"{'PC and Laptops', 'Laptops'}"
https://compujordan.com/lenovo-thinkpad-e590-core-i7-8565u-amd-rx550-20nb0002ad,"{'PC and Laptops', 'Laptops'}"
https://compujordan.com/lenovo-thinkpad-e590-core-i5-8265u-amd-rx550,"{'PC and Laptops', 'Laptops'}"
https://compujordan.com/lenovo-ideapad-130-core-i3-8130u-skylake-black,"{'PC and Laptops', 'Laptops'}"
https://compujordan.com/dell-5583-core-i7-8565u-laptop-nvidia-geforce,"{'PC and Laptops', 'Laptops'}"
https://compujordan.com/dell-3580-core-i5-8265u-laptop-nvidia-geforce,"{'PC and Laptops', 'Laptops'}"
https://compujordan.com/hp-notebook-15-cs1005ne-core-i7-8th-generation,"{'PC and Laptops', 'Laptops'}"
https://compujordan.com/lenovo-ip330-celeron-n4000-laptop,"{'PC and Laptops', 'Laptops'}"
https://compujordan.com/hp-notebook-15-da1071ne-laptop,"{'PC and Laptops', 'Laptops'}"
https://compujordan.com/hp-envy-x360-13-ar0000ne-3gen-amd-ryzen-5-2-in-1-touch,"{'PC and Laptops', 'Laptops'}"
https://compujordan.com/hp-envy-x360-13-ar0002ne-3gen-amd-ryzen-7-2-in-1-touch,"{'PC and Laptops', 'Laptops'}"
https://compujordan.com/hp-envy-x360-14-dh0002ne-8gen-core-i5-2-in-1-touch,"{'PC and Laptops', 'Laptops'}"
https://compujordan.com/lenovo-ideapad-l340-core-i5-8265u,"{'PC and Laptops', 'Laptops'}"
https://compujordan.com/lenovo-ideapad-l340-core-i7-8565u,"{'PC and Laptops', 'Laptops'}"
https://compujordan.com/dell-inspiron-3576-8gen-core-i7-8550u-laptop,"{'PC and Laptops', 'Laptops'}"
https://compujordan.com/dell-inspiron-3567-7gen-core-i3-7020u-laptop,"{'PC and Laptops', 'Laptops'}"
https://compujordan.com/lenovo-ideapad-330-core-i7-8550u-4-gb-video-card-laptop,"{'PC and Laptops', 'Laptops'}"
https://compujordan.com/lenovo-ip130-8gen-core-i7-8550u-2-gb-ghraphic-card-laptop,"{'PC and Laptops', 'Laptops'}"
https://compujordan.com/hp-pavilion-x360-15-cd1004ne-8gen-core-i5-8265u-5qx08ea-laptop,"{'PC and Laptops', 'Laptops'}"
https://compujordan.com/lenovo-ip130-core-i5-8250u-81h7001tax-laptop,"{'PC and Laptops', 'Laptops'}"
https://compujordan.com/lenovo-ideapad-130-7gen-core-i3-skylake-black,"{'PC and Laptops', 'Laptops'}"
https://compujordan.com/lenovo-ip330-celeron-n4000-81de02spax-laptop,"{'PC and Laptops', 'Laptops'}"
https://compujordan.com/hp-15-da0007ne-8gen-core-i7-8550u-4mf58ea-laptop,"{'PC and Laptops', 'Laptops'}"
https://compujordan.com/hp-15-da0091ne-8gen-core-i5-8250u-5es92ea-laptop,"{'PC and Laptops', 'Laptops'}"
https://compujordan.com/hp-15-da0090ne-8gen-core-i5-8250u-laptop,"{'PC and Laptops', 'Laptops'}"
https://compujordan.com/hp-15-da0094ne-8gen-core-i7-8550u-laptop,"{'PC and Laptops', 'Laptops'}"
https://compujordan.com/asus-expert-center-d501mer-14gen-intel-core-i7-14700-8gb-ddr4-ram-512gb-ssd-desktop,"{'PC and Laptops', 'All in One', 'Desktops', 'Mini PC'}"
https://compujordan.com/dell-pro-ect1250-tower-14gen-intel-core-i3-14100-8gb-ddr4-ram-512gb-ssd-wireless-bluetooth-desktop,"{'PC and Laptops', 'All in One', 'Desktops', 'Mini PC'}"
https://compujordan.com/lenovo-thinkcentre-50a-gen-6-27-all-in-one-pc-intel-core-5-210h-slim-smart-space-saving-designed-none-touch-screen-luna-grey,"{'PC and Laptops', 'All in One', 'Desktops', 'Mini PC'}"
https://compujordan.com/lenovo-thinkcentre-50a-gen-6-24-all-in-one-pc-intel-core-5-210h-slim-smart-space-saving-designed-none-touch-screen-luna-grey,"{'PC and Laptops', 'All in One', 'Desktops', 'Mini PC'}"
https://compujordan.com/lenovo-thinkcentre-50a-gen-6-24-all-in-one-pc-intel-ultra-5-226v-8core-slim-smart-space-saving-designed-touch-screen-luna-grey,"{'PC and Laptops', 'All in One', 'Desktops', 'Mini PC'}"
https://compujordan.com/lenovo-thinkcentre-50a-gen-6-27-all-in-one-pc-intel-ultra-7-256v-8core-slim-smart-space-saving-designed-touch-screen-luna-grey,"{'PC and Laptops', 'All in One', 'Desktops', 'Mini PC'}"
https://compujordan.com/lenovo-thinkcentre-50a-gen-6-24-all-in-one-pc-intel-ultra-7-256v-8core-slim-smart-space-saving-designed-touch-screen-luna-grey,"{'PC and Laptops', 'All in One', 'Desktops', 'Mini PC'}"
https://compujordan.com/hp-prodesk-400-mt-g7-10gen-desktop-pc,"{'PC and Laptops', 'All in One', 'Desktops', 'Mini PC'}"
https://compujordan.com/dell-pro-qct1250-tower-14gen-intel-core-i5-14500-8gb-ddr4-ram-512gb-ssd-wireless-bluetooth-desktop,"{'PC and Laptops', 'All in One', 'Desktops', 'Mini PC'}"
https://compujordan.com/lenovo-think-neo-50q-gen5-tiny-pc-intel-core-7-240h-8gb-ddr5-512gb-ssd-3-year-warranty,"{'PC and Laptops', 'All in One', 'Desktops', 'Mini PC'}"
https://compujordan.com/lenovo-think-neo-50q-gen5-tiny-pc-intel-core-5-210h-8gb-ddr5-512gb-ssd-3-year-warranty,"{'PC and Laptops', 'All in One', 'Desktops', 'Mini PC'}"
https://compujordan.com/lenovo-thinkcentre-neo-50t-14gen-intel-core-i3-14100-512gb-ssd-wireless-bluetooth-3-years-warranty-desktop,"{'PC and Laptops', 'All in One', 'Desktops', 'Mini PC'}"
https://compujordan.com/lenovo-thinkcentre-neo-50t-14gen-intel-core-i5-14400-512gb-ssd-wireless-bluetooth-3-years-warranty-desktop,"{'PC and Laptops', 'All in One', 'Desktops', 'Mini PC'}"
https://compujordan.com/lenovo-thinkcentre-neo-50t-intel-core-i5-14400-512gb-ssd-wireless-bluetooth-3-years-warranty,"{'PC and Laptops', 'All in One', 'Desktops', 'Mini PC'}"
https://compujordan.com/dell-optiplex-plus-7020-intel-core-i7-14700-8-gb-ddr5-512-gb-nvme-ssd-uhd-graphics-keyboard-mouse,"{'PC and Laptops', 'All in One', 'Desktops', 'Mini PC'}"
https://compujordan.com/lenovo-thinkcentre-neo-50t-14gen-intel-core-i3-14100-512gb-ssd-wireless-bluetooth-3-years-warranty,"{'PC and Laptops', 'All in One', 'Desktops', 'Mini PC'}"
https://compujordan.com/lenovo-thinkcentre-neo-50t-14gen-intel-core-i5-14400-512gb-ssd-wireless-bluetooth-3-years-warranty,"{'PC and Laptops', 'All in One', 'Desktops', 'Mini PC'}"
https://compujordan.com/lenovo-thinkcentre-neo-50t-core-i7-14700-16gb-ram-wireless-bluetooth-3-years-warranty-desktop,"{'PC and Laptops', 'All in One', 'Desktops', 'Mini PC'}"
https://compujordan.com/lenovo-thinkcentre-neo-50t-13gen-intel-core-i3-13100-wireless-bluetooth-2-years-warranty,"{'PC and Laptops', 'Desktops'}"
https://compujordan.com/lenovo-thinkcentre-neo-50t-13gen-intel-core-i5-13400-wireless-bluetooth-2-years-warranty,"{'PC and Laptops', 'Desktops'}"
https://compujordan.com/dell-vostro-3910-12gen-intel-core-i3-4-cores-8gb-ddr4-ram-wireless-bluetooth-ssd-desktop,"{'PC and Laptops', 'Desktops'}"
https://compujordan.com/lenovo-thinkcentre-neo-50t-13gen-core-i5-13400-512gb-ssd-wireless-bluetooth-2-years-warranty-desktop,"{'PC and Laptops', 'Desktops'}"
https://compujordan.com/lenovo-thinkcentre-neo-50t-core-i7-13700-16gb-ram-wireless-bluetooth-2-years-warranty-desktop,"{'PC and Laptops', 'Desktops'}"
https://compujordan.com/lenovo-thinkcentre-neo-50t-13gen-intel-core-i3-13100-1-tb-hdd-wireless-bluetooth-2-years-warranty,"{'PC and Laptops', 'Desktops'}"
https://compujordan.com/lenovo-thinkcentre-neo-50s-12gen-intel-core-i5-12400-512gb-ssd-wireless-bluetooth-2-years-warranty,"{'PC and Laptops', 'Desktops'}"
https://compujordan.com/lenovo-thinkcentre-neo-50t-12gen-intel-core-i5-12400-512gb-ssd-wireless-bluetooth-2-years-warranty,"{'PC and Laptops', 'Desktops'}"
https://compujordan.com/lenovo-thinkcentre-neo-50t-core-i7-12700-16gb-ram-wireless-bluetooth-2-years-warranty-desktop,"{'PC and Laptops', 'Desktops'}"
https://compujordan.com/hp-pro-290-g9-intel-core-i5-12500-6-cores-ssd-storage-wireless-bluetooth-desktop,"{'PC and Laptops', 'Desktops'}"
https://compujordan.com/lenovo-thinkcentre-neo-50t-12g-intel-core-i5-12400-512gb-ssd-wireless-bluetooth-2-years-warranty,"{'PC and Laptops', 'Desktops'}"
https://compujordan.com/hp-pro-tower-290-g9-desktop-pc-bundle-freedos-intel-core-i5-8gb-ram-512gb-ssd,"{'PC and Laptops', 'Desktops'}"
https://compujordan.com/hp-pro-tower-290-g9-desktop-pc-bundle-freedos-intel-core-i7-8gb-ram-512gb-ssd,"{'PC and Laptops', 'Desktops'}"
https://compujordan.com/lenovo-thinkcentre-neo-50t-12gen-intel-core-i5-12400-wireless-bluetooth,"{'PC and Laptops', 'Desktops'}"
https://compujordan.com/hp-pro-290-g9-new-12gen-intel-core-i5-12500-desktop-wireless-bluetooth-black,"{'PC and Laptops', 'Desktops'}"
https://compujordan.com/hp-pro-290-g9-new-12gen-intel-core-i7-12-cores-desktop-wireless-bluetooth-desktop,"{'PC and Laptops', 'Desktops'}"
https://compujordan.com/lenovo-thinkcentre-neo-50t-core-i7-12700-8gb-ram-wireless-bluetooth-2-years-warranty-desktop,"{'PC and Laptops', 'Desktops'}"
https://compujordan.com/lenovo-thinkcentre-neo-50t-core-i3-12100-8gb-ram-wireless-bluetooth-2-years-warranty-desktop,"{'PC and Laptops', 'Desktops'}"
https://compujordan.com/dell-optiplex-3000mt-i5-12500-12-gen-intel-core-new-2022-desktop,"{'PC and Laptops', 'Desktops'}"
https://compujordan.com/dell-vostro-3888-i3-10th-gen-business-laptop-compu-jordan-for-computers,"{'PC and Laptops', 'Desktops'}"
https://compujordan.com/lenovo-neo-50-g3-tower-12gen-intel-core-i7-12700-desktop,"{'PC and Laptops', 'Desktops'}"
https://compujordan.com/lenovo-v50t-g2-tower-11gen-intel-core-i7-11700-desktop,"{'PC and Laptops', 'Desktops'}"
https://compujordan.com/lenovo-think-centre-neo-50t-g3-i5-12400-12-gen-new-2022-desktop,"{'PC and Laptops', 'Desktops'}"
https://compujordan.com/dell-optiplex-3090mt-10-gen-intel-core-i5-10505-desktop,"{'PC and Laptops', 'Desktops'}"
https://compujordan.com/lenovo-v50t-tower-10gen-intel-core-i7-10700-desktop,"{'PC and Laptops', 'Desktops'}"
https://compujordan.com/lenovo-think-centre-m70t-tower-intel-core-i5-10400-desktop,"{'PC and Laptops', 'Desktops'}"
https://compujordan.com/lenovo-v50t-tower-intel-core-i5-11400-built-in-wifi-bluetooth-desktop,"{'PC and Laptops', 'Desktops'}"
https://compujordan.com/lenovo-v50s-sff-intel-core-i5-10500-desktop,"{'PC and Laptops', 'Desktops'}"
https://compujordan.com/lenovo-v50s-sff-intel-core-i3-10100-desktop,"{'PC and Laptops', 'Desktops'}"
https://compujordan.com/hp-290-micro-tower-g4-i5-10500-desktop,"{'PC and Laptops', 'Desktops'}"
https://compujordan.com/dell-optiplex-7090-intel-core-i7-10700-desktop,"{'PC and Laptops', 'Desktops'}"
https://compujordan.com/dell-optiplex-7080-intel-core-i7-10700-desktop,"{'PC and Laptops', 'Desktops'}"
https://compujordan.com/dell-optiplex-3080-intel-core-i5-10500-4-20-ghz-desktop,"{'PC and Laptops', 'Desktops'}"
https://compujordan.com/dell-optiplex-3080-intel-core-i3-10100-4-20-ghz-desktop,"{'PC and Laptops', 'Desktops'}"
https://compujordan.com/lenovo-v530-tower-intel-core-i3-10100-built-in-wifi-bluetooth-desktop,"{'PC and Laptops', 'Desktops'}"
https://compujordan.com/hp-290-micro-tower-g4-core-i5-10500-desktop,"{'PC and Laptops', 'Desktops'}"
https://compujordan.com/hp-prodesk-400-mt-g6-9gen-core-i7-9700u-512gb-ssd-m-2-desktop,"{'PC and Laptops', 'Desktops'}"
https://compujordan.com/lenovo-v530-tower-intel-core-i7-9700-built-in-wifi-bluetooth-desktop,"{'PC and Laptops', 'Desktops'}"
https://compujordan.com/lenovo-v530-tower-intel-core-i5-9400-built-in-wifi-bluetooth-desktop,"{'PC and Laptops', 'Desktops'}"
https://compujordan.com/lenovo-v530-tower-intel-core-i3-9100-built-in-wifi-bluetooth-desktop,"{'PC and Laptops', 'Desktops'}"
https://compujordan.com/dell-optiplex-5070-core-i5-9500-desktop,"{'PC and Laptops', 'Desktops'}"
https://compujordan.com/hp-dt-290-g3-mt-ci5-9500,"{'PC and Laptops', 'Desktops'}"
https://compujordan.com/lenovo-v530-tower-intel-core-i5-9400-desktop,"{'PC and Laptops', 'Desktops'}"
https://compujordan.com/lenovo-v530-tower-intel-core-i3-9100-desktop,"{'PC and Laptops', 'Desktops'}"
https://compujordan.com/lenovo-v530-tower-intel-core-i5-9700u-desktop,"{'PC and Laptops', 'Desktops'}"
https://compujordan.com/lenovo-v520-ci5-core-i5-3-5-ghz,"{'PC and Laptops', 'Desktops'}"
https://compujordan.com/lenovo-v520-ci3-core-i3-3-9-ghz,"{'PC and Laptops', 'Desktops'}"
https://compujordan.com/dell-optiplex-7070-intel-core-i7-9700-4-70-ghz,"{'PC and Laptops', 'Desktops'}"
https://compujordan.com/hp-prodesk-400-mt-g6-core-i7-8700-up-to-4-60-ghz,"{'PC and Laptops', 'Desktops'}"
https://compujordan.com/hp-prodesk-400-mt-g5-core-i5-8500-up-to-4-10-ghz,"{'PC and Laptops', 'Desktops'}"
https://compujordan.com/dell-optiplex-3070-intel-core-i5-9500-4-40-ghz,"{'PC and Laptops', 'Desktops'}"
https://compujordan.com/dell-optiplex-3070-intel-core-i3-9100-4-20-ghz,"{'PC and Laptops', 'Desktops'}"
https://compujordan.com/lenovo-v530s-07icb-desktop-pc-dt-ci5-8500u-4gb-1tb-dos,"{'PC and Laptops', 'Desktops', 'Mini PC'}"
https://compujordan.com/hp-slimline-desktop-290-p0000ne-core-i3-8th-generation,"{'PC and Laptops', 'Desktops', 'Mini PC'}"
https://compujordan.com/lenovo-v530-15icb-desktop-tower-intel-core-i7-8700u,"{'PC and Laptops', 'Desktops', 'Mini PC'}"
https://compujordan.com/lenovo-510a-15icb-all-in-one-tower-core-i3-8100-3-6-ghz,"{'PC and Laptops', 'Desktops', 'Mini PC'}"
https://compujordan.com/dell-optiplex-7060-coffeelake-8gen-core-i7,"{'PC and Laptops', 'Desktops', 'Mini PC'}"
https://compujordan.com/hp-prodesk-400-mt-g5-8gen-core-i7-coffelake,"{'PC and Laptops', 'Desktops', 'Mini PC'}"
https://compujordan.com/hp-290-g2-desktop-microtower-pc-i5-8500-3-00ghz,"{'PC and Laptops', 'Desktops', 'Mini PC'}"
https://compujordan.com/hp-285-g2-microtower-amd-a8-pro-7600-quad-core-pc,"{'PC and Laptops', 'Desktops', 'Mini PC'}"
https://compujordan.com/hp-290-g2-microtower-desktop-3zd85ea-core-i3-8th-gen,"{'PC and Laptops', 'Desktops', 'Mini PC'}"
https://compujordan.com/dell-optiplex-3060-intel-core-i3-8100-3-6-ghz,"{'PC and Laptops', 'Desktops', 'Mini PC'}"
https://compujordan.com/dell-optiplex-3060-intel-core-i5-8500-3-6-ghz,"{'PC and Laptops', 'Desktops', 'Mini PC'}"
https://compujordan.com/msi-cubi-1m-mini-pc-nuc-intel-core-7-150u-customizable-ram-storage-dual-thunderbolt-4-dual-2-5g-lan-dtpm-3-year-warranty,"{'PC and Laptops', 'Mini PC'}"
https://compujordan.com/msi-cubi-5-mini-pc-nuc-intel-core-i3-1215u,"{'PC and Laptops', 'Mini PC'}"
https://compujordan.com/msi-cubi-1m-mini-pc-nuc-intel-core-5-120u-customizable-ram-storage-dual-thunderbolt-4-dual-2-5g-lan-dtpm-3-year-warranty,"{'PC and Laptops', 'Mini PC'}"
https://compujordan.com/msi-cubi-5-mini-pc-nuc-intel-core-i5-1235u,"{'PC and Laptops', 'Mini PC'}"
https://compujordan.com/msi-cubi-5-mini-pc-nuc-intel-core-i7-1255u,"{'PC and Laptops', 'Mini PC'}"
https://compujordan.com/hp-slimline-desktop-290-new-8gen-core-i5-w-8gb-ram,"{'PC and Laptops', 'Mini PC'}"
https://compujordan.com/hp-200-g4-21-5-all-in-one-intel-12gen-core-i3-2-cores-none-touch-screen-white,"{'PC and Laptops', 'All in One'}"
https://compujordan.com/lenovo-all-in-one-v30a-22itl-intel-core-i3-w-22-none-touch-display,"{'PC and Laptops', 'All in One'}"
https://compujordan.com/hp-200-g4-21-5-all-in-one-intel-10gen-core-i3-2-cores-none-touch-screen-white,"{'PC and Laptops', 'All in One'}"
https://compujordan.com/lenovo-v50a-22imb-intel-core-i3-10100t-aio,"{'PC and Laptops', 'All in One'}"
https://compujordan.com/hp-aio-20-c019nh-celeron-j3060-all-in-one-desktop,"{'PC and Laptops', 'All in One'}"
https://compujordan.com/hp-pavilion-27-r008ne-all-in-one-desktop,"{'PC and Laptops', 'All in One'}"
https://compujordan.com/lenovo-v330-20icb-all-in-one-core-i3-8100-3-6-ghz,"{'PC and Laptops', 'All in One'}"
https://compujordan.com/vikusha-kid-s-tablet-v-n6,"{'PC and Laptops', 'Tablets'}"
https://compujordan.com/vikusha-tablet-vz-40,"{'PC and Laptops', 'Tablets'}"
https://compujordan.com/vikusha-tablet-vz-30plus,"{'PC and Laptops', 'Tablets'}"
https://compujordan.com/mediapad-t3-7-3g,"{'PC and Laptops', 'Tablets'}"
https://compujordan.com/vikusha-tablet-v-z70plus,"{'PC and Laptops', 'Tablets'}"
https://compujordan.com/vikusha-tablet-vz-30life,"{'PC and Laptops', 'Tablets'}"
https://compujordan.com/vikusha-tablet-v-z50,"{'PC and Laptops', 'Tablets'}"
https://compujordan.com/vikusha-tablet-v-z60,"{'PC and Laptops', 'Tablets'}"
https://compujordan.com/lenovo-tab-m7-tb-7305x-7-inch-tablet,"{'PC and Laptops', 'Tablets'}"
https://compujordan.com/huawei-matepad-t10-wi-fi-9-7-deepsea-blue-tablet,"{'PC and Laptops', 'Tablets'}"
https://compujordan.com/huawei-matepad-t10s-10-andriod-10-tablet-4g-sim-blue,"{'PC and Laptops', 'Tablets'}"
https://compujordan.com/mediapad-t8-lite-hms-4g-sim-8-deepsea-blue-tablet,"{'PC and Laptops', 'Tablets'}"
https://compujordan.com/mediapad-t8-wi-fi-hms-8-deepsea-blue-tablet,"{'PC and Laptops', 'Tablets'}"
https://compujordan.com/mediapad-t10-lite,"{'PC and Laptops', 'Tablets'}"
https://compujordan.com/mediapad-t3-7-wifi,"{'PC and Laptops', 'Tablets'}"
https://compujordan.com/huawei-mediapad-t5-10-lite,"{'PC and Laptops', 'Tablets'}"
https://compujordan.com/huwawei-matepad,"{'PC and Laptops', 'Tablets'}"
https://compujordan.com/dell-se2425hm-flat-monitor-24-fhd-ips-100hz-wide-viewing-angle-ultra-thin-bezels-display-w-hdmi-vga-black,"{'Monitor and Display', 'Monitors'}"
https://compujordan.com/lg-34u530a-w-34-ultrawide-ips-fhd-100hz-vesa-display-hdr-400-monitor-with-slim-stand-built-in-speakers-monitor,"{'Monitor and Display', 'Monitors'}"
https://compujordan.com/lg-27up850k-w-27-4k-uhd-ultrafine-ips-monitor-hdr-400-and-usb-type-c-monitor,"{'Monitor and Display', 'Monitors'}"
https://compujordan.com/lg-ultrafine-27u730a-27-4k-uhd-ips-monitor-hdr10-dci-p3-90-usb-c-90w-3-side-borderless,"{'Monitor and Display', 'Monitors'}"
https://compujordan.com/lenovo-thinkvision-s27-4e-27-full-hd-ips-monitor-100hz-4ms-99-srgb-low-blue-light-3-year-warranty,"{'Monitor and Display', 'Monitors'}"
https://compujordan.com/lenovo-thinkvision-s22-4e-21-5-full-hd-ips-monitor-100hz-4ms-99-srgb-low-blue-light-3-year-warranty,"{'Monitor and Display', 'Monitors'}"
https://compujordan.com/lg-29u531a-w-29-wfhd-ultrawide-ips-monitor-with-hdr10-100hz-refresh-rate-white-built-in-speakers,"{'Monitor and Display', 'Monitors'}"
https://compujordan.com/lg-27us550-w-27-uhd-4k-ips-monitor-with-hdr10-ergonomic-stand-white-monitor,"{'Monitor and Display', 'Monitors'}"
https://compujordan.com/lg-swing-32u889sa-31-5-4k-uhd-ips-touch-monitor-with-adjustable-stand-smart-features-white-swing-monitor,"{'Monitor and Display', 'Monitors'}"
https://compujordan.com/lg-27u511sa-b-27-full-hd-ips-smart-monitor,"{'Monitor and Display', 'Monitors'}"
https://compujordan.com/dell-se2722h-27-full-hd-75hz-antiglare-amd-freesync-hdmi-vga-interface-monitor,"{'Monitor and Display', 'Monitors'}"
https://compujordan.com/dell-se2222h-22-full-hd-anti-glare-250-cd-m-tilt-adjustment-hdmi-vga-interface-black-monitor,"{'Monitor and Display', 'Monitors'}"
https://compujordan.com/lg-32mr50c-b-32-curved-fhd-monitor,"{'Monitor and Display', 'Monitors'}"
https://compujordan.com/lg-22u401a-b-22-full-hd-100hz-monitor,"{'Monitor and Display', 'Monitors'}"
https://compujordan.com/lg-34u650a-b-34-21-9-ultrawide-wqhd-3440x1440-ips-monitor-hdr10-with-srgb-99-all-in-one-usb-c-connectivity-monitor,"{'Monitor and Display', 'Monitors'}"
https://compujordan.com/lg-25sr50f-w-24-full-hd-ips-webos-smart-monitor-thinq-home-dashboard-airplay-2-screen-share-bluetooth-slim-stand,"{'Monitor and Display', 'Monitors'}"
https://compujordan.com/lenovo-thinkvision-s24-4e-23-8-full-hd-ips-monitor-100hz-4ms-99-srgb-low-blue-light-3-year-warranty,"{'Monitor and Display', 'Monitors'}"
https://compujordan.com/lg-32un880k-31-5-uhd-4k-ips-monitor-with-ergonomic-stand-usb-c-ergo-monitor,"{'Monitor and Display', 'Monitors'}"
https://compujordan.com/dahua-lm24-a200m-24-full-hd-100hz-monitor-anti-blue-light-micro-bezel-hdmi-vga-monitor,"{'Monitor and Display', 'Monitors'}"
https://compujordan.com/dahua-lm22-a200y-22-full-hd-100hz-monitor-anti-blue-light-micro-bezel-hdmi-vga-monitor,"{'Monitor and Display', 'Monitors'}"
https://compujordan.com/dell-se2422h-24-full-hd-75hz-antiglare-amd-freesync-hdmi-vga-interface-monitor,"{'Monitor and Display', 'Monitors'}"
https://compujordan.com/lenovo-think-vision-s24e-20-23-8-full-hd-vga-hdmi-eye-comfort,"{'Monitor and Display', 'Monitors'}"
https://compujordan.com/lg-49wq95c-w-5k-32-9-ultrawide-dual-qhd-nano-ips-curved-monitor,"{'Monitor and Display', 'Monitors'}"
https://compujordan.com/lg-40wp95c-w-curved-ultrawide-5k2k-nano-ips-monitor,"{'Monitor and Display', 'Monitors'}"
https://compujordan.com/lg-27up550n-w-4k-uhd-ips-led-hdr-monitor-with-usb-c-port,"{'Monitor and Display', 'Monitors'}"
https://compujordan.com/dell-e2422hn-24-ips-full-hd-hdmi-vga-interface,"{'Monitor and Display', 'Monitors'}"
https://compujordan.com/dell-e2220h-22-full-hd-anti-glare-monitor-vga-display-port,"{'Monitor and Display', 'Monitors'}"
https://compujordan.com/lenovo-l22e-30-21-5-led-monitor-full-hd-75hz-hdmi-vga-freesync,"{'Monitor and Display', 'Monitors'}"
https://compujordan.com/lg-28mq780-b-sdqhd-2560-x-2880-nano-ips-dualup-monitor-with-ergo-stand-dci-p3-98-typ-with-hdr10-usb-type-c,"{'Monitor and Display', 'Monitors'}"
https://compujordan.com/lg-34wn780-b-ultrawide-21-9-qhd-3440-x-1440-ips-display-hdr10-amd-freesync-3-side-virtually-borderless-design,"{'Monitor and Display', 'Monitors'}"
https://compujordan.com/lenovo-d27-30-full-hd-vga-hdmi-75hz-freesync-vesa-mount-tuv-eye-comfort,"{'Monitor and Display', 'Monitors'}"
https://compujordan.com/lg-34wp550-b-21-9-ultra-wide-full-hd-ips-monitor-with-amd-freesync-monitor,"{'Monitor and Display', 'Monitors'}"
https://compujordan.com/hp-v241ib-led-backlit-low-blue-light-black-monitor,"{'Monitor and Display', 'Monitors'}"
https://compujordan.com/lg-27up850-w-uhd-4k-ips-monitor-with-vesa-displayhdr-400,"{'Monitor and Display', 'Monitors'}"
https://compujordan.com/lg-27up650-w-ips-4k-ips-hdr-400-dci-p3-95-color-gamut-adjustable-stand,"{'Monitor and Display', 'Monitors'}"
https://compujordan.com/dell-s2421hn-ips-full-hd-dual-hdmi-75hz-free-sync,"{'Monitor and Display', 'Monitors'}"
https://compujordan.com/lenovo-ideavision-s22e-20-21-5-monitor-va-panel-input-connectors-vga-hdmi,"{'Monitor and Display', 'Monitors'}"
https://compujordan.com/huawei-mate-view-28-2-smart-bar-wireless-4k,"{'Monitor and Display', 'Monitors'}"
https://compujordan.com/lg-19mb15t-19-ips-touch-screen-monitor,"{'Monitor and Display', 'Monitors'}"
https://compujordan.com/havit-pj221-portable-smart-projector,"{'Monitor and Display', 'Projector and Screen'}"
https://compujordan.com/havit-pj220-pro-smart-projector-android-13,"{'Monitor and Display', 'Projector and Screen'}"
https://compujordan.com/havit-pj215-pro-smart-projector-android-tv-9-0,"{'Monitor and Display', 'Projector and Screen'}"
https://compujordan.com/havit-pj209-smart-projector-android-tv-9-0,"{'Monitor and Display', 'Projector and Screen'}"
https://compujordan.com/havit-pj209aplus-smart-projector,"{'Monitor and Display', 'Projector and Screen'}"
https://compujordan.com/logitech-r500-laser-presentation-remote-bluetooth-usb,"{'Monitor and Display', 'Projector and Screen'}"
https://compujordan.com/vikusha-projector-v860,"{'Monitor and Display', 'Projector and Screen'}"
https://compujordan.com/ugreen-lp479-laser-pointer-presenter,"{'Monitor and Display', 'Projector and Screen'}"
https://compujordan.com/logitech-wireless-presenter-r400,"{'Monitor and Display', 'Projector and Screen'}"
https://compujordan.com/logitech-spotlight-advanced-wireless-presentation-remote,"{'Monitor and Display', 'Projector and Screen'}"
https://compujordan.com/vikusha-projector-v880,"{'Monitor and Display', 'Projector and Screen'}"
https://compujordan.com/lg-projector-hf65lg-ust-led-fhd-laser-projector-rgb-led-150-000-1,"{'Monitor and Display', 'Projector and Screen'}"
https://compujordan.com/google-chromecast-3rd-generation,"{'Monitor and Display', 'Projector and Screen'}"
https://compujordan.com/hp-wireless-presenter-remote,"{'Monitor and Display', 'Projector and Screen'}"
https://compujordan.com/lg-ph550-cinebeam-led-projector-with-built-in-battery-bluetooth-sound-out-and-screen-share,"{'Monitor and Display', 'Projector and Screen'}"
https://compujordan.com/lg-ph150g-led-cinebeam-projector-with-embedded-battery-and-screen-share,"{'Monitor and Display', 'Projector and Screen'}"
https://compujordan.com/lg-pf50kg-full-hd-led-smart-home-theater-cinebeam-projector-with-built-in-battery,"{'Monitor and Display', 'Projector and Screen'}"
https://compujordan.com/logitech-log-presenter-r500-mid-grey,"{'Monitor and Display', 'Projector and Screen'}"
https://compujordan.com/logitech-r500-laser-presentation-remote,"{'Monitor and Display', 'Projector and Screen'}"
https://compujordan.com/magic-mg85y20usfb-85-inch-4k-smart-tv,"{'Monitor and Display', 'TV'}"
https://compujordan.com/magic-mg75y20usfb-65-inch-4k-smart-tv,"{'Monitor and Display', 'TV'}"
https://compujordan.com/magic-mg65y05uscb-65-inch-4k-curved-smart-tv,"{'Monitor and Display', 'TV'}"
https://compujordan.com/magic-mg65y23usfb-65-inch-4k-smart-tv,"{'Monitor and Display', 'TV'}"
https://compujordan.com/magic-mg65y20usfb-65-inch-4k-smart-tv,"{'Monitor and Display', 'TV'}"
https://compujordan.com/magic-mg58y24usfb-58-inch-4k-frameless-smart-tv,"{'Monitor and Display', 'TV'}"
https://compujordan.com/magic-mg58y20usfb-58-inch-4k-smart-tv,"{'Monitor and Display', 'TV'}"
https://compujordan.com/magic-mg55y05uscb-55-inch-4k-curved-smart-tv,"{'Monitor and Display', 'TV'}"
https://compujordan.com/magic-mg55y24usfb-55-inch-4k-frameless-smart-tv,"{'Monitor and Display', 'TV'}"
https://compujordan.com/magic-mg55y030usfb-55-inch-4k-smart-tv,"{'Monitor and Display', 'TV'}"
https://compujordan.com/magic-mg55y23fsfb-55-inch-fhd-smart-tv,"{'Monitor and Display', 'TV'}"
https://compujordan.com/magic-mg55y23usfb-55-inch-4k-smart-tv,"{'Monitor and Display', 'TV'}"
https://compujordan.com/magic-mg55y20fsfb-55-inch-fhd-smart-tv,"{'Monitor and Display', 'TV'}"
https://compujordan.com/magic-mg55y20usfb-50-inch-4k-smart-frameless-tv,"{'Monitor and Display', 'TV'}"
https://compujordan.com/magic-mg50y24usfb-50-inch-4k-smart-frameless-tv,"{'Monitor and Display', 'TV'}"
https://compujordan.com/magic-mg50y030usfb50-inch-4k-smart-tv,"{'Monitor and Display', 'TV'}"
https://compujordan.com/magic-mg50y23fsfb-50-inch-fhd-smart-tv,"{'Monitor and Display', 'TV'}"
https://compujordan.com/magic-mg50y23usfb-50-inch-4k-smart-tv,"{'Monitor and Display', 'TV'}"
https://compujordan.com/magic-mg50y20fsfb-50-inch-fhd-smart-tv,"{'Monitor and Display', 'TV'}"
https://compujordan.com/magic-mg50y20usfb-50-inch-4k-smart-tv,"{'Monitor and Display', 'TV'}"
https://compujordan.com/magic-mg43y23fbfb-43-inch-fhd-tv,"{'Monitor and Display', 'TV'}"
https://compujordan.com/magic-mg43y23fsfb-43-inch-fhd-smart-tv,"{'Monitor and Display', 'TV'}"
https://compujordan.com/magic-mg43y030usfb-43-inch-4k-smart-tv,"{'Monitor and Display', 'TV'}"
https://compujordan.com/magic-mg43y030fbfb-43-inch-fhd-tv,"{'Monitor and Display', 'TV'}"
https://compujordan.com/magic-mg43y24fbfb-43-inch-fhd-frameless-tv,"{'Monitor and Display', 'TV'}"
https://compujordan.com/magic-mg43y24usfb-43-inch-4k-frameless-smart-tv,"{'Monitor and Display', 'TV'}"
https://compujordan.com/magic-mg43y24fsfb-43-inch-fhd-frameless-smart-tv,"{'Monitor and Display', 'TV'}"
https://compujordan.com/magic-mg43y20fsfb-43-inch-fhd-smart-tv,"{'Monitor and Display', 'TV'}"
https://compujordan.com/magic-mg42y20fbfb-42-inch-fhd-smart-tv,"{'Monitor and Display', 'TV'}"
https://compujordan.com/magic-mg42y20fbfb-39-inch-fhd-tv,"{'Monitor and Display', 'TV'}"
https://compujordan.com/magic-mg39y20fsfb-39-inch-fhd-smart-tv,"{'Monitor and Display', 'TV'}"
https://compujordan.com/magic-mg39y20fbfb-39-inch-fhd-tv,"{'Monitor and Display', 'TV'}"
https://compujordan.com/magic-mg32y24fbfb-32-inch-fhd-tv,"{'Monitor and Display', 'TV'}"
https://compujordan.com/magic-mg32y030fbfb-32-inch-fhd-tv,"{'Monitor and Display', 'TV'}"
https://compujordan.com/magic-mg32y23fbfb-32-inch-fhd-tv,"{'Monitor and Display', 'TV'}"
https://compujordan.com/logitech-g333-gaming-earphones-with-mic-white,"{'Audio', 'Computer Hardware'}"
https://compujordan.com/logitech-g560-rgb-pc-gaming-speakers-game-driven-lightsync-lighting,"{'Audio', 'Computer Hardware'}"
https://compujordan.com/havit-h670bt-space-s1-wireless-noise-cancelling-headphones,"{'Audio', 'Computer Hardware'}"
https://compujordan.com/havit-h668bt-anc-wireless-headphones,"{'Audio', 'Computer Hardware'}"
https://compujordan.com/havit-h635bt-foldable-wireless-headphones,"{'Audio', 'Computer Hardware'}"
https://compujordan.com/havit-h630bt-pro-anc-wireless-headphones,"{'Audio', 'Computer Hardware'}"
https://compujordan.com/havit-h682bt-pro-anc-wireless-gaming-headphones,"{'Audio', 'Computer Hardware'}"
https://compujordan.com/havit-h619bt-over-ear-wireless-sports-headphones,"{'Audio', 'Computer Hardware'}"
https://compujordan.com/havit-h612bt-pro-anc-wireless-headphones,"{'Audio', 'Computer Hardware'}"
https://compujordan.com/havit-h602bt-wireless-hifi-headset,"{'Audio', 'Computer Hardware'}"
https://compujordan.com/havit-h2015f-3-5mm-wired-gaming-headset,"{'Audio', 'Computer Hardware'}"
https://compujordan.com/havit-gamenote-gk50-pro-rgb-gaming-microphone-with-desk-stand,"{'Audio', 'Computer Hardware'}"
https://compujordan.com/havit-sk920bt-waterproof-wireless-speaker,"{'Audio', 'Computer Hardware'}"
https://compujordan.com/skullcandy-sesh-anc-active-wireless-noise-canceling-sport-earbuds-black-orange,"{'Audio', 'Electronics', 'Computer Hardware', 'Computer Accessories', 'Mobile/Tab Accessory'}"
https://compujordan.com/skullcandy-rail-true-wireless-earbuds-bone,"{'Audio', 'Electronics', 'Computer Hardware', 'Computer Accessories', 'Mobile/Tab Accessory'}"
https://compujordan.com/skullcandy-rail-true-wireless-earbuds-black,"{'Audio', 'Electronics', 'Computer Hardware', 'Computer Accessories', 'Mobile/Tab Accessory'}"
https://compujordan.com/skullcandy-smokin-buds-earbuds-black,"{'Audio', 'Electronics', 'Computer Hardware', 'Computer Accessories', 'Mobile/Tab Accessory'}"
https://compujordan.com/wiwu-wi-wm005-bluetooth-5-3-lavalier-microphone,"{'Audio', 'Electronics', 'Computer Hardware', 'Computer Accessories', 'Mobile/Tab Accessory'}"
https://compujordan.com/wiwu-wi-wm007-dual-wireless-lavalier-microphone,"{'Audio', 'Electronics', 'Computer Hardware', 'Computer Accessories', 'Mobile/Tab Accessory'}"
https://compujordan.com/wiwu-wi-wm006-ai-powered-noise-cancelling-wireless-lavalier-microphone,"{'Audio', 'Electronics', 'Computer Hardware', 'Computer Accessories', 'Mobile/Tab Accessory'}"
https://compujordan.com/wiwu-wi-wm008-dual-wireless-lavalier-microphone,"{'Audio', 'Electronics', 'Computer Hardware', 'Computer Accessories', 'Mobile/Tab Accessory'}"
https://compujordan.com/jbl-charge-6-portable-bluetooth-speaker-white,"{'Audio', 'Computer Hardware'}"
https://compujordan.com/havit-sk764-usb-2-0-wired-rgb-led-gaming-speakers-black,"{'Audio', 'Computer Hardware'}"
https://compujordan.com/havit-hv-sk763-2-0-rgb-usb-black-speaker,"{'Audio', 'Computer Hardware'}"
https://compujordan.com/havit-tw976-true-wireless-stereo-earbuds-black,"{'Audio', 'Computer Hardware'}"
https://compujordan.com/havit-m69-strong-bass-wireless-speaker-blue,"{'Audio', 'Computer Hardware'}"
https://compujordan.com/havit-hv-sk473-2-0-channel-usb-multimedia-pc-speakers-black-blue,"{'Audio', 'Computer Hardware'}"
https://compujordan.com/jbl-clip-5-portable-bluetooth-speaker-white,"{'Audio', 'Computer Hardware'}"
https://compujordan.com/jbl-clip-5-portable-bluetooth-speaker-blue,"{'Audio', 'Computer Hardware'}"
https://compujordan.com/jbl-charge-5-portable-waterproof-speaker-with-powerbank-teal,"{'Audio', 'Computer Hardware'}"
https://compujordan.com/jbl-charge-5-portable-waterproof-speaker-with-powerbank-blue,"{'Audio', 'Computer Hardware'}"
https://compujordan.com/jbl-charge-5-portable-waterproof-speaker-with-powerbank-black,"{'Audio', 'Computer Hardware'}"
https://compujordan.com/havit-tw976-true-wireless-stereo-earbuds,"{'Audio', 'Computer Hardware'}"
https://compujordan.com/havit-tw970-true-wireless-stereo-gaming-earbuds,"{'Audio', 'Computer Hardware'}"
https://compujordan.com/havit-tw958-pro-true-wireless-stereo-earbuds,"{'Audio', 'Computer Hardware'}"
https://compujordan.com/havit-tw929-true-wireless-stereo-gaming-earbuds,"{'Audio', 'Computer Hardware'}"
https://compujordan.com/havit-tw905-earbuds,"{'Audio', 'Computer Hardware'}"
https://compujordan.com/havit-sq133bt-outdoor-plaza-speaker,"{'Audio', 'Computer Hardware'}"
https://compujordan.com/havit-sq128bt-outdoor-plaza-speaker,"{'Audio', 'Computer Hardware'}"
https://compujordan.com/havit-sq116bt-portable-bluetooth-black-trolley-speaker-with-microphone,"{'Audio', 'Computer Hardware'}"
https://compujordan.com/havit-sk900bt-multi-color-rgb-light-wireless-speaker,"{'Audio', 'Computer Hardware'}"
https://compujordan.com/havit-sk889bt-multi-color-ambient-light-bluetooth-speaker,"{'Audio', 'Computer Hardware'}"
https://compujordan.com/havit-sk885bt-colorful-rgb-light-wireless-waterproof-speaker,"{'Audio', 'Computer Hardware'}"
https://compujordan.com/havit-sk875bt-strong-bass-wireless-waterproof-speaker,"{'Audio', 'Computer Hardware'}"
https://compujordan.com/havit-sk862bt-portable-outdoor-wireless-speaker,"{'Audio', 'Computer Hardware'}"
https://compujordan.com/havit-sk830bt-black-bluetooth-speaker,"{'Audio', 'Computer Hardware'}"
https://compujordan.com/havit-sk821bt-strong-bass-wireless-speaker,"{'Audio', 'Computer Hardware'}"
https://compujordan.com/havit-sk819bt-mini-portable-karaoke-bluetooth-microphone-wireless-speaker,"{'Audio', 'Computer Hardware'}"
https://compujordan.com/havit-sk808bt-colorful-rgb-light-wireless-waterproof-speaker,"{'Audio', 'Computer Hardware'}"
https://compujordan.com/havit-m69-strong-bass-wireless-speaker,"{'Audio', 'Computer Hardware'}"
https://compujordan.com/havit-h202d-wired-pc-headphone,"{'Audio', 'Computer Hardware'}"
https://compujordan.com/havit-sk202-stereo-electronic-sports-speaker,"{'Audio', 'Computer Hardware'}"
https://compujordan.com/havit-freego1-air-conduction-wireless-headphones,"{'Audio', 'Computer Hardware'}"
https://compujordan.com/havit-e531bt-wireless-bone-conduction-headphone,"{'Audio', 'Computer Hardware'}"
https://compujordan.com/havit-e529bt-wireless-neckband-earphones,"{'Audio', 'Computer Hardware'}"
https://compujordan.com/havit-e48p-mini-in-ear-earphone,"{'Audio', 'Computer Hardware'}"
https://compujordan.com/havit-e303p-wired-in-ear-earphones,"{'Audio', 'Computer Hardware'}"
https://compujordan.com/havit-h630bt-wireless-foldable-headphone,"{'Audio', 'Computer Hardware'}"
https://compujordan.com/remax-rb-s1-wireless-neckband-sports-earphones,"{'Audio', 'Computer Hardware'}"
https://compujordan.com/remax-tws-19-marshmallow-series-true-wireless-stereo-earbuds,"{'Audio', 'Computer Hardware'}"
https://compujordan.com/vikusha-earphone-v-t33,"{'Audio', 'Computer Hardware'}"
https://compujordan.com/vikusha-earphone-v-t3,"{'Audio', 'Computer Hardware'}"
https://compujordan.com/vikusha-earphone-v-t2,"{'Audio', 'Computer Hardware'}"
https://compujordan.com/vikusha-earphone-v-t1,"{'Audio', 'Computer Hardware'}"
https://compujordan.com/high-power-bluetooth-speaker-portable-sound-column-with-stereo-3d-surround-and-subwoofer-featuring-outdoor-led-color-light-and-microphone,"{'Audio', 'Computer Hardware'}"
https://compujordan.com/bluetooth-speaker-bt-2068-with-microphone-and-remote,"{'Audio', 'Computer Hardware'}"
https://compujordan.com/hp-h10w-wireless-waterproof-neckband-earphones-for-sports,"{'Audio', 'Computer Hardware'}"
https://compujordan.com/boya-by-v1-ultracompact-2-4ghz-wireless-microphone-system,"{'Audio', 'Computer Hardware'}"
https://compujordan.com/one-mic-clip-wireless-with-one-receiver-k35,"{'Audio', 'Computer Hardware'}"
https://compujordan.com/one-mic-clip-wireless-for-iphone-k9,"{'Audio', 'Computer Hardware'}"
https://compujordan.com/one-mic-clip-wireless-for-type-c-k9,"{'Audio', 'Computer Hardware'}"
https://compujordan.com/logitech-mobile-speaker-wonderboom-3-bt-active-pink,"{'Audio', 'Computer Hardware'}"
https://compujordan.com/logitech-960-usb-noise-cancelling-w-mute-button-stereo-headset,"{'Audio', 'Computer Hardware'}"
https://compujordan.com/logitech-g333-gaming-earphones-with-mic-black,"{'Audio', 'Computer Hardware'}"
https://compujordan.com/logitech-zone-wired-noise-cancelling-headset,"{'Audio', 'Computer Hardware'}"
https://compujordan.com/log-headset-h151-single-jack,"{'Audio', 'Computer Hardware'}"
https://compujordan.com/logitech-h540-usb-computer-headset,"{'Audio', 'Computer Hardware'}"
https://compujordan.com/logitech-h390-usb-computer-headset,"{'Audio', 'Computer Hardware'}"
https://compujordan.com/logitech-h340-usb-computer-headset,"{'Audio', 'Computer Hardware'}"
https://compujordan.com/logitech-h110-stereo-headset,"{'Audio', 'Computer Hardware'}"
https://compujordan.com/logitech-h111-stereo-headset-single-jack,"{'Audio', 'Computer Hardware'}"
https://compujordan.com/lg-p350-headphone,"{'Audio', 'Computer Hardware'}"
https://compujordan.com/lg-le-1700-os2-earphone,"{'Audio', 'Computer Hardware'}"
https://compujordan.com/lg-le-1700-ls2-earphone,"{'Audio', 'Computer Hardware'}"
https://compujordan.com/lg-ep-14spk-earphone,"{'Audio', 'Computer Hardware'}"
https://compujordan.com/lg-ep-12cpk-earphone,"{'Audio', 'Computer Hardware'}"
https://compujordan.com/meizu-ep-21hd-earphone,"{'Audio', 'Computer Hardware'}"
https://compujordan.com/jbl-boombox-4-portable-bluetooth-speaker-massive-ai-sound-34h-battery-auracast-black,"{'Audio', 'Computer Hardware'}"
https://compujordan.com/jbl-boombox-4-portable-bluetooth-speaker-massive-ai-sound-34h-battery-auracast-blue,"{'Audio', 'Computer Hardware'}"
https://compujordan.com/jbl-boombox-3-portable-bluetooth-speaker-black,"{'Audio', 'Computer Hardware'}"
https://compujordan.com/jbl-charge-6-portable-bluetooth-speaker-squad,"{'Audio', 'Computer Hardware'}"
https://compujordan.com/jbl-charge-6-portable-bluetooth-speaker-black,"{'Audio', 'Computer Hardware'}"
https://compujordan.com/jbl-flip-7-portable-bluetooth-speaker-white,"{'Audio', 'Computer Hardware'}"
https://compujordan.com/jbl-flip-7-portable-bluetooth-speaker-black,"{'Audio', 'Computer Hardware'}"
https://compujordan.com/jbl-tune-125bt-wireless-in-ear-headphones-black,"{'Audio', 'Computer Hardware'}"
https://compujordan.com/jbl-tune110-wired-in-ear-headphones-red,"{'Audio', 'Computer Hardware'}"
https://compujordan.com/jbl-tune110-wired-in-ear-headphones-blue,"{'Audio', 'Computer Hardware'}"
https://compujordan.com/jbl-live-flex-3-wireless-earbud-headphones-purple,"{'Audio', 'Computer Hardware'}"
https://compujordan.com/jbl-live-flex-3-wireless-earbud-headphones-blue,"{'Audio', 'Computer Hardware'}"
https://compujordan.com/jbl-go-essential-2-portable-bluetooth-speaker-red,"{'Audio', 'Computer Hardware'}"
https://compujordan.com/jbl-go-essential-2-portable-bluetooth-speaker-blue,"{'Audio', 'Computer Hardware'}"
https://compujordan.com/jbl-go-essential-2-portable-bluetooth-speaker-black,"{'Audio', 'Computer Hardware'}"
https://compujordan.com/havit-h633bt-bg-wireless-foldable-headphones-beige,"{'Audio', 'Computer Hardware'}"
https://compujordan.com/jbl-endurance-race-2-true-wireless-active-earbuds-blue,"{'Audio', 'Computer Hardware'}"
https://compujordan.com/jbl-endurance-race-2-true-wireless-active-earbuds-black,"{'Audio', 'Computer Hardware'}"
https://compujordan.com/jbl-tune110-wired-in-ear-headphones-white,"{'Audio', 'Computer Hardware'}"
https://compujordan.com/jbl-tune110-wired-in-ear-headphones-black,"{'Audio', 'Computer Hardware'}"
https://compujordan.com/jbl-wave-buds-wireless-earbuds-white,"{'Audio', 'Computer Hardware'}"
https://compujordan.com/jbl-wave-buds-wireless-earbuds-black,"{'Audio', 'Computer Hardware'}"
https://compujordan.com/jbl-tune-310c-wired-hi-res-in-ear-earphones-white,"{'Audio', 'Computer Hardware'}"
https://compujordan.com/jbl-tune-310c-wired-hi-res-in-ear-earphones-blue,"{'Audio', 'Computer Hardware'}"
https://compujordan.com/jbl-tune-310c-wired-hi-res-in-ear-earphones-black,"{'Audio', 'Computer Hardware'}"
https://compujordan.com/jbl-tune-305c-wired-in-ear-type-c-hi-res-headphones-white,"{'Audio', 'Computer Hardware'}"
https://compujordan.com/jbl-tune-305c-wired-in-ear-type-c-hi-res-headphones-blue,"{'Audio', 'Computer Hardware'}"
https://compujordan.com/jbl-tune-305c-wired-in-ear-type-c-hi-res-headphones-black,"{'Audio', 'Computer Hardware'}"
https://compujordan.com/jbl-live-pro-2-true-wireless-nc-earbuds-with-wireless-charging-black,"{'Audio', 'Computer Hardware'}"
https://compujordan.com/jbl-live-flex-3-true-adaptive-noise-cancelling-perfect-calls-silver,"{'Audio', 'Computer Hardware'}"
https://compujordan.com/jbl-live-flex-3-true-adaptive-noise-cancelling-perfect-calls-black,"{'Audio', 'Computer Hardware'}"
https://compujordan.com/jbl-live-beam-3-true-adaptive-noise-cancelling-perfect-calls-purple,"{'Audio', 'Computer Hardware'}"
https://compujordan.com/jbl-live-beam-3-true-adaptive-noise-cancelling-perfect-calls-blue,"{'Audio', 'Computer Hardware'}"
https://compujordan.com/jbl-live-beam-3-true-adaptive-noise-cancelling-perfect-calls-black,"{'Audio', 'Computer Hardware'}"
https://compujordan.com/jbl-go-4-portable-bluetooth-speaker-white,"{'Audio', 'Computer Hardware'}"
https://compujordan.com/jbl-go-4-portable-bluetooth-speaker-squad,"{'Audio', 'Computer Hardware'}"
https://compujordan.com/jbl-go-4-portable-bluetooth-speaker-red,"{'Audio', 'Computer Hardware'}"
https://compujordan.com/jbl-go-4-portable-bluetooth-speaker-purple,"{'Audio', 'Computer Hardware'}"
https://compujordan.com/jbl-go-4-portable-bluetooth-speaker-pink,"{'Audio', 'Computer Hardware'}"
https://compujordan.com/jbl-go-4-portable-bluetooth-speaker-blue,"{'Audio', 'Computer Hardware'}"
https://compujordan.com/jbl-go-4-portable-bluetooth-speaker-black,"{'Audio', 'Computer Hardware'}"
https://compujordan.com/jbl-flip-6-portable-bluetooth-speaker-grey,"{'Audio', 'Computer Hardware'}"
https://compujordan.com/jbl-clip-5-portable-bluetooth-speaker-squad,"{'Audio', 'Computer Hardware'}"
https://compujordan.com/jbl-clip-5-portable-bluetooth-speaker-red,"{'Audio', 'Computer Hardware'}"
https://compujordan.com/jbl-clip-5-portable-bluetooth-speaker-pink,"{'Audio', 'Computer Hardware'}"
https://compujordan.com/jbl-clip-5-portable-bluetooth-speaker-black,"{'Audio', 'Computer Hardware'}"
https://compujordan.com/jbl-charge-5-portable-waterproof-speaker-with-powerbank-white,"{'Audio', 'Computer Hardware'}"
https://compujordan.com/jbl-charge-5-portable-waterproof-speaker-with-powerbank-squad,"{'Audio', 'Computer Hardware'}"
https://compujordan.com/jbl-charge-5-portable-waterproof-speaker-with-powerbank-red,"{'Audio', 'Computer Hardware'}"
https://compujordan.com/jbl-charge-5-portable-waterproof-speaker-with-powerbank-pink,"{'Audio', 'Computer Hardware'}"
https://compujordan.com/jbl-charge-5-portable-waterproof-speaker-with-powerbank-grey,"{'Audio', 'Computer Hardware'}"
https://compujordan.com/jbl-charge-5-portable-waterproof-speaker-with-powerbank-grn,"{'Audio', 'Computer Hardware'}"
https://compujordan.com/logitech-zone-300-wireless-bluetooth-headset,"{'Audio', 'Computer Hardware'}"
https://compujordan.com/havit-sk833bt-bass-waterproof-wireless-speaker,"{'Audio', 'Computer Hardware'}"
https://compujordan.com/havit-sk832bt-wireless-speaker-table-lamp-with-outdoor-rgb-led-light,"{'Audio', 'Computer Hardware'}"
https://compujordan.com/havit-h633bt-wireless-foldable-headphone,"{'Audio', 'Computer Hardware'}"
https://compujordan.com/boya-by-v10-wireless-lavalier-microphone-for-android,"{'Audio', 'Computer Hardware'}"
https://compujordan.com/ugreen-usb-desktop-microphone,"{'Audio', 'Computer Hardware'}"
https://compujordan.com/logitech-s120-lightweight-stereo-speakers-in-a-slim-black,"{'Audio', 'Computer Hardware'}"
https://compujordan.com/logitech-mobile-speaker-wonderboom-3-bt-active-blue,"{'Audio', 'Computer Hardware'}"
https://compujordan.com/logitech-mobile-speaker-wonderboom-3-bt-active-black,"{'Audio', 'Computer Hardware'}"
https://compujordan.com/logitech-zone-vibe-100-wireless-over-ear-headphones-graphite,"{'Audio', 'Computer Hardware'}"
https://compujordan.com/steelseries-tusq-in-ear-mobile-gaming-headset,"{'Audio', 'Computer Hardware'}"
https://compujordan.com/huawei-freebuds-4i,"{'Audio', 'Computer Hardware'}"
https://compujordan.com/logitech-z407-bluetooth-computer-speakers-with-subwoofer,"{'Audio', 'Computer Hardware'}"
https://compujordan.com/logitech-z337-bluetooth-speaker-system-with-subwoofer,"{'Audio', 'Computer Hardware'}"
https://compujordan.com/logitech-z333-speaker-system-with-subwoofer,"{'Audio', 'Computer Hardware'}"
https://compujordan.com/logitech-headset-h600-no-lang-emea,"{'Audio', 'Computer Hardware'}"
https://compujordan.com/logitech-surround-speakers-z130,"{'Audio', 'Computer Hardware'}"
https://compujordan.com/logitech-speaker-z200,"{'Audio', 'Computer Hardware'}"
https://compujordan.com/logitech-speaker-system-z623,"{'Audio', 'Computer Hardware'}"
https://compujordan.com/logitech-headset-bluetooth-h800,"{'Audio', 'Computer Hardware'}"
https://compujordan.com/logitech-speaker-surround-sound-z906,"{'Audio', 'Computer Hardware'}"
https://compujordan.com/logitech-speaker-surround-sound-z506,"{'Audio', 'Computer Hardware'}"
https://compujordan.com/logitech-speaker-usb-2-0-z120,"{'Audio', 'Computer Hardware'}"
https://compujordan.com/logitech-headset-wired-usb-h570e-stereo-business-series,"{'Audio', 'Computer Hardware'}"
https://compujordan.com/logitech-speaker-system-2-1-z213,"{'Audio', 'Computer Hardware'}"
https://compujordan.com/logitech-audio-system-z150-midnight-black-uk-plug,"{'Audio', 'Computer Hardware'}"
https://compujordan.com/log-audio-system-z313-3-5mm-stereo,"{'Audio', 'Computer Hardware'}"
https://compujordan.com/logitech-h150-stereo-headset-with-noise-cancelling-mic-blue,"{'Audio', 'Computer Hardware'}"
https://compujordan.com/microsoft-lifechat-lx-2000-headset-with-mic,"{'Audio', 'Computer Hardware'}"
https://compujordan.com/hp-in-ear-headset-150,"{'Audio', 'Computer Hardware'}"
https://compujordan.com/huawei-wifi-be3-dual-band-wi-fi-7-router,"{'Networking', 'Computer Hardware'}"
https://compujordan.com/huawei-wifi-ax2-ws57001-dual-band-wi-fi-6-router,"{'Networking', 'Computer Hardware'}"
https://compujordan.com/huawei-wifi-ax1-ws5203-dual-band-router,"{'Networking', 'Computer Hardware'}"
https://compujordan.com/tp-link-archer-gx90-ax6600-tri-band-wi-fi-6-gaming-router,"{'Networking', 'Computer Hardware'}"
https://compujordan.com/ugreen-pcie-3-0-m-2-nvme-and-ngff-reader-adapter-card,"{'Networking', 'Computer Hardware'}"
https://compujordan.com/tp-link-archer-t6e-ac1300-wireless-dual-band-pci-express-adapter,"{'Networking', 'Computer Hardware'}"
https://compujordan.com/tp-link-archer-t2e-ac600-wireless-dual-band-pci-express-adapter,"{'Networking', 'Computer Hardware'}"
https://compujordan.com/tp-link-tl-wn881nd-300mbps-wireless-n-pci-express-adapter,"{'Networking', 'Computer Hardware'}"
https://compujordan.com/tp-link-archer-t9uh-ac1900-high-gain-wireless-dual-band-usb-adapter,"{'Networking', 'Computer Hardware'}"
https://compujordan.com/tp-link-archer-t4u-ac1300-wireless-dual-band-usb-adapter,"{'Networking', 'Computer Hardware'}"
https://compujordan.com/mercusys-mw150us-n150-wireless-nano-usb-adapter,"{'Networking', 'Computer Hardware'}"
https://compujordan.com/tp-link-eap225-outdoor-ac1200-wireless-mu-mimo-gigabit-indoor-outdoor-access-point,"{'Networking', 'Computer Hardware'}"
https://compujordan.com/tp-link-m7450-300mbps-lte-advanced-mobile-wi-fi,"{'Networking', 'Computer Hardware'}"
https://compujordan.com/huawei-wifi-mesh-3,"{'Networking', 'Computer Hardware'}"
https://compujordan.com/ugreen-usb-to-ethernet-adapter-usb-3-0-to-rj45-1gbps-lan-network-adapter,"{'Networking', 'Computer Hardware'}"
https://compujordan.com/ugreen-cat-7-ethernet-cable-6ft-high-speed-2m,"{'Networking', 'Computer Hardware'}"
https://compujordan.com/ugreen-cat7-f-ftp-pure-copper-cable-5m-black,"{'Networking', 'Computer Hardware'}"
https://compujordan.com/ugreen-usb-bluetooth-adapter-for-pc-5-0-bluetooth-dongle-receiver,"{'Networking', 'Computer Hardware'}"
https://compujordan.com/ugreen-ac650-dual-band-usb-wifi-adapter,"{'Networking', 'Computer Hardware'}"
https://compujordan.com/tp-link-eap225-ac1350-wireless-mu-mimo-gigabit-ceiling-mount-access-point,"{'Networking', 'Computer Hardware'}"
https://compujordan.com/tp-link-eap610-ax1800-ceiling-mount-wifi-6-access-point,"{'Networking', 'Computer Hardware'}"
https://compujordan.com/tp-link-eap650-ax3000-ceiling-mount-wifi-6-access-point,"{'Networking', 'Computer Hardware'}"
https://compujordan.com/ugreen-cat6-f-utp-ethernet-rj45-extension-male-female-5m,"{'Networking', 'Computer Hardware'}"
https://compujordan.com/ugreen-cat6-f-utp-ethernet-rj45-extension-male-female-2m,"{'Networking', 'Computer Hardware'}"
https://compujordan.com/ugreen-cat7-10gbps-600mhz-u-ftp-rj45-patch-ethernet-cable-10m,"{'Networking', 'Computer Hardware'}"
https://compujordan.com/ugreen-cat7-10gbps-600mhz-u-ftp-rj45-patch-ethernet-cable-3m,"{'Networking', 'Computer Hardware'}"
https://compujordan.com/ugreen-ethernet-cable-cat-7-extension-lead-high-speed-1-5m,"{'Networking', 'Computer Hardware'}"
https://compujordan.com/ugreen-cat-6a-5m-pure-copper-ethernet-cable-od2-8,"{'Networking', 'Computer Hardware'}"
https://compujordan.com/ugreen-cat-6a-10m-pure-copper-ethernet-cable-od2-8,"{'Networking', 'Computer Hardware'}"
https://compujordan.com/ugreen-v5-3-usb-bluetooth-adapter-for-pc-laptop-plug-and-for-windows-11-8-1,"{'Networking', 'Computer Hardware'}"
https://compujordan.com/tp-link-tl-sg1024d-24-port-gigabit-desktop-rackmount-switch,"{'Networking', 'Computer Hardware'}"
https://compujordan.com/tp-link-tl-sg1008d-8-port-gigabit-desktop-switch,"{'Networking', 'Computer Hardware'}"
https://compujordan.com/tp-link-tl-sg1005d-5-port-gigabit-desktop-switch,"{'Networking', 'Computer Hardware'}"
https://compujordan.com/tp-link-m7000-4g-lte-mobile-wi-fi-router,"{'Networking', 'Computer Hardware'}"
https://compujordan.com/tp-link-ub400-bluetooth-4-0-nano-usb-adapter,"{'Networking', 'Computer Hardware'}"
https://compujordan.com/tp-link-tl-mr100-300-mbps-wireless-n-4g-lte-router,"{'Networking', 'Computer Hardware'}"
https://compujordan.com/tp-link-archer-ax23-ax1800-dual-band-gigabit-wi-fi-6-router,"{'Networking', 'Computer Hardware'}"
https://compujordan.com/tp-link-archer-ax53-ax3000-dual-band-gigabit-wi-fi-6-router,"{'Networking', 'Computer Hardware'}"
https://compujordan.com/tp-link-archer-mr600-4g-cat6-ac1200-wireless-dual-band-gigabit-router,"{'Networking', 'Computer Hardware'}"
https://compujordan.com/huawei-ax2-wifi-6-ax1500-wireless-dual-band-router-harmonyos-mesh-gigabit-ethernet,"{'Networking', 'Computer Hardware'}"
https://compujordan.com/tp-link-archer-ax55-ax3000-dual-band-gigabit-wi-fi-6-router,"{'Networking', 'Computer Hardware'}"
https://compujordan.com/enet-cat6-patch-cord-10m,"{'Networking', 'Computer Hardware'}"
https://compujordan.com/enet-cat6-patch-cord-5m,"{'Networking', 'Computer Hardware'}"
https://compujordan.com/enet-cat6-patch-cord-3m,"{'Networking', 'Computer Hardware'}"
https://compujordan.com/enet-cat6-patch-cord-1m,"{'Networking', 'Computer Hardware'}"
https://compujordan.com/tp-link-archer-c64-ac1200-wi-fi-dual-band-router,"{'Networking', 'Computer Hardware'}"
https://compujordan.com/tp-link-archer-ax73-ax5400-dual-band-gigabit-wi-fi-6-router,"{'Networking', 'Computer Hardware'}"
https://compujordan.com/tp-link-archer-ax11000-next-gen-tri-band-gaming-router,"{'Networking', 'Computer Hardware'}"
https://compujordan.com/tp-link-deco-x20-3-pack-ax1800-whole-home,"{'Networking', 'Computer Hardware'}"
https://compujordan.com/tp-link-archer-t3u-ac1300-mini-wireless-mu-mimo-usb-adapter,"{'Networking', 'Computer Hardware'}"
https://compujordan.com/tp-link-archer-ax10-ax1500-wi-fi-6-router,"{'Networking', 'Computer Hardware'}"
https://compujordan.com/tp-link-tl-wn722n-150mbps-high-gain-wireless-usb-adapter,"{'Networking', 'Computer Hardware'}"
https://compujordan.com/tp-link-archer-c54-ac1200-dual-band-wi-fi-router,"{'Networking', 'Computer Hardware'}"
https://compujordan.com/huawei-ax3-dual-core-2-4ghz-5ghz-3000mb-s-router,"{'Networking', 'Computer Hardware'}"
https://compujordan.com/tp-link-ac1900-wi-fi-router,"{'Networking', 'Computer Hardware'}"
https://compujordan.com/mercusys-300mbps-wi-fi-range-extender,"{'Networking', 'Computer Hardware'}"
https://compujordan.com/tp-link-tl-sf1008d-8-port-10-100mbps-desktop-switch,"{'Networking', 'Computer Hardware'}"
https://compujordan.com/tp-link-tl-sf1005d-5-port-10-100mbps-desktop-switch,"{'Networking', 'Computer Hardware'}"
https://compujordan.com/mercusys-300mbps-high-gain-wireless-usb-adapter,"{'Networking', 'Computer Hardware'}"
https://compujordan.com/tp-link-archer-t2u-plus-ac600-high-gain-wireless-dual-band-usb-adapter,"{'Networking', 'Computer Hardware'}"
https://compujordan.com/tp-link-archer-t2u-nano-ac600-nano-wireless-usb-adapter,"{'Networking', 'Computer Hardware'}"
https://compujordan.com/tp-link-tl-wn727n-150mbps-wireless-n-usb-adapter,"{'Networking', 'Computer Hardware'}"
https://compujordan.com/tp-link-tl-wn725n-150mbps-wireless-n-nano-usb-adapter,"{'Networking', 'Computer Hardware'}"
https://compujordan.com/tp-link-ac2600-mu-mimo-wi-fi-range-extender,"{'Networking', 'Computer Hardware'}"
https://compujordan.com/tp-link-tl-sg1016d-16-port-gigabit-desktop-rackmount-switch,"{'Networking', 'Computer Hardware'}"
https://compujordan.com/tp-link-m7350-4g-lte-mobile-wi-fi,"{'Networking', 'Computer Hardware'}"
https://compujordan.com/tp-link-tl-wr840n-300mbps-wireless-n-speed,"{'Networking', 'Computer Hardware'}"
https://compujordan.com/tp-link-tl-wn823n-300mbps-mini-wireless-n-usb-adapter,"{'Networking', 'Computer Hardware'}"
https://compujordan.com/tp-link-tl-wa901nd-450mbps-wireless-n-access-point-tl-wa901nd-eu,"{'Networking', 'Computer Hardware'}"
https://compujordan.com/tp-link-tl-wa820re-300mbps-usb-wi-fi-range-extender,"{'Networking', 'Computer Hardware'}"
https://compujordan.com/tp-link-tl-sf1016d-16-port-10-100mbps-desktop-switch,"{'Networking', 'Computer Hardware'}"
https://compujordan.com/tp-link-tl-mr6400-300mbps-wireless-n-4g-lte-router,"{'Networking', 'Computer Hardware'}"
https://compujordan.com/tp-link-re305-ac1200-wi-fi-range-extender,"{'Networking', 'Computer Hardware'}"
https://compujordan.com/tp-link-re200-ac750-wi-fi-range-extender,"{'Networking', 'Computer Hardware'}"
https://compujordan.com/tp-link-m5250-3g-mobile-wi-fi-modem,"{'Networking', 'Computer Hardware'}"
https://compujordan.com/d-link-dir-130-ethernet-vpn-router-with-8-port-switch,"{'Networking', 'Computer Hardware'}"
https://compujordan.com/tp-link-archer-c20-ac750-wireless-dual-band-router,"{'Networking', 'Computer Hardware'}"
https://compujordan.com/tenda-te-a31-wireless-n300-portable-router,"{'Networking', 'Computer Hardware'}"
https://compujordan.com/ugreen-m-2-nvme-to-pcie-adapter,"{'Networking', 'Computer Hardware'}"
https://compujordan.com/tp-link-tg-3468-gigabit-pci-express-network-adapter,"{'Networking', 'Computer Hardware'}"
https://compujordan.com/tp-link-archer-tx50e-ax3000-wi-fi-6-bluetooth-5-0-pcie-adapter,"{'Networking', 'Computer Hardware'}"
https://compujordan.com/tp-link-deco-s7-ac1900-whole-home-mesh-wi-fi-system,"{'Networking', 'Computer Hardware'}"
https://compujordan.com/tp-link-tl-wpa7517-kit-av1000-gigabit-powerline-ac-wi-fi-kit,"{'Networking', 'Computer Hardware'}"
https://compujordan.com/ugreen-cat-6a-2m-pure-copper-ethernet-cable-od2-8,"{'Networking', 'Computer Hardware'}"
https://compujordan.com/tp-link-re605x-ax1800-dual-band-wi-fi-6-range-extender,"{'Networking', 'Computer Hardware'}"
https://compujordan.com/tp-link-re505x-ax1500-dual-band-wi-fi-6-range-extender,"{'Networking', 'Computer Hardware'}"
https://compujordan.com/tp-link-re220-mesh-wi-fi-range-extender-ac750-dual-band,"{'Networking', 'Computer Hardware'}"
https://compujordan.com/mercusys-ms108g-8-port-10-100-1-000-mbps-desktop-switch,"{'Networking', 'Computer Hardware'}"
https://compujordan.com/tp-link-ac1200-wireless-dual-band-4g-lte-router,"{'Networking', 'Computer Hardware'}"
https://compujordan.com/tp-link-ax6000-next-gen-wi-fi-6-router,"{'Networking', 'Computer Hardware'}"
https://compujordan.com/tp-link-deco-e4-3-pack-ac1200,"{'Networking', 'Computer Hardware'}"
https://compujordan.com/tp-link-deco-p9-2-pack-ac1800-av1000,"{'Networking', 'Computer Hardware'}"
https://compujordan.com/tp-link-deco-p9-3-pack-ac1800-av1000,"{'Networking', 'Computer Hardware'}"
https://compujordan.com/tp-link-deco-x60-3-pack-ax3000-whole-home,"{'Networking', 'Computer Hardware'}"
https://compujordan.com/tp-link-ac750-wi-fi-range-extender,"{'Networking', 'Computer Hardware'}"
https://compujordan.com/tp-link-8-port-10-100-1000mbps-desktop-switch,"{'Networking', 'Computer Hardware'}"
https://compujordan.com/tp-link-5-port-10-100-1000mbps-desktop-switch,"{'Networking', 'Computer Hardware'}"
https://compujordan.com/tp-link-ax1800-archer-ax20-dual-band-wi-fi-6-router,"{'Networking', 'Computer Hardware'}"
https://compujordan.com/tp-link-ax3000-archer-ax50-dual-band-gigabit-wi-fi-6-router,"{'Networking', 'Computer Hardware'}"
https://compujordan.com/tp-link-300mbps-wi-fi-range-extender-with-ac-passthrough,"{'Networking', 'Computer Hardware'}"
https://compujordan.com/tp-link-ac1200-wireless-access-point-dual-band,"{'Networking', 'Computer Hardware'}"
https://compujordan.com/tp-link-deco-m4-3-pack-ac1200-whole-home-mesh-wi-fi-system,"{'Networking', 'Computer Hardware'}"
https://compujordan.com/huawei-q2-pro-3-pack-hybrid-2-4ghz-5ghz-1gb-s-router,"{'Networking', 'Computer Hardware'}"
https://compujordan.com/huawei-q2-pro-1-base-1-satellites-2-4ghz-5ghz-1gb-s-router,"{'Networking', 'Computer Hardware'}"
https://compujordan.com/huawei-ax3-quad-core-2-4ghz-5ghz-3000mb-s-router,"{'Networking', 'Computer Hardware'}"
https://compujordan.com/huawei-ws5200-2-4ghz-5ghz-1200mb-s-router,"{'Networking', 'Computer Hardware'}"
https://compujordan.com/huawei-ws318n-2-4ghz-300mb-s-router,"{'Networking', 'Computer Hardware'}"
https://compujordan.com/tp-link-ac5400-mu-mimo-tri-band-gaming-router,"{'Networking', 'Computer Hardware'}"
https://compujordan.com/tp-link-tl-wr820n-300-mbps-multi-mode-wi-fi-router,"{'Networking', 'Computer Hardware'}"
https://compujordan.com/tp-link-300mbps-wi-fi-router,"{'Networking', 'Computer Hardware'}"
https://compujordan.com/tp-link-ac1200-wireless-dual-band-router-access-point,"{'Networking', 'Computer Hardware'}"
https://compujordan.com/tp-link-300mbps-wi-fi-range-extender,"{'Networking', 'Computer Hardware'}"
https://compujordan.com/tp-link-deco-e3-ac1200-2-pack,"{'Networking', 'Computer Hardware'}"
https://compujordan.com/mercusys-300-mbps-mesh-wi-fi-3-pack,"{'Networking', 'Computer Hardware'}"
https://compujordan.com/mercusys-ac1200-whole-home-mesh-wi-fi-system-3-pack,"{'Networking', 'Computer Hardware'}"
https://compujordan.com/tp-link-ac1200-wi-fi-range-extender-with-ac,"{'Networking', 'Computer Hardware'}"
https://compujordan.com/mercusys-300mbps-enhanced-wireless-n-router,"{'Networking', 'Computer Hardware'}"
https://compujordan.com/mercusys-ac1200-wireless-dual-band-gigabit-router,"{'Networking', 'Computer Hardware'}"
https://compujordan.com/tp-link-ac600-wireless-dual-band-usb-adapter,"{'Networking', 'Computer Hardware'}"
https://compujordan.com/ac450-wireless-nano-usb-adapter,"{'Networking', 'Computer Hardware'}"
https://compujordan.com/tp-link-ac1200-mesh-wi-fi-range-extender,"{'Networking', 'Computer Hardware'}"
https://compujordan.com/tp-link-tl-wr941hp-450mbps-high-power-wireless-n-router,"{'Networking', 'Computer Hardware'}"
https://compujordan.com/tp-link-av600-300mbps-wi-fi-powerline-range-extender,"{'Networking', 'Computer Hardware'}"
https://compujordan.com/tp-link-2-4ghz-8dbi-indoor-omni-directional-antenna,"{'Networking', 'Computer Hardware'}"
https://compujordan.com/tp-link-ac1900-wi-fi-range-extender,"{'Networking', 'Computer Hardware'}"
https://compujordan.com/tp-link-300mbps-wireless-n-outdoor-access-point,"{'Networking', 'Computer Hardware'}"
https://compujordan.com/tp-link-ac1200-whole-home-mesh-wi-fi-system,"{'Networking', 'Computer Hardware'}"
https://compujordan.com/tp-link-ac1750-wireless-dual-band-gigabit-router,"{'Networking', 'Computer Hardware'}"
https://compujordan.com/tp-link-ac1200-wireless-mu-mimo-gigabit-router,"{'Networking', 'Computer Hardware'}"
https://compujordan.com/tp-link-ac1350-high-power-wireless-dual-band-router,"{'Networking', 'Computer Hardware'}"
https://compujordan.com/tp-link-archer-c4000-mu-mimo-tri-band-wi-fi-router,"{'Networking', 'Computer Hardware'}"
https://compujordan.com/tp-link-archer-c1200-wireless-dual-band-gigabit-router,"{'Networking', 'Computer Hardware'}"
https://compujordan.com/tp-link-ac900-wireless-dual-band-gigabit-router-archer,"{'Networking', 'Computer Hardware'}"
https://compujordan.com/linksys-wmp600n-dual-band-wireless-n-pci-adapter,"{'Networking', 'Computer Hardware'}"
https://compujordan.com/tp-link-tl-wr940n-450mbps-wireless-n-router,"{'Networking', 'Computer Hardware'}"
https://compujordan.com/tp-link-tl-wr841n-300mbps-wireless-n-router,"{'Networking', 'Computer Hardware'}"
https://compujordan.com/tp-link-tl-wn723n-150mbps-mini-wireless-n-usb-adapter,"{'Networking', 'Computer Hardware'}"
https://compujordan.com/tp-link-tl-wa850re-300mbps-universal-wi-fi-range-extender,"{'Networking', 'Computer Hardware'}"
https://compujordan.com/tp-link-tl-wa801nd-300mbps-wireless-n-access-point,"{'Networking', 'Computer Hardware'}"
https://compujordan.com/tp-link-tl-wa701nd-150mbps-wireless-n-access-point,"{'Networking', 'Computer Hardware'}"
https://compujordan.com/tp-link-tl-sf1024-24-port-10-100mbps-rackmount-switch,"{'Networking', 'Computer Hardware'}"
https://compujordan.com/tp-link-tl-mr3420-3g-4g-wireless-n-router,"{'Networking', 'Computer Hardware'}"
https://compujordan.com/tp-link-101100-pci-network-adapter,"{'Networking', 'Computer Hardware'}"
https://compujordan.com/tp-link-re450-ac1750-wi-fi-range-extender,"{'Networking', 'Computer Hardware'}"
https://compujordan.com/tp-link-4g-lte-mobile-wi-fi,"{'Networking', 'Computer Hardware'}"
https://compujordan.com/belkin-f1df102pea-switch2-two-computers-one,"{'Networking', 'Computer Hardware'}"
https://compujordan.com/d-link-dwr-113-3g-wi-fi-router,"{'Networking', 'Computer Hardware'}"
https://compujordan.com/d-link-dir-505-all-in-one-mobile-companion,"{'Networking', 'Computer Hardware'}"
https://compujordan.com/d-link-dfe-520tx-fast-ethernet-pci-adapter,"{'Networking', 'Computer Hardware'}"
https://compujordan.com/tp-link-archer-t2u-ac600-wireless-dual-band-usb-adapter,"{'Networking', 'Computer Hardware'}"
https://compujordan.com/tp-link-archer-t1u-ac450-wireless-nano-usb-adapter,"{'Networking', 'Computer Hardware'}"
https://compujordan.com/tp-link-ac1350-wireless-dual-band-router,"{'Networking', 'Computer Hardware'}"
https://compujordan.com/ugreen-displayport-to-vga-converter-black-dp109-20415,"{'Computer Accessories', 'Computer Hardware'}"
https://compujordan.com/ugreen-usb-c-3-1-to-usb-c-3-1-cable-1-5m-gray-us161-50751,"{'Computer Accessories', 'Computer Hardware'}"
https://compujordan.com/ugreen-cat6-utp-ethernet-patch-cable-15m-black-nw102-20165,"{'Computer Accessories', 'Computer Hardware'}"
https://compujordan.com/ugreen-hdmi-2-0-round-cable-15m-black-hd101-11106,"{'Computer Accessories', 'Computer Hardware'}"
https://compujordan.com/ugreen-cat6a-pure-copper-ethernet-cable-1-5m-black-nw122-70333,"{'Computer Accessories', 'Computer Hardware'}"
https://compujordan.com/ugreen-cat6a-pure-copper-ethernet-cable-0-5m-black-70331,"{'Computer Accessories', 'Computer Hardware'}"
https://compujordan.com/ugreen-cat6-utp-ethernet-patch-cable-5m-black-20162,"{'Computer Accessories', 'Computer Hardware'}"
https://compujordan.com/ugreen-usb-c-to-4-port-usb-3-0-hub-5gbps-superspeed,"{'Computer Accessories', 'Computer Hardware'}"
https://compujordan.com/logitech-mx-master-4-performance-wireless-mouse-for-mac-pale-gray,"{'Computer Accessories', 'Computer Hardware'}"
https://compujordan.com/logitech-mx-master-4-performance-wireless-mouse-graphite,"{'Computer Accessories', 'Computer Hardware'}"
https://compujordan.com/logitech-ergo-m575s-wireless-trackball-mouse-white,"{'Computer Accessories', 'Computer Hardware'}"
https://compujordan.com/ugreen-35995-usb-bluetooth-5-3-adapter,"{'Computer Accessories', 'Computer Hardware'}"
https://compujordan.com/ugreen-20611-usb-3-0-to-sata-hard-drive-converter-cable-for-2-5-3-5-hdd-ssd-eu-power-adapter,"{'Computer Accessories', 'Computer Hardware'}"
https://compujordan.com/ugreen-40201eu-1x2-hdmi-splitter,"{'Computer Accessories', 'Computer Hardware'}"
https://compujordan.com/ugreen-10211-4k-displayport-1-2-male-to-male-cable-2m,"{'Computer Accessories', 'Computer Hardware'}"
https://compujordan.com/ugreen-nexode-15324-usb-c-pd-gan-fast-charger-20w,"{'Electronics', 'Computer Hardware', 'Computer Accessories', 'Mobile/Tab Accessory'}"
https://compujordan.com/ugreen-65053-usb-c-gan-fast-charger-45w,"{'Electronics', 'Computer Hardware', 'Computer Accessories', 'Mobile/Tab Accessory'}"
https://compujordan.com/ugreen-50150-usb-c-to-usb-c-2-0-cable-1m,"{'Electronics', 'Computer Hardware', 'Computer Accessories', 'Mobile/Tab Accessory'}"
https://compujordan.com/ugreen-us287-usb-to-usb-c-cable-3a-fast-charge-480mbps-1-5m-black,"{'Electronics', 'Computer Hardware', 'Computer Accessories', 'Mobile/Tab Accessory'}"
https://compujordan.com/ugreen-20159-cat6-patch-cord-lan-cable-1m,"{'Electronics', 'Computer Hardware', 'Computer Accessories', 'Mobile/Tab Accessory'}"
https://compujordan.com/ugreen-20158-cat6-patch-cord-lan-cable-0-5m,"{'Electronics', 'Computer Hardware', 'Computer Accessories', 'Mobile/Tab Accessory'}"
https://compujordan.com/ugreen-cat6-8-core-u-utp-ethernet-cable-1-5m,"{'Electronics', 'Computer Hardware', 'Computer Accessories', 'Mobile/Tab Accessory'}"
https://compujordan.com/ugreen-usb-c-10-in-1-multi-functional-hub-15601,"{'Electronics', 'Computer Hardware', 'Computer Accessories', 'Mobile/Tab Accessory'}"
https://compujordan.com/ugreen-hd10170-hdmi-male-to-male-round-cable-10m,"{'Electronics', 'Computer Hardware', 'Computer Accessories', 'Mobile/Tab Accessory'}"
https://compujordan.com/havit-hv-hn25g-1080p-auto-focus-ring-light-webcam,"{'Electronics', 'Computer Hardware', 'Computer Accessories', 'Mobile/Tab Accessory'}"
https://compujordan.com/havit-hv-hn11p-4k-pro-auto-focus-webcam,"{'Electronics', 'Computer Hardware', 'Computer Accessories', 'Mobile/Tab Accessory'}"
https://compujordan.com/havit-hv-h41-multi-function-hub-ash,"{'Electronics', 'Computer Hardware', 'Computer Accessories', 'Mobile/Tab Accessory'}"
https://compujordan.com/havit-hv-f2083-gaming-laptop-cooling-pad-black,"{'Electronics', 'Computer Hardware', 'Computer Accessories', 'Mobile/Tab Accessory'}"
https://compujordan.com/havit-f2035-gaming-laptop-cooling-pad,"{'Electronics', 'Computer Hardware', 'Computer Accessories', 'Mobile/Tab Accessory'}"
https://compujordan.com/havit-h0033-15-6-laptop-gaming-backpack-black,"{'Electronics', 'Computer Hardware', 'Computer Accessories', 'Mobile/Tab Accessory'}"
https://compujordan.com/havit-h0026-15-6-laptop-backpack-black,"{'Electronics', 'Computer Hardware', 'Computer Accessories', 'Mobile/Tab Accessory'}"
https://compujordan.com/havit-hv-f2069-4-fan-laptop-cooling-pad,"{'Electronics', 'Computer Hardware', 'Computer Accessories', 'Mobile/Tab Accessory'}"
https://compujordan.com/havit-hv-f2067-5-fan-laptop-cooling-pad,"{'Electronics', 'Computer Hardware', 'Computer Accessories', 'Mobile/Tab Accessory'}"
https://compujordan.com/havit-uc250-35w-gan-travel-charger-with-retractable-cable,"{'Electronics', 'Computer Hardware', 'Computer Accessories', 'Mobile/Tab Accessory'}"
https://compujordan.com/havit-st7411-360-rotating-laptop-stand,"{'Electronics', 'Computer Hardware', 'Computer Accessories', 'Mobile/Tab Accessory'}"
https://compujordan.com/havit-ms59wb-dual-mode-wireless-mouse-white-grey,"{'Electronics', 'Computer Hardware', 'Computer Accessories', 'Mobile/Tab Accessory'}"
https://compujordan.com/havit-ms59wb-b-r-dual-mode-wireless-mouse,"{'Electronics', 'Computer Hardware', 'Computer Accessories', 'Mobile/Tab Accessory'}"
https://compujordan.com/havit-ms58wb-dual-mode-wireless-mouse,"{'Electronics', 'Computer Hardware', 'Computer Accessories', 'Mobile/Tab Accessory'}"
https://compujordan.com/havit-ms550gt-vertical-wireless-ergonomic-mouse,"{'Electronics', 'Computer Hardware', 'Computer Accessories', 'Mobile/Tab Accessory'}"
https://compujordan.com/havit-ms54gt-wireless-mouse,"{'Electronics', 'Computer Hardware', 'Computer Accessories', 'Mobile/Tab Accessory'}"
https://compujordan.com/havit-ms51wb-dual-mode-wireless-mouse-black,"{'Electronics', 'Computer Hardware', 'Computer Accessories', 'Mobile/Tab Accessory'}"
https://compujordan.com/havit-ms46wb-dual-mode-wireless-mouse,"{'Electronics', 'Computer Hardware', 'Computer Accessories', 'Mobile/Tab Accessory'}"
https://compujordan.com/havit-ms45wb-wireless-mouse-white,"{'Electronics', 'Computer Hardware', 'Computer Accessories', 'Mobile/Tab Accessory'}"
https://compujordan.com/havit-gamenote-ms1037cm-rgb-gaming-mouse-mouse-pad-combo,"{'Electronics', 'Computer Hardware', 'Computer Accessories', 'Mobile/Tab Accessory'}"
https://compujordan.com/havit-hy505-gaming-headphone-stand-black,"{'Computer Accessories', 'Computer Hardware'}"
https://compujordan.com/havit-ms989gt-wireless-gaming-mouse,"{'Computer Accessories', 'Computer Hardware'}"
https://compujordan.com/ugreen-10gbps-ethernet-extender-coupler-poe-support-328ft-reach-rj45-female-to-female-black,"{'Computer Accessories', 'Computer Hardware'}"
https://compujordan.com/ugreen-rj45-network-cable-connectors-cat-7-cat-8-10gbps-shielded-metal-plugs-20390,"{'Computer Accessories', 'Computer Hardware'}"
https://compujordan.com/ugreen-cat-6-rj45-shielded-network-connectors-10-pack-8p8c-metal-housing-20333,"{'Computer Accessories', 'Computer Hardware'}"
https://compujordan.com/ugreen-rj45-cat-6-network-connectors-10-piece-set-8p8c-transparent-ethernet-plugs-50961,"{'Computer Accessories', 'Computer Hardware'}"
https://compujordan.com/ugreen-cat-8-ethernet-lan-cable-5m-40gbps-2000mhz-braided-shielded-s-ftp-80433,"{'Computer Accessories', 'Computer Hardware'}"
https://compujordan.com/ugreen-cat-8-ethernet-lan-cable-3m-40gbps-2000mhz-braided-shielded-s-ftp-80432,"{'Computer Accessories', 'Computer Hardware'}"
https://compujordan.com/ugreen-cat-8-ethernet-lan-cable-2m-40gbps-2000mhz-braided-shielded-s-ftp-80431,"{'Computer Accessories', 'Computer Hardware'}"
https://compujordan.com/ugreen-cat-8-ethernet-lan-cable-1m-40gbps-2000mhz-braided-shielded-s-ftp-80429,"{'Computer Accessories', 'Computer Hardware'}"
https://compujordan.com/ugreen-cat-7-braided-ethernet-lan-cable-5m-10gbps-high-speed-600mhz-double-shielded-rj45,"{'Computer Accessories', 'Computer Hardware'}"
https://compujordan.com/ugreen-cat-7-braided-ethernet-lan-cable-3m-10gbps-high-speed-600mhz-double-shielded-rj45,"{'Computer Accessories', 'Computer Hardware'}"
https://compujordan.com/ugreen-cat-6-u-utp-ethernet-lan-cable-10m-1000mbps-gigabit-speed-26awg-cca-black-20164,"{'Computer Accessories', 'Computer Hardware'}"
https://compujordan.com/ugreen-cat-6-u-utp-ethernet-lan-cable-3m-1000mbps-gigabit-speed-gold-plated-black-20161,"{'Computer Accessories', 'Computer Hardware'}"
https://compujordan.com/ugreen-displayport-to-displayport-cable-1-2-3m-4k-60hz-2k-144hz-pc-gaming-dp-cord-10212,"{'Computer Accessories', 'Computer Hardware'}"
https://compujordan.com/ugreen-active-hdmi-to-vga-adapter-1080p-60hz-3-5mm-audio-jack-hdmi-male-to-vga-female-black,"{'Electronics', 'Computer Hardware', 'Computer Accessories', 'Mobile/Tab Accessory'}"
https://compujordan.com/ugreen-hdmi-over-ethernet-extender-50m-rj45-cat5e-cat6-1080p-60hz-eu-power-adapter-cm609-90811eu,"{'Electronics', 'Computer Hardware', 'Computer Accessories', 'Mobile/Tab Accessory'}"
https://compujordan.com/ugreen-hdmi-coupler-2-pack-4k-60hz-female-to-female-adapter-hdmi-2-0-extender,"{'Electronics', 'Computer Hardware', 'Computer Accessories', 'Mobile/Tab Accessory'}"
https://compujordan.com/ugreen-4k-hdmi-cable-5m-nylon-braided-high-speed-18gbps-4k-60hz-ethernet-support,"{'Electronics', 'Computer Hardware', 'Computer Accessories', 'Mobile/Tab Accessory'}"
https://compujordan.com/ugreen-av183-3-5mm-aux-audio-cable-1m-premium-nylon-braided-hi-fi-sound-gray-10648,"{'Electronics', 'Computer Hardware', 'Computer Accessories', 'Mobile/Tab Accessory'}"
https://compujordan.com/ugreen-usb-c-to-displayport-cable-1-5m-4k-60hz-2k-144hz-thunderbolt-3-4-compatible-50994,"{'Electronics', 'Computer Hardware', 'Computer Accessories', 'Mobile/Tab Accessory'}"
https://compujordan.com/ugreen-usb-c-to-2-5g-ethernet-adapter-aluminum-type-c-rj45-network-dongle,"{'Electronics', 'Computer Hardware', 'Computer Accessories', 'Mobile/Tab Accessory'}"
https://compujordan.com/ugreen-usb-3-0-to-2-5g-ethernet-adapter-aluminum-rj45-lan-network-dongle,"{'Electronics', 'Computer Hardware', 'Computer Accessories', 'Mobile/Tab Accessory'}"
https://compujordan.com/ugreen-usb-3-0-extension-cable-1-5m-5gbps-high-speed-data-transfer-universal-compatibility,"{'Electronics', 'Computer Hardware', 'Computer Accessories', 'Mobile/Tab Accessory'}"
https://compujordan.com/ugreen-powered-usb-3-0-hub-7-port-with-4-smart-charging-ports-individual-on-off-switches,"{'Electronics', 'Computer Hardware', 'Computer Accessories', 'Mobile/Tab Accessory'}"
https://compujordan.com/ugreen-usb-3-0-hub-4-ports-ultra-slim-usb-a-splitter-for-laptop-pc,"{'Electronics', 'Computer Hardware', 'Computer Accessories', 'Mobile/Tab Accessory'}"
https://compujordan.com/ugreen-11-in-1-usb-c-hub-cm639-4k-60hz-hdmi-vga-gigabit-ethernet-100w-pd-charging,"{'Electronics', 'Computer Hardware', 'Computer Accessories', 'Mobile/Tab Accessory'}"
https://compujordan.com/ugreen-7-in-1-usb-c-hub-with-4k-60hz-hdmi-100w-pd-sd-tf-card-reader,"{'Electronics', 'Computer Hardware', 'Computer Accessories', 'Mobile/Tab Accessory'}"
https://compujordan.com/ugreen-revodok-6-in-1-usb-c-hub-with-4k-hdmi-gigabit-ethernet-adapter,"{'Electronics', 'Computer Hardware', 'Computer Accessories', 'Mobile/Tab Accessory'}"
https://compujordan.com/ezviz-h8c-4g-lte-smart-pan-tilt-outdoor-camera-no-wi-fi-needed-2k-resolution-color-night-vision,"{'Electronics', 'Computer Hardware', 'Computer Accessories', 'Mobile/Tab Accessory'}"
https://compujordan.com/ezviz-h8c-2k-smart-wi-fi-pan-tilt-outdoor-camera-color-night-vision-ai-human-detection-active-defense,"{'Electronics', 'Computer Hardware', 'Computer Accessories', 'Mobile/Tab Accessory'}"
https://compujordan.com/ezviz-cp1-pro-4k-smart-wi-fi-pan-tilt-camera-8mp-resolution-color-night-vision-touch-call-button-wi-fi-6,"{'Electronics', 'Computer Hardware', 'Computer Accessories', 'Mobile/Tab Accessory'}"
https://compujordan.com/ezviz-ty1-pro-smart-wi-fi-pan-tilt-camera-ai-human-detection-patrol-mode-color-night-vision,"{'Electronics', 'Computer Hardware', 'Computer Accessories', 'Mobile/Tab Accessory'}"
https://compujordan.com/ezviz-ty1-3mp-2k-smart-wi-fi-pan-tilt-indoor-security-camera,"{'Electronics', 'Computer Hardware', 'Computer Accessories', 'Mobile/Tab Accessory'}"
https://compujordan.com/lenovo-300-wired-keyboard-and-mouse-combo-arabic-layout,"{'Electronics', 'Computer Hardware', 'Computer Accessories', 'Mobile/Tab Accessory'}"
https://compujordan.com/wiwu-s801-ergonomic-aluminum-alloy-laptop-stand,"{'Electronics', 'Computer Hardware', 'Computer Accessories', 'Mobile/Tab Accessory'}"
https://compujordan.com/wiwu-pencil-d-universal-active-stylus-pen-for-ipad-iphone-android-windows-devices-with-palm-rejection-type-c-fast-charging,"{'Electronics', 'Computer Hardware', 'Computer Accessories', 'Mobile/Tab Accessory'}"
https://compujordan.com/wiwu-zm-901-desktop-foldable-laptop-stand,"{'Electronics', 'Computer Hardware', 'Computer Accessories', 'Mobile/Tab Accessory'}"
https://compujordan.com/wiwu-itag-wt-01-anti-lost-smart-tracker,"{'Electronics', 'Computer Hardware', 'Computer Accessories', 'Mobile/Tab Accessory'}"
https://compujordan.com/wiwu-wi-ua006-45w-gan-universal-plug-adapter,"{'Electronics', 'Computer Hardware', 'Computer Accessories', 'Mobile/Tab Accessory'}"
https://compujordan.com/wiwu-wi-s007-ps422-20w-gan-8-in-1-compact-charging-power-strip,"{'Electronics', 'Computer Hardware', 'Computer Accessories', 'Mobile/Tab Accessory'}"
https://compujordan.com/wiwu-wi-s005-30w-cube-multi-function-gan-power-strip-1c3a-3-universal-ac-sockets,"{'Electronics', 'Computer Hardware', 'Computer Accessories', 'Mobile/Tab Accessory'}"
https://compujordan.com/wiwu-zm-013-360-rotatable-metal-phone-tablet-stand,"{'Electronics', 'Computer Hardware', 'Computer Accessories', 'Mobile/Tab Accessory'}"
https://compujordan.com/wiwu-osun-pro-pouch-compact-water-resistant-organizer-bag,"{'Electronics', 'Computer Hardware', 'Computer Accessories', 'Mobile/Tab Accessory'}"
https://compujordan.com/wiwu-hali-sling-bag-waterproof-messenger-bag-for-men-1680d-polyester-pu-leather-adjustable-shoulder-strap,"{'Electronics', 'Computer Hardware', 'Computer Accessories', 'Mobile/Tab Accessory'}"
https://compujordan.com/wiwu-lulu-crossbody-bag,"{'Computer Accessories', 'Computer Hardware'}"
https://compujordan.com/wiwu-essen-travel-pouch,"{'Computer Accessories', 'Computer Hardware'}"
https://compujordan.com/wiwu-hali-travel-pouch-h1-electronic-accessories-organizer-bag-with-anti-theft-coded-lock-black,"{'Computer Accessories', 'Computer Hardware'}"
https://compujordan.com/wiwu-urban-pouch,"{'Computer Accessories', 'Computer Hardware'}"
https://compujordan.com/wiwu-salem-anti-theft-travel-pouch,"{'Computer Accessories', 'Computer Hardware'}"
https://compujordan.com/wiwu-alpha-anti-theft-clutch-bag-for-macbook-laptop-accessories,"{'Computer Accessories', 'Computer Hardware'}"
https://compujordan.com/wiwu-master-genuine-leather-fingerprint-lock-pouch,"{'Computer Accessories', 'Computer Hardware'}"
https://compujordan.com/wiwu-alpha-fingerprint-lock-clutch-bag,"{'Computer Accessories', 'Computer Hardware'}"
https://compujordan.com/logitech-m196-bluetooth-wireless-mouse-compatible-with-pc-and-mac-windows-and-macos-off-white,"{'Computer Accessories', 'Computer Hardware'}"
https://compujordan.com/logitech-mk250-compact-bluetooth-wireless-combo-graphite,"{'Computer Accessories', 'Computer Hardware'}"
https://compujordan.com/logitech-k250-compact-bluetooth-wireless-keyboard-graphite,"{'Computer Accessories', 'Computer Hardware'}"
https://compujordan.com/ugreen-usb-3-0-to-rj45-gigabit-ethernet-adapter-model-20255-white,"{'Electronics', 'Computer Hardware', 'Computer Accessories', 'Mobile/Tab Accessory'}"
https://compujordan.com/logitech-k950-signature-slim-wireless-keyboard,"{'Electronics', 'Computer Hardware', 'Computer Accessories', 'Mobile/Tab Accessory'}"
https://compujordan.com/logitech-mx-anywhere-3s-compact-wireless-mouse-graphite,"{'Electronics', 'Computer Hardware', 'Computer Accessories', 'Mobile/Tab Accessory'}"
https://compujordan.com/logitech-m196-bluetooth-wireless-mouse-compatible-with-pc-and-mac-windows-and-macos-graphite,"{'Electronics', 'Computer Hardware', 'Computer Accessories', 'Mobile/Tab Accessory'}"
https://compujordan.com/logitech-keys-to-go-2-portable-bluetooth-slim-and-compact-wireless-keyboard,"{'Electronics', 'Computer Hardware', 'Computer Accessories', 'Mobile/Tab Accessory'}"
https://compujordan.com/havit-cb6281-usb-c-to-lighting-silicone-wire-cable-iphone-1-0m,"{'Electronics', 'Computer Hardware', 'Computer Accessories', 'Mobile/Tab Accessory'}"
https://compujordan.com/havit-cb6246-usb-c-to-lighting-nylon-braided-cable-iphone-1-2m,"{'Electronics', 'Computer Hardware', 'Computer Accessories', 'Mobile/Tab Accessory'}"
https://compujordan.com/havit-ucle001-30w-type-c-quick-charge-multifunction-wall-charger,"{'Electronics', 'Computer Hardware', 'Computer Accessories', 'Mobile/Tab Accessory'}"
https://compujordan.com/havit-uc30-usb-travel,"{'Electronics', 'Computer Hardware', 'Computer Accessories', 'Mobile/Tab Accessory'}"
https://compujordan.com/havit-uc111-pd20w-qc3-0-charger,"{'Electronics', 'Computer Hardware', 'Computer Accessories', 'Mobile/Tab Accessory'}"
https://compujordan.com/havit-uc110-pd20w-charger,"{'Electronics', 'Computer Hardware', 'Computer Accessories', 'Mobile/Tab Accessory'}"
https://compujordan.com/havit-ms78gt-wireless-mouse,"{'Electronics', 'Computer Hardware', 'Computer Accessories', 'Mobile/Tab Accessory'}"
https://compujordan.com/havit-ms76gt-2-4ghz-wireless-mouse,"{'Electronics', 'Computer Hardware', 'Computer Accessories', 'Mobile/Tab Accessory'}"
https://compujordan.com/havit-ms626gt-wireless-mouse,"{'Electronics', 'Computer Hardware', 'Computer Accessories', 'Mobile/Tab Accessory'}"
https://compujordan.com/havit-ms57gt-wireless-mouse,"{'Electronics', 'Computer Hardware', 'Computer Accessories', 'Mobile/Tab Accessory'}"
https://compujordan.com/havit-hm131-anti-skidding-mini-tripod-aluminium,"{'Computer Accessories', 'Electronics', 'Computer Hardware', 'Mobile/Tab Accessory'}"
https://compujordan.com/havit-hb41-type-c-hub,"{'Computer Accessories', 'Electronics', 'Computer Hardware', 'Mobile/Tab Accessory'}"
https://compujordan.com/havit-h740-aluminum-alloy-laptop-holder-with-plug-hole,"{'Computer Accessories', 'Electronics', 'Computer Hardware', 'Mobile/Tab Accessory'}"
https://compujordan.com/havit-f2051-gaming-cooling-pad,"{'Computer Accessories', 'Electronics', 'Computer Hardware', 'Mobile/Tab Accessory'}"
https://compujordan.com/havit-f2081-gaming-cooling-pad,"{'Computer Accessories', 'Electronics', 'Computer Hardware', 'Mobile/Tab Accessory'}"
https://compujordan.com/havit-cb6254-pd60w-usb-c-to-usb-c-optical-charging-cable,"{'Electronics', 'Computer Hardware', 'Computer Accessories', 'Mobile/Tab Accessory'}"
https://compujordan.com/havit-cb6244-4-in-1-multi-charging-cable-usb-a-usb-c-to-usb-c-lightning,"{'Electronics', 'Computer Hardware', 'Computer Accessories', 'Mobile/Tab Accessory'}"
https://compujordan.com/havit-cb6235-type-c-to-type-c-cable,"{'Electronics', 'Computer Hardware', 'Computer Accessories', 'Mobile/Tab Accessory'}"
https://compujordan.com/havit-cb6217-usb-to-type-c-cable,"{'Electronics', 'Computer Hardware', 'Computer Accessories', 'Mobile/Tab Accessory'}"
https://compujordan.com/lenovo-160-wired-combo,"{'Electronics', 'Computer Hardware', 'Computer Accessories', 'Mobile/Tab Accessory'}"
https://compujordan.com/lenovo-b210-15-6-inch-laptop-casual-backpack-black,"{'Electronics', 'Computer Hardware', 'Computer Accessories', 'Mobile/Tab Accessory'}"
https://compujordan.com/lenovo-mouse-300-right-and-left-handed-wired-usb,"{'Electronics', 'Computer Hardware', 'Computer Accessories', 'Mobile/Tab Accessory'}"
https://compujordan.com/ugreen-6-in-1-usb-c-hub-4k-60hz,"{'Electronics', 'Computer Hardware', 'Computer Accessories', 'Mobile/Tab Accessory'}"
https://compujordan.com/ugreen-nexode-mini-30w-usb-c-pd-wall-charger-cd319,"{'Electronics', 'Computer Hardware', 'Computer Accessories', 'Mobile/Tab Accessory'}"
https://compujordan.com/ugreen-65w-usb-c-charger-with-3-ports,"{'Electronics', 'Computer Hardware', 'Computer Accessories', 'Mobile/Tab Accessory'}"
https://compujordan.com/ugreen-hdmi-wireless-extender-50-meter-cm506,"{'Electronics', 'Computer Hardware', 'Computer Accessories', 'Mobile/Tab Accessory'}"
https://compujordan.com/ugreen-4k-hdmi-cable-3m-black,"{'Electronics', 'Computer Hardware', 'Computer Accessories', 'Mobile/Tab Accessory'}"
https://compujordan.com/ugreen-4k-hdmi-cable-1-5-m-black,"{'Electronics', 'Computer Hardware', 'Computer Accessories', 'Mobile/Tab Accessory'}"
https://compujordan.com/ugreen-dp-male-to-hdmi-male-cable-1m-black,"{'Electronics', 'Computer Hardware', 'Computer Accessories', 'Mobile/Tab Accessory'}"
https://compujordan.com/ugreen-38-in-1-aluminum-alloy-screwdriver-set,"{'Electronics', 'Computer Hardware', 'Computer Accessories', 'Mobile/Tab Accessory'}"
https://compujordan.com/ugreen-20w-usb-c-charger-with-power-supply-pd-3-0,"{'Computer Accessories', 'Computer Hardware', 'Storage'}"
https://compujordan.com/ugreen-nexode-45w-usb-c-gan-charger-2-ports-wall-charger,"{'Computer Accessories', 'Computer Hardware', 'Storage'}"
https://compujordan.com/ugreen-nexode-65w-usb-c-gan-charger-3-ports-wall-charger,"{'Computer Accessories', 'Computer Hardware', 'Storage'}"
https://compujordan.com/ugreen-displayport-cable-hd-4k-displayport-to-displayport,"{'Computer Accessories', 'Computer Hardware', 'Storage'}"
https://compujordan.com/ugreen-usb-c-ethernet-adapter-2-5g-gigabit-network-adapter,"{'Computer Accessories', 'Computer Hardware', 'Storage'}"
https://compujordan.com/ugreen-usb-c-to-hdmi-2-1-adapter-8k-60hz-4k-240hz,"{'Computer Accessories', 'Computer Hardware', 'Storage'}"
https://compujordan.com/ugreen-90789-usb-wired-computer-mouse-with-ergonomic-design,"{'Computer Accessories', 'Computer Hardware', 'Storage'}"
https://compujordan.com/ugreen-usb-c-to-hdmi-adapter-white,"{'Computer Accessories', 'Computer Hardware', 'Storage'}"
https://compujordan.com/ugreen-4-ports-usb-c-with-2-usb-c-2-usb-3-0-aluminium-usb-c-hub,"{'Computer Accessories', 'Computer Hardware', 'Storage'}"
https://compujordan.com/ugreen-5-in-1-usb-c-hub-100w-pd-4k-30hz-hdmi,"{'Computer Accessories', 'Computer Hardware', 'Storage'}"
https://compujordan.com/ugreen-7-in-1-4k-hdmi-usb-c-hub,"{'Computer Accessories', 'Computer Hardware', 'Storage'}"
https://compujordan.com/ugreen-usb-webcam-full-hd-1080p-30fps,"{'Computer Accessories', 'Computer Hardware', 'Storage'}"
https://compujordan.com/ugreen-usb-c-hub-type-c-to-3-port-usb-3-0-dock-with-gigabit-ethernet-adapter,"{'Computer Accessories', 'Computer Hardware', 'Storage'}"
https://compujordan.com/ugreen-usb-c-to-usb-a-adapter-ultra-small-type-c-female-to-type-a-male-adaptor,"{'Computer Accessories', 'Computer Hardware', 'Storage'}"
https://compujordan.com/hp-odyssey-sport-backpack-bag-15-6-5wk93aa-facets-grey,"{'Computer Accessories', 'Computer Hardware', 'Storage'}"
https://compujordan.com/ugreen-m-2-nvme-ssd-enclosure-with-2-in-1-usb-c-and-usb-a-ports,"{'Computer Accessories', 'Computer Hardware', 'Storage'}"
https://compujordan.com/ugreen-vga-to-hdmi-adapter-vga-male-to-hdmi-female-converter,"{'Electronics', 'Computer Hardware', 'Power Bank', 'Computer Accessories'}"
https://compujordan.com/ugreen-active-hdmi-to-vga-adapter,"{'Electronics', 'Computer Hardware', 'Power Bank', 'Computer Accessories'}"
https://compujordan.com/logitech-pebble-2-m350s-mouse-ambidextrous-rf-wireless-bluetooth-graphite,"{'Electronics', 'Computer Hardware', 'Power Bank', 'Computer Accessories'}"
https://compujordan.com/okade-t64-laptop-bag-black,"{'Electronics', 'Computer Hardware', 'Power Bank', 'Computer Accessories'}"
https://compujordan.com/okade-t52-laptop-bag-black,"{'Electronics', 'Computer Hardware', 'Power Bank', 'Computer Accessories'}"
https://compujordan.com/okade-t57-laptop-bag-black,"{'Electronics', 'Computer Hardware', 'Power Bank', 'Computer Accessories'}"
https://compujordan.com/okade-t60-laptop-bag-black,"{'Electronics', 'Computer Hardware', 'Power Bank', 'Computer Accessories'}"
https://compujordan.com/liangstar-4-cooling-fans-5v-size-5-5-inches-laptop-cooling-pad,"{'Electronics', 'Computer Hardware', 'Power Bank', 'Computer Accessories'}"
https://compujordan.com/laptop-cooler-pad-gaming-4fan-s18,"{'Electronics', 'Computer Hardware', 'Power Bank', 'Computer Accessories'}"
https://compujordan.com/usb-flexible-keyboard,"{'Electronics', 'Computer Hardware', 'Power Bank', 'Computer Accessories'}"
https://compujordan.com/remax-22-5w-rpp-212-pd-qc-multi-compatible-fast-charging-power-bank,"{'Electronics', 'Computer Hardware', 'Power Bank', 'Computer Accessories'}"
https://compujordan.com/remax-sucha-series-10000mah-22-5w-pd-18w-fast-charging-power-bank,"{'Electronics', 'Computer Hardware', 'Power Bank', 'Computer Accessories'}"
https://compujordan.com/remax-rpp-539-potent-series-20w-22-5w-wireless-charging-power-bank-with-color-display,"{'Electronics', 'Computer Hardware', 'Power Bank', 'Computer Accessories'}"
https://compujordan.com/ugreen-laptop-adjustable-portable-stand-silver,"{'Electronics', 'Computer Hardware', 'Power Bank', 'Computer Accessories'}"
https://compujordan.com/ugreen-network-cable-tester-ly,"{'Electronics', 'Computer Hardware', 'Power Bank', 'Computer Accessories'}"
https://compujordan.com/ugreen-tablet-stand-holder-for-desk-dual-rod-support-aluminum-tablet-holder-adjustable-dock-multi-angle,"{'Computer Accessories', 'Computer Hardware', 'Storage'}"
https://compujordan.com/ugreen-4-in-1-usb-c-hub,"{'Computer Accessories', 'Computer Hardware', 'Storage'}"
https://compujordan.com/ugreen-mouse-wireless-2-4g-ergonomic,"{'Computer Accessories', 'Computer Hardware', 'Storage'}"
https://compujordan.com/ugreen-8k-hdmi-cable-2-1-10ft-48gbps-ultra-high-speed-braided-hdmi-cord-8k-60hz-4k-240hz-earc-hdr10-hdcp-2-2-2-3-hdmi-cable-compatible-with-ps5-xbox-series-x-roku-tv-hdtv-blu-ray,"{'Computer Accessories', 'Computer Hardware', 'Storage'}"
https://compujordan.com/ugreen-bluetooth-5-0-transmitter-and-receiver,"{'Computer Accessories', 'Computer Hardware', 'Storage'}"
https://compujordan.com/marsriva-mr-uf2000-electronic-ups-dc-ups-router-ups,"{'Computer Accessories', 'Computer Hardware', 'Storage'}"
https://compujordan.com/marsriva-mr-uf1500-electronic-ups-dc-ups-router-ups,"{'Computer Accessories', 'Computer Hardware', 'Storage'}"
https://compujordan.com/marsriva-mr-uf1200-electronic-ups-dc-ups-router-ups,"{'Computer Accessories', 'Computer Hardware', 'Storage'}"
https://compujordan.com/marsriva-mr-uf600-electronic-ups-dc-ups-router-ups,"{'Computer Accessories', 'Computer Hardware', 'Storage'}"
https://compujordan.com/marsriva-mr-uf800-electronic-ups-dc-ups-router-ups,"{'Computer Accessories', 'Computer Hardware', 'Storage'}"
https://compujordan.com/marsriva-kp1-ultra-16000mah-mini-dc-ups-for-router,"{'Computer Accessories', 'Computer Hardware', 'Storage'}"
https://compujordan.com/marsriva-kp1-ec-8000mah-mini-dc-ups-for-router,"{'Computer Accessories', 'Computer Hardware', 'Storage'}"
https://compujordan.com/ugreen-usb-c-to-ethernet-adapter-4-in-1-multiport-hub-with-gigabit-rj45,"{'Computer Accessories', 'Computer Hardware', 'Storage'}"
https://compujordan.com/ugreen-usb-c-to-hdmi-male-to-male-cable-1-5m,"{'Computer Accessories', 'Computer Hardware', 'Storage'}"
https://compujordan.com/ugreen-usb-c-to-hdmi-adapter-cable-4k-60hz-aluminum,"{'Computer Accessories', 'Computer Hardware', 'Storage'}"
https://compujordan.com/ugreen-usb-3-0-gigabit-ethernet-network-adapter,"{'Computer Accessories', 'Computer Hardware', 'Storage'}"
https://compujordan.com/ugreen-m-2-sata-ngff-ssd-enclosure-aluminum-usb-3-1,"{'Computer Accessories', 'Computer Hardware', 'Storage'}"
https://compujordan.com/ugreen-usb-3-0-hub-with-1m-long-cable-4-port-usb-splitter-support-5gbps-data-transfer,"{'Computer Accessories', 'Computer Hardware', 'Storage'}"
https://compujordan.com/ugreen-usb-printer-cable-usb-a-to-b-cable-2-0-usb-b-cable-high-speed-printer-1-5m,"{'Computer Accessories', 'Computer Hardware'}"
https://compujordan.com/ugreen-30325-15-15-9-inch-laptop-sleeve,"{'Computer Accessories', 'Computer Hardware'}"
https://compujordan.com/ugreen-laptop-backpack-15-6-b02-dark-grey,"{'Computer Accessories', 'Computer Hardware'}"
https://compujordan.com/ugreen-hdmi-round-cable-2m-yellow-black,"{'Computer Accessories', 'Computer Hardware'}"
https://compujordan.com/ugreen-hdmi-round-cable-1m,"{'Computer Accessories', 'Computer Hardware'}"
https://compujordan.com/ugreen-silver-adjustable-foldable-desk-laptop-stand-for-up-to-17-3-inches,"{'Computer Accessories', 'Computer Hardware'}"
https://compujordan.com/ugreen-display-screen-1080p-female-hdmi-adapter-4k-60hz,"{'Computer Accessories', 'Computer Hardware'}"
https://compujordan.com/ugreen-crimping-tool-multifunctional,"{'Computer Accessories', 'Computer Hardware'}"
https://compujordan.com/ugreen-hdmi-switch-4k-60hz-hdmi-splitter-bi-directional-switcher,"{'Computer Accessories', 'Computer Hardware'}"
https://compujordan.com/logitech-keys-to-go-ultra-portable-bluetooth-wireless-keyboard-apple-device-pink,"{'Computer Accessories', 'Computer Hardware'}"
https://compujordan.com/logitech-slim-folio-ipad-10th-gen-arabic,"{'Computer Accessories', 'Computer Hardware'}"
https://compujordan.com/logitech-lift-vertical-ergonomic-wireless-mouse-graphite,"{'Computer Accessories', 'Computer Hardware'}"
https://compujordan.com/logitech-mx-master-3s-performance-wireless-mouse-graphite,"{'Computer Accessories', 'Computer Hardware'}"
https://compujordan.com/logitech-k780-multi-device-wireless-keyboard-for-windows-mac,"{'Computer Accessories', 'Computer Hardware'}"
https://compujordan.com/hp-wireless-keyboard-and-mouse-300,"{'Computer Accessories', 'Computer Hardware'}"
https://compujordan.com/hdmi-high-speed-flat-cable-5m,"{'Computer Accessories', 'Electronics', 'Computer Hardware', 'Mobile/Tab Accessory'}"
https://compujordan.com/hdmi-high-speed-flat-cable-3m,"{'Computer Accessories', 'Electronics', 'Computer Hardware', 'Mobile/Tab Accessory'}"
https://compujordan.com/hdmi-high-speed-flat-cable-1-5m,"{'Computer Accessories', 'Electronics', 'Computer Hardware', 'Mobile/Tab Accessory'}"
https://compujordan.com/logitech-mk850-wireless-keyboard-and-mouse-combo-performance,"{'Computer Accessories', 'Electronics', 'Computer Hardware', 'Mobile/Tab Accessory'}"
https://compujordan.com/logitech-m191-wireless-mouse-mid-grey,"{'Computer Accessories', 'Electronics', 'Computer Hardware', 'Mobile/Tab Accessory'}"
https://compujordan.com/tucano-workout-3-slim-bag-nb-red-13,"{'Computer Accessories', 'Electronics', 'Computer Hardware', 'Mobile/Tab Accessory'}"
https://compujordan.com/tucano-nido-hard-shell-case-transparent-13,"{'Computer Accessories', 'Electronics', 'Computer Hardware', 'Mobile/Tab Accessory'}"
https://compujordan.com/tucano-nido-hard-shell-case-black-13,"{'Computer Accessories', 'Electronics', 'Computer Hardware', 'Mobile/Tab Accessory'}"
https://compujordan.com/tucano-nido-hard-shell-case-black-16,"{'Computer Accessories', 'Electronics', 'Computer Hardware', 'Mobile/Tab Accessory'}"
https://compujordan.com/tucano-bravo-backpack-red-nb-15,"{'Computer Accessories', 'Electronics', 'Computer Hardware', 'Mobile/Tab Accessory'}"
https://compujordan.com/choetech-usb-type-c-male-hdmi-male,"{'Computer Accessories', 'Electronics', 'Computer Hardware', 'Mobile/Tab Accessory'}"
https://compujordan.com/choetech-gold-plated-connectors-type-c-to-1-rj45-3-usb-3-0-hub,"{'Computer Accessories', 'Electronics', 'Computer Hardware', 'Mobile/Tab Accessory'}"
https://compujordan.com/logitech-slim-folio-for-i-pad-air-3gen-graphite,"{'Computer Accessories', 'Electronics', 'Computer Hardware', 'Mobile/Tab Accessory'}"
https://compujordan.com/logitech-mk295-silent-wireless-keyboard-and-mouse,"{'Computer Accessories', 'Electronics', 'Computer Hardware', 'Mobile/Tab Accessory'}"
https://compujordan.com/logitech-mk470-slim-kb-mse-wireless-combo-graphitez,"{'Computer Accessories', 'Electronics', 'Computer Hardware', 'Mobile/Tab Accessory'}"
https://compujordan.com/logitech-mk345-wireless-combo,"{'Computer Accessories', 'Electronics', 'Computer Hardware', 'Mobile/Tab Accessory'}"
https://compujordan.com/logitech-mouse-m330-silent-plus-black,"{'Computer Accessories', 'Electronics', 'Computer Hardware', 'Mobile/Tab Accessory'}"
https://compujordan.com/logitech-combo-kb-mse-mk540-advanced,"{'Computer Accessories', 'Computer Hardware'}"
https://compujordan.com/log-webcam-c920-hd-full-1080p,"{'Computer Accessories', 'Computer Hardware'}"
https://compujordan.com/logitech-conference-rally-plus-usb-dual-spk,"{'Computer Accessories', 'Computer Hardware'}"
https://compujordan.com/logitech-c922-pro-stream-webcam,"{'Computer Accessories', 'Computer Hardware'}"
https://compujordan.com/logitech-mouse-m220-silent,"{'Computer Accessories', 'Computer Hardware'}"
https://compujordan.com/logitech-webcam-c270,"{'Computer Accessories', 'Computer Hardware'}"
https://compujordan.com/hp-pro-micro-usb-cable-1m,"{'Computer Accessories', 'Computer Hardware'}"
https://compujordan.com/hp-printer-cable-usb-b-to-usb-a-1-5m,"{'Computer Accessories', 'Computer Hardware'}"
https://compujordan.com/logitech-mouse-wireless-m235-grey,"{'Computer Accessories', 'Computer Hardware'}"
https://compujordan.com/fsp-2000va-online-ups-germany,"{'Computer Accessories', 'Computer Hardware'}"
https://compujordan.com/logitech-mx-anywhere-2s-mouse-bt-light-grey,"{'Computer Accessories', 'Computer Hardware'}"
https://compujordan.com/wireless-mouse-m185-grey,"{'Computer Accessories', 'Computer Hardware'}"
https://compujordan.com/logitech-m171-wireless-mouse,"{'Computer Accessories', 'Computer Hardware'}"
https://compujordan.com/logitech-m170-wireless-mouse-gray,"{'Computer Accessories', 'Computer Hardware'}"
https://compujordan.com/logitech-m90-mouse,"{'Computer Accessories', 'Computer Hardware'}"
https://compujordan.com/logitech-mk220-keyboard-and-mouse-combo-wireless,"{'Computer Accessories', 'Computer Hardware'}"
https://compujordan.com/logitech-k400,"{'Computer Accessories', 'Computer Hardware'}"
https://compujordan.com/logitech-mk120,"{'Computer Accessories', 'Computer Hardware'}"
https://compujordan.com/logitech-mk235,"{'Computer Accessories', 'Computer Hardware'}"
https://compujordan.com/logitech-k120-keyboard,"{'Computer Accessories', 'Computer Hardware'}"
https://compujordan.com/trust-tt-e894-14-laptop-bag,"{'Computer Accessories', 'Computer Hardware'}"
https://compujordan.com/trust-tt-409-laptop-bag,"{'Computer Accessories', 'Computer Hardware'}"
https://compujordan.com/turst-tt-271-laptop-bag,"{'Computer Accessories', 'Computer Hardware'}"
https://compujordan.com/hp-k0b38aa-laptop-bag-15-6,"{'Computer Accessories', 'Computer Hardware'}"
https://compujordan.com/logitech-brio-500-full-hd-1080p-webcam-off-white,"{'Computer Accessories', 'Computer Hardware'}"
https://compujordan.com/logitech-m241-silent-bluetooth-mouse-graphite,"{'Computer Accessories', 'Computer Hardware'}"
https://compujordan.com/logitech-wave-keys-wireless-ergonomic-keyboard-t-comfortable-natural-typing-easy-switch-bluetooth-graphite,"{'Computer Accessories', 'Computer Hardware'}"
https://compujordan.com/logitech-mx-brio-4k-ultra-hd-webcam-ai-image-enhancement-pale-grey,"{'Computer Accessories', 'Computer Hardware'}"
https://compujordan.com/logitech-webcam-brio-uhd-ultra-4k-graphite,"{'Computer Accessories', 'Computer Hardware'}"
https://compujordan.com/logitech-brio-105-full-hd-1080p-business-webcam-auto-light-balance-integrated-privacy-shutter,"{'Computer Accessories', 'Computer Hardware'}"
https://compujordan.com/logitech-lift-vertical-ergonomic-mouse-wireless-bluetooth-off-white,"{'Computer Accessories', 'Computer Hardware'}"
https://compujordan.com/logitech-m240-silent-bluetooth-mouse-with-comfortable-shape-graphite,"{'Computer Accessories', 'Computer Hardware'}"
https://compujordan.com/logitech-m240-silent-bluetooth-mouse-off-white,"{'Computer Accessories', 'Computer Hardware'}"
https://compujordan.com/logitech-brio-500-full-hd-webcam-with-auto-light-correction-show-mode-dual-noise-reduction-mics-streaming-graphite,"{'Computer Accessories', 'Computer Hardware'}"
https://compujordan.com/logitech-m100-wired-optical-usb-mouse-ambidextrous-black,"{'Computer Accessories', 'Computer Hardware'}"
https://compujordan.com/logitech-signature-m650-wireless-mouse,"{'Computer Accessories', 'Computer Hardware'}"
https://compujordan.com/logitech-mx-keys-s-combo-performance-wireless-keyboard-and-mouse-with-palm-rest-customizable-illumination-bluetooth-usb-c-mac-graphite,"{'Computer Accessories', 'Computer Hardware'}"
https://compujordan.com/havit-kb501cm-4ni1-gaming-combo,"{'Computer Accessories', 'Computer Hardware'}"
https://compujordan.com/logitech-k580-slim-multi-device-wireless-keyboard,"{'Computer Accessories', 'Computer Hardware'}"
https://compujordan.com/logitech-pebble-2-mk380s-combo-for-mac-wireless-keyboard-and-mouse,"{'Computer Accessories', 'Computer Hardware'}"
https://compujordan.com/logitech-mx-brio-4k-ultra-uhd-webcam-graphite,"{'Computer Accessories', 'Computer Hardware'}"
https://compujordan.com/haing-cooling-pad-for-notebooks-laptops-n18-13-17-with-1-fan-black,"{'Computer Accessories', 'Computer Hardware'}"
https://compujordan.com/logitech-brio-300-full-hd-usb-webcam-graphite,"{'Computer Accessories', 'Computer Hardware'}"
https://compujordan.com/ugreen-4k-displayport-to-hdmi-cable,"{'Computer Accessories', 'Computer Hardware'}"
https://compujordan.com/logitech-brio-100-full-hd-usb-webcam-graphite,"{'Computer Accessories', 'Computer Hardware'}"
https://compujordan.com/logitech-k380s-pebble-keys-2-slim-bluetooth-keyboard-graphite,"{'Computer Accessories', 'Computer Hardware'}"
https://compujordan.com/logitech-mx-keys-s-wireless-keyboard-programmable-keys-backlighting-bluetooth-usb-c-rechargeable-for-windows-pc-mac-graphite-ar-layout,"{'Computer Accessories', 'Computer Hardware'}"
https://compujordan.com/lenovo-15-6-laptop-casual-toploader-t210-black,"{'Computer Accessories', 'Computer Hardware'}"
https://compujordan.com/haing-n182-13-17-notebook-laptop-cooling-pad-black,"{'Computer Accessories', 'Computer Hardware'}"
https://compujordan.com/ugreen-7-in-1-usb-c-hub-95w-pd-4k-30hz-hdmi,"{'Computer Accessories', 'Computer Hardware'}"
https://compujordan.com/logitech-mx-ergo-wireless-trackball-mouse-adjustable-ergonomic-design-rechargeable-graphite,"{'Computer Accessories', 'Computer Hardware'}"
https://compujordan.com/ugreen-usb-c-hub-10-in-1-usb-c-docking-station,"{'Computer Accessories', 'Computer Hardware'}"
https://compujordan.com/ugreen-usb-c-hub-9-in-1-usb-type-c-to-4k-hdmi-multiport-adapter,"{'Computer Accessories', 'Computer Hardware'}"
https://compujordan.com/logitech-m171-wireless-mouse-optical-tracking-ambidextrous-off-white,"{'Computer Accessories', 'Computer Hardware'}"
https://compujordan.com/imou-cue-2,"{'Computer Accessories', 'Computer Hardware'}"
https://compujordan.com/imou-ranger-2-4mp,"{'Computer Accessories', 'Computer Hardware'}"
https://compujordan.com/imou-ranger-2-2mp,"{'Computer Accessories', 'Computer Hardware'}"
https://compujordan.com/logitech-streamcam-usb-full-hd-graphite,"{'Computer Accessories', 'Computer Hardware'}"
https://compujordan.com/logitech-signature-k650-wireless-keyboard-with-palm-rest,"{'Computer Accessories', 'Computer Hardware'}"
https://compujordan.com/logitech-m350-pebble-wireless-mouse-sand,"{'Computer Accessories', 'Computer Hardware'}"
https://compujordan.com/logitech-m330-silent-plus-wireless-large-mouse-black,"{'Computer Accessories', 'Computer Hardware'}"
https://compujordan.com/logitech-mx-mechanical-wireless-illuminated-performance-keyboard-graphite,"{'Computer Accessories', 'Computer Hardware'}"
https://compujordan.com/logitech-mx-master-3s-performance-wireless-mouse-pale-gray,"{'Computer Accessories', 'Computer Hardware'}"
https://compujordan.com/logitech-lift-vertical-ergonomic-wireless-mouse-black,"{'Computer Accessories', 'Computer Hardware'}"
https://compujordan.com/logitech-ergo-m575-wireless-trackball-graphite,"{'Computer Accessories', 'Computer Hardware'}"
https://compujordan.com/logitech-m221-silent-wireless-mobile-mouse-black,"{'Computer Accessories', 'Computer Hardware'}"
https://compujordan.com/logitech-pop-keys-wireless-mechanical-emoji-keyboard-mint,"{'Computer Accessories', 'Computer Hardware'}"
https://compujordan.com/logitech-pop-keys-wireless-mechanical-emoji-keyboard-yellow,"{'Computer Accessories', 'Computer Hardware'}"
https://compujordan.com/logitech-mx-vertical-wireless-mouse-advanced-ergonomic-design-reduces-muscle-strain-rechargeable-graphite,"{'Computer Accessories', 'Computer Hardware'}"
https://compujordan.com/choetech-11-in-1-usb-c-multiport-docking-station,"{'Computer Accessories', 'Computer Hardware'}"
https://compujordan.com/choetech-7-in-1-usb-c-multifunction-adapter,"{'Computer Accessories', 'Computer Hardware'}"
https://compujordan.com/choetech-type-c-m-2-nvme-ssd-enclosure,"{'Computer Accessories', 'Computer Hardware'}"
https://compujordan.com/choetech-2-in-1-usb-c-to-hdmi-vga-adapter,"{'Computer Accessories', 'Computer Hardware'}"
https://compujordan.com/choetech-4-in-1-usb-c-to-hdmi-multiport-adapter,"{'Computer Accessories', 'Computer Hardware'}"
https://compujordan.com/choetech-2-port-hdmi-switch-splitter,"{'Computer Accessories', 'Computer Hardware'}"
https://compujordan.com/huawei-classic-backpack-black,"{'Computer Accessories', 'Computer Hardware'}"
https://compujordan.com/logitech-slim-folio-for-ipad-7th-gen-graphite,"{'Computer Accessories', 'Electronics', 'Computer Hardware', 'Mobile/Tab Accessory'}"
https://compujordan.com/genmebuy-2-4-ghz-wireless-mouse,"{'Computer Accessories', 'Electronics', 'Computer Hardware', 'Mobile/Tab Accessory'}"
https://compujordan.com/logitech-mx-keys-mini-wireless-illuminated-keyboard-rose,"{'Computer Accessories', 'Electronics', 'Computer Hardware', 'Mobile/Tab Accessory'}"
https://compujordan.com/logitech-mx-keys-mini-wireless-illuminated-keyboard-pale-grey,"{'Computer Accessories', 'Electronics', 'Computer Hardware', 'Mobile/Tab Accessory'}"
https://compujordan.com/logitech-mx-keys-mini-wireless-illuminated-keyboard-graphite,"{'Computer Accessories', 'Electronics', 'Computer Hardware', 'Mobile/Tab Accessory'}"
https://compujordan.com/logitech-keyboard-mx-keys-plus-advanced,"{'Computer Accessories', 'Electronics', 'Computer Hardware', 'Mobile/Tab Accessory'}"
https://compujordan.com/logitech-mx-anywhere-3-wireless-mouse-rose,"{'Computer Accessories', 'Electronics', 'Computer Hardware', 'Mobile/Tab Accessory'}"
https://compujordan.com/logitech-m350-wireless-mouse-graphite,"{'Computer Accessories', 'Electronics', 'Computer Hardware', 'Mobile/Tab Accessory'}"
https://compujordan.com/logitech-m350-wireless-mouse-blue-grey,"{'Computer Accessories', 'Electronics', 'Computer Hardware', 'Mobile/Tab Accessory'}"
https://compujordan.com/logitech-m220-wireless-silent-mouse-blue,"{'Computer Accessories', 'Electronics', 'Computer Hardware', 'Mobile/Tab Accessory'}"
https://compujordan.com/logitech-wireless-mouse-m190-charcoal,"{'Computer Accessories', 'Electronics', 'Computer Hardware', 'Mobile/Tab Accessory'}"
https://compujordan.com/logitech-m220-wireless-silent-mouse-rose,"{'Computer Accessories', 'Electronics', 'Computer Hardware', 'Mobile/Tab Accessory'}"
https://compujordan.com/logitech-m220-wireless-silent-mouse-off-white,"{'Computer Accessories', 'Electronics', 'Computer Hardware', 'Mobile/Tab Accessory'}"
https://compujordan.com/tucano-super-backpack-black-nb-13,"{'Computer Accessories', 'Electronics', 'Computer Hardware', 'Mobile/Tab Accessory'}"
https://compujordan.com/tucano-tugo-backpack-blue-nb-15-6,"{'Computer Accessories', 'Electronics', 'Computer Hardware', 'Mobile/Tab Accessory'}"
https://compujordan.com/logitech-mx-master-3-for-mac-wireless-space,"{'Computer Accessories', 'Electronics', 'Computer Hardware', 'Mobile/Tab Accessory'}"
https://compujordan.com/logitech-c505-hd-webcam-with-long-range-microphone,"{'Computer Accessories', 'Electronics', 'Computer Hardware', 'Mobile/Tab Accessory'}"
https://compujordan.com/logitech-m350-wireless-mouse-compact-pc-mac-white,"{'Computer Accessories', 'Computer Hardware'}"
https://compujordan.com/logitech-m325-wireless-mouse-compact-comfortable-with-speed-wheel-light-silver,"{'Computer Accessories', 'Computer Hardware'}"
https://compujordan.com/logitech-m325-wireless-mouse-compact-comfortable-with-speed-wheel-dark-silver,"{'Computer Accessories', 'Computer Hardware'}"
https://compujordan.com/logitech-keyboard-k380-multi-device-bluetooth-grey,"{'Computer Accessories', 'Computer Hardware'}"
https://compujordan.com/tucano-workout-3-backpack-black-nb-15,"{'Computer Accessories', 'Computer Hardware'}"
https://compujordan.com/tucano-loop-slim-bag-black-nb-14,"{'Computer Accessories', 'Computer Hardware'}"
https://compujordan.com/tucano-lato-backpack-black-nb-17,"{'Computer Accessories', 'Computer Hardware'}"
https://compujordan.com/tucano-martem-backpack-blue-nb-15,"{'Computer Accessories', 'Computer Hardware'}"
https://compujordan.com/tucano-loop-backpack-black-nb-15,"{'Computer Accessories', 'Computer Hardware'}"
https://compujordan.com/logitech-m110-silent-mouse-blue,"{'Computer Accessories', 'Computer Hardware'}"
https://compujordan.com/logitech-wireless-m590-multi-device-silent-mouse-mid-grey,"{'Computer Accessories', 'Computer Hardware'}"
https://compujordan.com/logitech-wireless-m590-multi-device-silent-mouse-graphite,"{'Computer Accessories', 'Computer Hardware'}"
https://compujordan.com/choetech-8k-hdmi-cable-supports-higher-resolution-of-8k-60hz-for-immersive-viewing-and-smooth-fast-action,"{'Computer Accessories', 'Computer Hardware'}"
https://compujordan.com/choetech-8k-display-port-to-display-port-cable-refresh-rate-165hz,"{'Computer Accessories', 'Computer Hardware'}"
https://compujordan.com/choetech-9-in-1-usb-c-multiport-adaptermaterial-aluminum-alloy-housing,"{'Computer Accessories', 'Computer Hardware'}"
https://compujordan.com/choetech-gold-plated-connectors-usb-3-1-usb-c-usb-c-thunderbolt-3-port-compatible-to-hdmi-adapter-60hz,"{'Computer Accessories', 'Computer Hardware'}"
https://compujordan.com/logitech-rally-mounting-kit-for-rally,"{'Computer Accessories', 'Computer Hardware'}"
https://compujordan.com/logitech-tapzoombase-1-tap-nuc817beh,"{'Computer Accessories', 'Computer Hardware'}"
https://compujordan.com/logitech-c505e-hd-webcam,"{'Computer Accessories', 'Computer Hardware'}"
https://compujordan.com/logitech-expansion-mic-for-meetup,"{'Computer Accessories', 'Computer Hardware'}"
https://compujordan.com/logitech-rally-speaker,"{'Computer Accessories', 'Computer Hardware'}"
https://compujordan.com/logitech-keyboard-k380-multi-device-bluetooth,"{'Computer Accessories', 'Computer Hardware'}"
https://compujordan.com/logitech-mx-keys-for-mac-advanced-wireless-illuminated-keyboard-graphite,"{'Computer Accessories', 'Computer Hardware'}"
https://compujordan.com/dell-wireless-keyboard-and-mouse-km636-black,"{'Computer Accessories', 'Computer Hardware'}"
https://compujordan.com/logitech-m720-triathlon-multi-device-wireless-mouse,"{'Electronics', 'Computer Hardware', 'Computer Accessories', 'Mobile/Tab Accessory'}"
https://compujordan.com/logitech-wireless-keyboard-craft-with-creative-input,"{'Electronics', 'Computer Hardware', 'Computer Accessories', 'Mobile/Tab Accessory'}"
https://compujordan.com/logitech-bluetooth-multi-device-keyboard-k480-black-us,"{'Electronics', 'Computer Hardware', 'Computer Accessories', 'Mobile/Tab Accessory'}"
https://compujordan.com/logitech-mx-anywhere-3-wireless-mouse-pale-grey,"{'Electronics', 'Computer Hardware', 'Computer Accessories', 'Mobile/Tab Accessory'}"
https://compujordan.com/logitech-mx-anywhere-3-for-mac-wireless-mouse-pale-grey,"{'Electronics', 'Computer Hardware', 'Computer Accessories', 'Mobile/Tab Accessory'}"
https://compujordan.com/logitech-slim-folio-pro-with-keyboard-for-ipad-pro-12-9-inch,"{'Electronics', 'Computer Hardware', 'Computer Accessories', 'Mobile/Tab Accessory'}"
https://compujordan.com/logitech-slim-folio-with-wireless-keyboard-for-ipad-graphite,"{'Electronics', 'Computer Hardware', 'Computer Accessories', 'Mobile/Tab Accessory'}"
https://compujordan.com/logitech-mx-keys-advanced-wireless-illuminated-keyboard-graphite,"{'Electronics', 'Computer Hardware', 'Computer Accessories', 'Mobile/Tab Accessory'}"
https://compujordan.com/logitech-slim-combo-case-with-keyboard-for-ipad-5th-6th-generation,"{'Electronics', 'Computer Hardware', 'Computer Accessories', 'Mobile/Tab Accessory'}"
https://compujordan.com/logitech-keys-to-go-wireless-bluetooth-keyboard,"{'Electronics', 'Computer Hardware', 'Computer Accessories', 'Mobile/Tab Accessory'}"
https://compujordan.com/logitech-mouse-m330-silent-plus-blue,"{'Electronics', 'Computer Hardware', 'Computer Accessories', 'Mobile/Tab Accessory'}"
https://compujordan.com/logitech-wireless-mouse-kbd-desktop-mk710,"{'Electronics', 'Computer Hardware', 'Computer Accessories', 'Mobile/Tab Accessory'}"
https://compujordan.com/wireless-mouse-m190-charcoal,"{'Electronics', 'Computer Hardware', 'Computer Accessories', 'Mobile/Tab Accessory'}"
https://compujordan.com/logitech-mx-master-3-advanced-wireless-mouse-grey,"{'Electronics', 'Computer Hardware', 'Computer Accessories', 'Mobile/Tab Accessory'}"
https://compujordan.com/logitech-mx-master-3-advanced-wireless-mouse-black,"{'Electronics', 'Computer Hardware', 'Computer Accessories', 'Mobile/Tab Accessory'}"
https://compujordan.com/dtbg-laptop-backpack-17-3-d8234w,"{'Electronics', 'Computer Hardware', 'Computer Accessories', 'Mobile/Tab Accessory'}"
https://compujordan.com/dtbg-laptop-backpack-14-d8128w,"{'Electronics', 'Computer Hardware', 'Computer Accessories', 'Mobile/Tab Accessory'}"
https://compujordan.com/dtbg-laptop-backpack-15-6-b005w,"{'Electronics', 'Computer Hardware', 'Computer Accessories', 'Mobile/Tab Accessory'}"
https://compujordan.com/dtbg-laptop-handbag-d8197w-15-6-inch,"{'Computer Accessories', 'Computer Hardware'}"
https://compujordan.com/laptop-carry-case-geludi-15-6-leather-pu-1,"{'Computer Accessories', 'Computer Hardware'}"
https://compujordan.com/dtbg-laptop-backpack-15-6-d8217,"{'Computer Accessories', 'Computer Hardware'}"
https://compujordan.com/dtbg-laptop-backpack-17-3,"{'Computer Accessories', 'Computer Hardware'}"
https://compujordan.com/dtbg-laptop-backpack-15-6,"{'Computer Accessories', 'Computer Hardware'}"
https://compujordan.com/okade-backpack-s56-15-6,"{'Computer Accessories', 'Computer Hardware'}"
https://compujordan.com/logitech-webcam-c925e-no-lang-eme,"{'Computer Accessories', 'Computer Hardware'}"
https://compujordan.com/logitech-bcc950-conference-cam,"{'Computer Accessories', 'Computer Hardware'}"
https://compujordan.com/logitech-rally-mic-pod-accessory,"{'Computer Accessories', 'Computer Hardware'}"
https://compujordan.com/logitech-rally-mic-pod-hub,"{'Computer Accessories', 'Computer Hardware'}"
https://compujordan.com/logitech-hd-webcam-c310,"{'Computer Accessories', 'Computer Hardware'}"
https://compujordan.com/logitech-conference-cam-connect-full-hd-video-1080p,"{'Computer Accessories', 'Computer Hardware'}"
https://compujordan.com/kingsons-corporate-series-15-6-laptop,"{'Computer Accessories', 'Computer Hardware'}"
https://compujordan.com/targus-geolite-essential-15-6-topload,"{'Computer Accessories', 'Computer Hardware'}"
https://compujordan.com/targus-classic-15-6-clamshell-laptop-bag,"{'Computer Accessories', 'Computer Hardware'}"
https://compujordan.com/targus-classic-15-6-clamshell-laptop-case,"{'Computer Accessories', 'Computer Hardware'}"
https://compujordan.com/targus-classic-15-15-6-clamshell-laptop-case,"{'Computer Accessories', 'Computer Hardware'}"
https://compujordan.com/log-c920s-pro-hd-webcam,"{'Computer Accessories', 'Computer Hardware'}"
https://compujordan.com/log-webcam-c525-hd-720p,"{'Computer Accessories', 'Computer Hardware'}"
https://compujordan.com/log-webcam-b525-hd-720p-business-series,"{'Computer Accessories', 'Computer Hardware'}"
https://compujordan.com/logitech-confrence-webcam-ptz-pro-2-1080p,"{'Computer Accessories', 'Computer Hardware'}"
https://compujordan.com/logitech-webcam-brio-4k-emea,"{'Computer Accessories', 'Computer Hardware'}"
https://compujordan.com/logitech-conference-cam-meetup,"{'Computer Accessories', 'Computer Hardware'}"
https://compujordan.com/logitech-rapoo-c260-webcam-black,"{'Computer Accessories', 'Computer Hardware'}"
https://compujordan.com/logitech-mouse-m590-silent,"{'Computer Accessories', 'Computer Hardware'}"
https://compujordan.com/logitech-mouse-mx-anywhere-2s-mid-night,"{'Computer Accessories', 'Computer Hardware'}"
https://compujordan.com/logitech-mx-master-2s-mouse-graphite,"{'Computer Accessories', 'Computer Hardware'}"
https://compujordan.com/logitech-video-conferencing-group-for-mid-to-large-sized-meeting-rooms,"{'Computer Accessories', 'Computer Hardware'}"
https://compujordan.com/logitech-mouse-m100,"{'Computer Accessories', 'Computer Hardware'}"
https://compujordan.com/targus-bag-15-6-laptop-backpack,"{'Computer Accessories', 'Computer Hardware'}"
https://compujordan.com/hp-hdmi-to-hdmi-cable-1-5m,"{'Computer Accessories', 'Computer Hardware'}"
https://compujordan.com/hp-display-port-to-hdmi-cable-1m,"{'Computer Accessories', 'Computer Hardware'}"
https://compujordan.com/logitech-webcam-c930e-usb,"{'Computer Accessories', 'Computer Hardware'}"
https://compujordan.com/fsp-3000va-online-ups-germany,"{'Computer Accessories', 'Computer Hardware'}"
https://compujordan.com/fsp-2000va-ups-germany,"{'Computer Accessories', 'Computer Hardware'}"
https://compujordan.com/fsp-1500va-ups-germany,"{'Computer Accessories', 'Computer Hardware'}"
https://compujordan.com/logitech-m280-wireless-mouse-blue-2-4ghz,"{'Computer Accessories', 'Computer Hardware'}"
https://compujordan.com/logitech-wireless-ultra-portable-m187-white,"{'Computer Accessories', 'Computer Hardware'}"
https://compujordan.com/logitech-c170-webcam-black-usb,"{'Computer Accessories', 'Computer Hardware'}"
https://compujordan.com/logitech-m705-marathon-wireless-mouse,"{'Computer Accessories', 'Computer Hardware'}"
https://compujordan.com/logitech-hd-laptop-webcam-c615,"{'Computer Accessories', 'Computer Hardware'}"
https://compujordan.com/logitech-wireless-ultra-portable-m187,"{'Computer Accessories', 'Computer Hardware'}"
https://compujordan.com/logitech-m105-mouse,"{'Computer Accessories', 'Computer Hardware'}"
https://compujordan.com/microsoft-pp-00018-5050,"{'Computer Accessories', 'Computer Hardware'}"
https://compujordan.com/logitech-mk330-keyboard,"{'Computer Accessories', 'Computer Hardware'}"
https://compujordan.com/logitech-mk270-keyboard,"{'Computer Accessories', 'Computer Hardware'}"
https://compujordan.com/hp-h3c53aa-c2500,"{'Computer Accessories', 'Computer Hardware'}"
https://compujordan.com/hp-h3c52aa-k1500,"{'Computer Accessories', 'Computer Hardware'}"
https://compujordan.com/belkin-fl001er-laptop-cooling-stand,"{'Computer Accessories', 'Computer Hardware'}"
https://compujordan.com/kingston-valueram-32gb-ddr5-5600mt-s-cl46-dimm-2rx8-non-ecc-desktop-memory,"{'Computer Hardware', 'Components'}"
https://compujordan.com/kingston-8gb-3200mhz-ddr4-non-ecc-cl22-sodimm-laptop,"{'Computer Hardware', 'Components'}"
https://compujordan.com/kingston-valueram-16gb-ddr5-5600mt-s-cl46-dimm-1rx8-non-ecc-desktop-memory,"{'Computer Hardware', 'Components'}"
https://compujordan.com/kingston-8gb-2666mhz-ddr4-non-ecc-cl19-sodimm-laptop,"{'Computer Hardware', 'Components'}"
https://compujordan.com/kingston-4gb-2666mhz-ddr4,"{'Computer Hardware', 'Components'}"
https://compujordan.com/kingston-8gb-ddr4-for-pc,"{'Computer Hardware', 'Components'}"
https://compujordan.com/kingston-8gb-2666mhz-ddr4-for-pc,"{'Computer Hardware', 'Components'}"
https://compujordan.com/kingston-16gb-ddr4-for-pc,"{'Computer Hardware', 'Components'}"
https://compujordan.com/hyperx-fury-rgb-hx426c16fb3a-8-8gb-ddr4-2666mhz-non-ecc-memory-ram-dimm,"{'Computer Hardware', 'Components'}"
https://compujordan.com/hyperx-fury-hx426c16fb3-8-8gb-ddr4-2666mhz-non-ecc-memory-ram-dimm,"{'Computer Hardware', 'Components'}"
https://compujordan.com/kingston-kvr26s19s8-8-8gb-ddr4-non-ecc-memory-ram-sodimm,"{'Computer Hardware', 'Components'}"
https://compujordan.com/kingston-kvr16ls11-8-8gb-ddr3l-1600-mhz-sodimm-memory-module,"{'Computer Hardware', 'Components'}"
https://compujordan.com/ugreen-m-2-nvme-ssd-enclosure-usb-c-10gbps-aluminum-tool-free-case,"{'Computer Hardware', 'Storage'}"
https://compujordan.com/kingston-canvas-go-plus-sd-memory-card-128gb,"{'Computer Hardware', 'Storage'}"
https://compujordan.com/kingston-datatraveler-exodia-256gb-usb-3-2-flash-drive,"{'Computer Hardware', 'Storage'}"
https://compujordan.com/ugreen-external-hard-drive-enclosure-for-3-5,"{'Computer Hardware', 'Storage'}"
https://compujordan.com/haing-usb-3-0-sata-iii-2-5-hdd-enclosure,"{'Computer Hardware', 'Storage'}"
https://compujordan.com/ugreen-usb-3-0-to-sata-iii-hard-drive-enclosure,"{'Computer Hardware', 'Storage'}"
https://compujordan.com/kingston-dt-128gb-usb-3-2-exodia,"{'Computer Hardware', 'Storage'}"
https://compujordan.com/kingston-datatraveler-dt100-g3-128gb-usb-flash-drive,"{'Computer Hardware', 'Storage'}"
https://compujordan.com/sandisk-32gb-usb-flash-drive,"{'Computer Hardware', 'Storage'}"
https://compujordan.com/sandisk-dual-drive-m3-64gb,"{'Computer Hardware', 'Storage'}"
https://compujordan.com/sandisk-64gb-usb-flash-drive,"{'Computer Hardware', 'Storage'}"
https://compujordan.com/kingston-canvas-select-plus-microsd-card-sdcs2-128gb,"{'Computer Hardware', 'Storage'}"
https://compujordan.com/kingston-dtduo3-64gb-microduo-usb-flash-drive,"{'Computer Hardware', 'Storage'}"
https://compujordan.com/kingston-dtduo3-32gb-microduo-usb-flash-drive,"{'Computer Hardware', 'Storage'}"
https://compujordan.com/kingston-canvas-go-plus-sd-memory-card-256gb,"{'Computer Hardware', 'Storage'}"
https://compujordan.com/ugreen-2-5-inch-usb-hard-drive-enclosure,"{'Computer Hardware', 'Storage'}"
https://compujordan.com/kingston-technology-datatraveler-70-usb-c-flash-drive,"{'Computer Hardware', 'Storage'}"
https://compujordan.com/ugreen-usb-3-0-to-sata-iii-hard-drive-enclosure-box,"{'Computer Hardware', 'Storage'}"
https://compujordan.com/kingston-microsd-128g-canvas-go-plus,"{'Computer Hardware', 'Storage'}"
https://compujordan.com/kingston-microsd-256g-canvas-go-plus,"{'Computer Hardware', 'Storage'}"
https://compujordan.com/kingston-microsd-64g-canvas-go-plus,"{'Computer Hardware', 'Storage'}"
https://compujordan.com/kingston-dt-microduo-3c-256g-usb-a-usb-c,"{'Computer Hardware', 'Storage'}"
https://compujordan.com/kingston-dt-microduo-3c-128g-usb-a-usb-c,"{'Computer Hardware', 'Storage'}"
https://compujordan.com/kingston-dt-microduo3c-64g-usba-usbc,"{'Computer Hardware', 'Storage'}"
https://compujordan.com/kingston-dtkn-kyson-64gb-usb-a-3-2,"{'Computer Hardware', 'Storage'}"
https://compujordan.com/kingston-datatraveler-exodia-m-64gb-usb-3-2,"{'Computer Hardware', 'Storage'}"
https://compujordan.com/kingston-datatraveler-exodia-m-32gb-usb-3-2,"{'Computer Hardware', 'Storage'}"
https://compujordan.com/verbatim-dvd-r-dl-8x-8-5gb,"{'Computer Hardware', 'Storage'}"
https://compujordan.com/kingston-xs2000-1tb-high-performance-pocket-sized-external-ssd-usb-c,"{'Computer Hardware', 'Storage'}"
https://compujordan.com/kingston-xs2000-500gb-high-performance-pocket-sized-external-ssd-usb-c,"{'Computer Hardware', 'Storage'}"
https://compujordan.com/seagate-expansion-2tb-potable,"{'Computer Hardware', 'Storage'}"
https://compujordan.com/seagate-expansion-1tb-potable,"{'Computer Hardware', 'Storage'}"
https://compujordan.com/kingston-256gb-micsdxc-canvas-select-plus-100r-a1-c10-card-adp,"{'Computer Hardware', 'Storage'}"
https://compujordan.com/wd-5tb-my-passport-portable-external-hard-drive-black,"{'Computer Hardware', 'Storage'}"
https://compujordan.com/kingston-dt-64gb-usb-3-2-exodia,"{'Computer Hardware', 'Storage'}"
https://compujordan.com/kingston-dt-32gb-usb-3-2-exodia,"{'Computer Hardware', 'Storage'}"
https://compujordan.com/wd-6tb-my-book,"{'Computer Hardware', 'Storage'}"
https://compujordan.com/wd-4tb-my-book-new,"{'Computer Hardware', 'Storage'}"
https://compujordan.com/kingston-datatraveler-dt100-g3-64gb-usb-flash-drive,"{'Computer Hardware', 'Storage'}"
https://compujordan.com/kingston-datatraveler-dt100-g3-32gb-usb-flash-drive,"{'Computer Hardware', 'Storage'}"
https://compujordan.com/kingston-datatraveler-dt50-128gb-usb-3-0-flash-drive,"{'Computer Hardware', 'Storage'}"
https://compujordan.com/san-disk-32gb-ultra-micro-sdhc,"{'Computer Hardware', 'Storage'}"
https://compujordan.com/san-disk-16gb-ultra-micro-sdhc,"{'Computer Hardware', 'Storage'}"
https://compujordan.com/sandisk-ixpand-flash-drive-32gb,"{'Computer Hardware', 'Storage'}"
https://compujordan.com/sandisk-ultra-microsdhc-16gb,"{'Computer Hardware', 'Storage'}"
https://compujordan.com/wd-1tb-my-passport-black,"{'Computer Hardware', 'Storage'}"
https://compujordan.com/wd-2tb-my-passport-red,"{'Computer Hardware', 'Storage'}"
https://compujordan.com/wd-2tb-my-passport-black,"{'Computer Hardware', 'Storage'}"
https://compujordan.com/wd-elements-1tb-black,"{'Computer Hardware', 'Storage'}"
https://compujordan.com/wd-2tb-my-passport-blue,"{'Computer Hardware', 'Storage'}"
https://compujordan.com/wd-2tb-elements-portable,"{'Computer Hardware', 'Storage'}"
https://compujordan.com/samsung-portable-ssd-t5-500gb,"{'Computer Hardware', 'Storage'}"
https://compujordan.com/samsung-portable-ssd-t5-250gb,"{'Computer Hardware', 'Storage'}"
https://compujordan.com/kingston-canvas-select-plus-microsd-card-sdcs2-64gb,"{'Computer Hardware', 'Storage'}"
https://compujordan.com/kingston-canvas-select-plus-microsd-card-sdcs2-32gb,"{'Computer Hardware', 'Storage'}"
https://compujordan.com/kingston-dtduo3c-128gb-microduo-3c-usb-flash-drive,"{'Computer Hardware', 'Storage'}"
https://compujordan.com/kingston-dtduo3c-64gb-microduo-3c-usb-flash-drive,"{'Computer Hardware', 'Storage'}"
https://compujordan.com/kingston-dtig4-128gb-usb-3-0-stick-data-traveler-white-green,"{'Computer Hardware', 'Storage'}"
https://compujordan.com/kingston-dtig4-64gb-usb-3-0-stick-data-traveler-white-purple,"{'Computer Hardware', 'Storage'}"
https://compujordan.com/kingston-dtig4-32gb-usb-3-0-stick-data-traveler-white-red,"{'Computer Hardware', 'Storage'}"
https://compujordan.com/kingston-dt106-64gb-usb-3-0-stick-data-traveler-100mb-s-read,"{'Computer Hardware', 'Storage'}"
https://compujordan.com/kingston-dt106-32gb-usb-3-0-stick-data-traveler-100mb-s-read,"{'Computer Hardware', 'Storage'}"
https://compujordan.com/kingston-canvas-select-plus-microsd-card-sdcs2-16gb,"{'Computer Hardware', 'Storage'}"
https://compujordan.com/kingston-dtduo3c-32gb-microduo-3c-usb-flash-drive,"{'Computer Hardware', 'Storage'}"
https://compujordan.com/kingston-dtduo3-16gb-microduo-usb-flash-drive,"{'Computer Hardware', 'Storage'}"
https://compujordan.com/kingston-dtig4-16gb-usb-3-0-stick-data-traveler-white-blue,"{'Computer Hardware', 'Storage'}"
https://compujordan.com/kingston-dt106-16gb-usb-3-0-stick-data-traveler,"{'Computer Hardware', 'Storage'}"
https://compujordan.com/kingston-datatraveler-dt50-64gb-usb-3-0-flash-drive,"{'Computer Hardware', 'Storage'}"
https://compujordan.com/kingston-datatraveler-dt50-32gb-usb-3-0-flash-drive,"{'Computer Hardware', 'Storage'}"
https://compujordan.com/kingston-datatraveler-dt50-16gb-usb-3-0-flash-drive,"{'Computer Hardware', 'Storage'}"
https://compujordan.com/wd-my-passport-wdbyft0040bbk-4tb-2-5-usb-3-0,"{'Computer Hardware', 'Storage'}"
https://compujordan.com/wd-my-passport-wdbs4b0020bbk-2tb,"{'Computer Hardware', 'Storage'}"
https://compujordan.com/wd-my-book-8tb-wdbbgb0080hbk,"{'Computer Hardware', 'Storage'}"
https://compujordan.com/toshiba-dtb410-1tb,"{'Computer Hardware', 'Storage'}"
https://compujordan.com/toshiba-dtb320-2tb,"{'Computer Hardware', 'Storage'}"
https://compujordan.com/canon-pixma-ts6540i-wireless-colour-3-in-1-inkjet-printer-white,"{'Printers and Scanners', 'Inkjet Printer'}"
https://compujordan.com/canon-pixma-ts4140i-wireless-colour-3-in-1-inkjet-printer-auto-duplex-borderless-photo-printing,"{'Printers and Scanners', 'Inkjet Printer'}"
https://compujordan.com/canon-pixma-ts3640-wireless-all-in-one-inkjet-printer,"{'Printers and Scanners', 'Inkjet Printer'}"
https://compujordan.com/canon-pixma-mg2541s-all-in-one-colour-inkjet-printer,"{'Printers and Scanners', 'Inkjet Printer'}"
https://compujordan.com/canon-pixma-g4470-all-in-one-wireless-ink-tank-printer-with-adf-fax,"{'Printers and Scanners', 'Inkjet Printer'}"
https://compujordan.com/canon-pixma-g3410-all-in-one-wireless-ink-tank-printer,"{'Printers and Scanners', 'Inkjet Printer'}"
https://compujordan.com/hp-smart-tank-581-all-in-one-printer,"{'Printers and Scanners', 'Inkjet Printer'}"
https://compujordan.com/canon-pixma-g3470-series-all-in-one-wireless-ink-tank-printer,"{'Printers and Scanners', 'Inkjet Printer'}"
https://compujordan.com/canon-pixma-ts3340-printer,"{'Printers and Scanners', 'Inkjet Printer'}"
https://compujordan.com/canon-pixma-tr4640-wireless-colour-all-in-one-inkjet,"{'Printers and Scanners', 'Inkjet Printer'}"
https://compujordan.com/canon-pixma-g3430-ink-tank-all-in-one-wireless-multi-function,"{'Printers and Scanners', 'Inkjet Printer'}"
https://compujordan.com/hp-smart-tank-615-wireless-all-in-one-printer,"{'Printers and Scanners', 'Inkjet Printer'}"
https://compujordan.com/hp-deskjet-ink-2320-color-all-in-one-printer-copy-print-scan-usb,"{'Printers and Scanners', 'Inkjet Printer'}"
https://compujordan.com/hp-officejet-4610-all-in-one-printer,"{'Printers and Scanners', 'Inkjet Printer'}"
https://compujordan.com/hp-officejet-7110-wide-format-printer,"{'Printers and Scanners', 'Inkjet Printer'}"
https://compujordan.com/hp-officejet-202-mobile-printer,"{'Printers and Scanners', 'Inkjet Printer'}"
https://compujordan.com/hp-ink-tank-115-printer,"{'Printers and Scanners', 'Inkjet Printer'}"
https://compujordan.com/hp-officejet-pro-8210-printer,"{'Printers and Scanners', 'Inkjet Printer'}"
https://compujordan.com/hp-deskjet-2130-all-in-one-printer,"{'Printers and Scanners', 'Inkjet Printer'}"
https://compujordan.com/hp-deskjet-ink-advantage-3835-printer,"{'Printers and Scanners', 'Inkjet Printer'}"
https://compujordan.com/hp-officejet-pro-7720-wide-format-all-in-one-printer,"{'Printers and Scanners', 'Inkjet Printer'}"
https://compujordan.com/hp-smart-tank-515-aio-printer-1tj09a-printer,"{'Printers and Scanners', 'Inkjet Printer'}"
https://compujordan.com/canon-pixma-g3411,"{'Printers and Scanners', 'Inkjet Printer'}"
https://compujordan.com/canon-pixma-mg2540s,"{'Printers and Scanners', 'Inkjet Printer'}"
https://compujordan.com/canon-imageclass-lbp122dw-monochrome-laser-printer,"{'Laser Printer', 'Printers and Scanners'}"
https://compujordan.com/canon-i-sensys-lbp6030b-laser-printers,"{'Laser Printer', 'Printers and Scanners'}"
https://compujordan.com/hp-neverstop-laser-1000a-printer,"{'Laser Printer', 'Printers and Scanners'}"
https://compujordan.com/hp-laserjet-tank-1502w-printer,"{'Laser Printer', 'Printers and Scanners'}"
https://compujordan.com/hp-laserjet-m111a-printer,"{'Laser Printer', 'Printers and Scanners'}"
https://compujordan.com/hp-laserjet-m111w-wireless-printer,"{'Laser Printer', 'Printers and Scanners'}"
https://compujordan.com/hp-color-laserjet-pro-m255dw-printer,"{'Laser Printer', 'Printers and Scanners'}"
https://compujordan.com/hp-color-laser-150nw-printer,"{'Laser Printer', 'Printers and Scanners'}"
https://compujordan.com/hp-laserjet-pro-m404n-printer,"{'Laser Printer', 'Printers and Scanners'}"
https://compujordan.com/hp-officejet-pro-7740-wide-format-all-in-one-printer,"{'Laser Printer', 'Printers and Scanners'}"
https://compujordan.com/hp-color-laser-150a-printer,"{'Laser Printer', 'Printers and Scanners'}"
https://compujordan.com/hp-laser-mfp-135a-printer,"{'Laser Printer', 'Printers and Scanners'}"
https://compujordan.com/hp-laser-107w-printer,"{'Laser Printer', 'Printers and Scanners'}"
https://compujordan.com/hp-laser-107a,"{'Laser Printer', 'Printers and Scanners'}"
https://compujordan.com/hp-neverstop-laser-1000w-printer,"{'Laser Printer', 'Printers and Scanners'}"
https://compujordan.com/hp-laserjet-pro-m102w-printer,"{'Laser Printer', 'Printers and Scanners'}"
https://compujordan.com/hp-laserjet-pro-m254dw-wireless-colour-printer,"{'Laser Printer', 'Printers and Scanners'}"
https://compujordan.com/canon-i-sensys-mf237w-mono-laser-all-in-one-multifunction-printer,"{'Laser Printer', 'Printers and Scanners'}"
https://compujordan.com/canon-i-sensys-lbp-6030-mono-laser-printer,"{'Laser Printer', 'Printers and Scanners'}"
https://compujordan.com/hp-laserjet-pro-m203dw-wireless-laser-printer,"{'Laser Printer', 'Printers and Scanners'}"
https://compujordan.com/hp-laserjet-pro-m102a-a4-mono-laser-printer,"{'Laser Printer', 'Printers and Scanners'}"
https://compujordan.com/hp-p2035-laserjet-printer,"{'Laser Printer', 'Printers and Scanners'}"
https://compujordan.com/canon-i-sensys-mf664cdw-wireless-colour-all-in-one-a4-laser-printer,"{'Printers and Scanners', 'Multifunction Printer'}"
https://compujordan.com/canon-i-sensys-mf667cdw-wireless-colour-all-in-one-a4-laser-printer,"{'Printers and Scanners', 'Multifunction Printer'}"
https://compujordan.com/canon-i-sensys-mf275dw-all-in-one-wireless-monochrome-laser-printer,"{'Printers and Scanners', 'Multifunction Printer'}"
https://compujordan.com/hp-laserjet-pro-mfp-4103fdn-printer,"{'Printers and Scanners', 'Multifunction Printer'}"
https://compujordan.com/canon-i-sensys-mf657cdw-wireless-laser-multifunction,"{'Printers and Scanners', 'Multifunction Printer'}"
https://compujordan.com/canon-i-sensys-mf655cdw-wireless-laser-multifunction,"{'Printers and Scanners', 'Multifunction Printer'}"
https://compujordan.com/canon-i-sensys-mf3010-i-sensys-laser-multifunction,"{'Printers and Scanners', 'Multifunction Printer'}"
https://compujordan.com/hp-color-laserjet-pro-mfp-4303fdw-printer,"{'Printers and Scanners', 'Multifunction Printer'}"
https://compujordan.com/hp-color-laserjet-pro-mfp-4303dw-printer,"{'Printers and Scanners', 'Multifunction Printer'}"
https://compujordan.com/hp-laserjet-tank-mfp-1602w-printer,"{'Printers and Scanners', 'Multifunction Printer'}"
https://compujordan.com/hp-laserjet-m141w-multifunction-3-in-1-mono-printer-wireless-usb,"{'Printers and Scanners', 'Multifunction Printer'}"
https://compujordan.com/hp-laserjet-pro-m141a-multifunction-3-in-1-black-printer,"{'Printers and Scanners', 'Multifunction Printer'}"
https://compujordan.com/hp-laser-mfp-135w-printer,"{'Printers and Scanners', 'Multifunction Printer'}"
https://compujordan.com/hp-color-laser-mfp-179fnw-printer,"{'Printers and Scanners', 'Multifunction Printer'}"
https://compujordan.com/hp-color-laserjet-pro-m283fdn-printer,"{'Printers and Scanners', 'Multifunction Printer'}"
https://compujordan.com/hp-laserjet-pro-mfp-m428fdn-printer,"{'Printers and Scanners', 'Multifunction Printer'}"
https://compujordan.com/hp-laserjet-pro-mfp-m428dw-printer,"{'Printers and Scanners', 'Multifunction Printer'}"
https://compujordan.com/hp-color-laser-mfp-178nw-printer,"{'Printers and Scanners', 'Multifunction Printer'}"
https://compujordan.com/hp-laser-mfp-137fnw-printer,"{'Printers and Scanners', 'Multifunction Printer'}"
https://compujordan.com/hp-color-laserjet-pro-mfp-m283fdw,"{'Printers and Scanners', 'Multifunction Printer'}"
https://compujordan.com/hp-color-laserjet-pro-mfp-m183fw-printer,"{'Printers and Scanners', 'Multifunction Printer'}"
https://compujordan.com/hp-color-laserjet-mfp-m479fdw-printer,"{'Printers and Scanners', 'Multifunction Printer'}"
https://compujordan.com/hp-color-laserjet-mfp-m479fdn-printer,"{'Printers and Scanners', 'Multifunction Printer'}"
https://compujordan.com/hp-color-laserjet-mfp-m479fnw-printer,"{'Printers and Scanners', 'Multifunction Printer'}"
https://compujordan.com/hp-laserjet-pro-mfp-m428fdw-printer,"{'Printers and Scanners', 'Multifunction Printer'}"
https://compujordan.com/hp-neverstop-laser-mfp-1200w-printer,"{'Printers and Scanners', 'Multifunction Printer'}"
https://compujordan.com/hp-4qd21a-neverstop-laser-mfp-1200a-printer,"{'Printers and Scanners', 'Multifunction Printer'}"
https://compujordan.com/hp-color-laserjet-pro-m281fdw-printer,"{'Printers and Scanners', 'Multifunction Printer'}"
https://compujordan.com/hp-color-laserjet-pro-mfp-m281fdn-printer,"{'Printers and Scanners', 'Multifunction Printer'}"
https://compujordan.com/hp-pro-mfp-m130a-laserjet-printer,"{'Printers and Scanners', 'Multifunction Printer'}"
https://compujordan.com/hp-laserjet-pro-mfp-m130nw,"{'Printers and Scanners', 'Multifunction Printer'}"
https://compujordan.com/canon-imageclass-mf633cdw-color-multifunction,"{'Printers and Scanners', 'Multifunction Printer'}"
https://compujordan.com/hp-laserjet-pro-m130fw-all-in-one-wireless-printer,"{'Printers and Scanners', 'Multifunction Printer'}"
https://compujordan.com/hp-laserjet-pro-m130fn-mutlifunction-4-in-one-black-printer,"{'Printers and Scanners', 'Multifunction Printer'}"
https://compujordan.com/laser-sonic-ls-40cs-40w-crd-co-flying-type-laser-marking-machine-110-110-mm-industrial-high-speed-marking-system,"{'Laser Sonic engraving and marking machines', 'Printers and Scanners'}"
https://compujordan.com/laser-sonic-ls-30gs-30w-jpt-flying-type-fiber-laser-marking-machine-110-110-mm-industrial-high-speed-system,"{'Laser Sonic engraving and marking machines', 'Printers and Scanners'}"
https://compujordan.com/laser-sonic-ls-05uv-5w-jpt-se-uv-flying-type-laser-marking-machine-110-110mm-water-cooled,"{'Laser Sonic engraving and marking machines', 'Printers and Scanners'}"
https://compujordan.com/toner-cartridge-hp-laserjet-pro-m12a-m12w-mfp-m26a-m26nw,"{'Cartridge and Toner', 'Printers and Scanners'}"
https://compujordan.com/toner-cartridge-for-hp-laserjet-pro-m402-mfp-m426-and-canon-imageclass-lbp214dw-mf424dw-series,"{'Cartridge and Toner', 'Printers and Scanners'}"
https://compujordan.com/toner-cartridge-hp-mfp-135a-135w-137fnw-107a-107w,"{'Cartridge and Toner', 'Printers and Scanners'}"
https://compujordan.com/toner-cartridge-samsung-ml-2160-2162-2164-2165w-scx-3400,"{'Cartridge and Toner', 'Printers and Scanners'}"
https://compujordan.com/toner-cartridge-samsung-m2020-2020w-2070-2070w-2070f,"{'Cartridge and Toner', 'Printers and Scanners'}"
https://compujordan.com/toner-cartridge-xl-compatible-with-brother-mfc-l2700dw-mfc-l2740dw-and-hl-l2365dw,"{'Cartridge and Toner', 'Printers and Scanners'}"
https://compujordan.com/toner-cartridge-brother-hl-l6200dw-l6200dwt-l6250dw,"{'Cartridge and Toner', 'Printers and Scanners'}"
https://compujordan.com/toner-cartridge-brother-hl-5440d-5445-5450dn-5470dw,"{'Cartridge and Toner', 'Printers and Scanners'}"
https://compujordan.com/toner-cartridge-brother-dcp8060-mfc8460n-mfc8660dn-hl5240-5340d,"{'Cartridge and Toner', 'Printers and Scanners'}"
https://compujordan.com/toner-cartridge-hp-laserjet-pro-m102-mfp-m130-canon-lbp-113w-112,"{'Cartridge and Toner', 'Printers and Scanners'}"
https://compujordan.com/toner-cartridge-hp-laserjet-p2030-p2050-400-m401d-m401-mfp-m425-canon-lbp-6300dn-6650-6670dn-251-mf-5840dn-mf-58,"{'Cartridge and Toner', 'Printers and Scanners'}"
https://compujordan.com/toner-cartridge-hp-laser-jet-pro-m15-m28,"{'Cartridge and Toner', 'Printers and Scanners'}"
https://compujordan.com/toner-cartridge-hp-color-laserjet-pro-m254-mfp-m280-canon-i-sensys-lbp621-mf641-magenta,"{'Cartridge and Toner', 'Printers and Scanners'}"
https://compujordan.com/toner-cartridge-hp-color-laserjet-pro-m254-mfp-m280-canon-i-sensys-lbp621-mf641-yellow,"{'Cartridge and Toner', 'Printers and Scanners'}"
https://compujordan.com/toner-cartridge-hp-color-laserjet-pro-m254-mfp-m280-canon-i-sensys-lbp621-mf641-cyan,"{'Cartridge and Toner', 'Printers and Scanners'}"
https://compujordan.com/toner-cartridge-hp-color-laserjet-pro-m254-mfp-m280-canon-i-sensys-lbp621-mf641,"{'Cartridge and Toner', 'Printers and Scanners'}"
https://compujordan.com/toner-cartridge-hp-color-laserjet-pro-m252-m277-canon-colori-sensys-mf631-633-magenta,"{'Cartridge and Toner', 'Printers and Scanners'}"
https://compujordan.com/toner-cartridge-hp-color-laserjet-pro-m252-m277-canon-colori-sensys-mf631-633-yellow,"{'Cartridge and Toner', 'Printers and Scanners'}"
https://compujordan.com/toner-cartridge-hp-color-laserjet-pro-m252-m277-canon-colori-sensys-mf631-633-cyan,"{'Cartridge and Toner', 'Printers and Scanners'}"
https://compujordan.com/toner-cartridge-hp-color-laserjet-pro-m252-m277-canon-colori-sensys-mf631-633-black,"{'Cartridge and Toner', 'Printers and Scanners'}"
https://compujordan.com/toner-cartridge-hp-color-laser-mfp-178-179-150-cyan,"{'Cartridge and Toner', 'Printers and Scanners'}"
https://compujordan.com/toner-cartridge-hp-color-laser-mfp-178-179-150-yellow,"{'Cartridge and Toner', 'Printers and Scanners'}"
https://compujordan.com/toner-cartridge-hp-color-laser-mfp-178-179-150-magenta,"{'Cartridge and Toner', 'Printers and Scanners'}"
https://compujordan.com/toner-cartridge-hp-color-laser-mfp-178-179-150-black,"{'Cartridge and Toner', 'Printers and Scanners'}"
https://compujordan.com/lg-lsm-100-black-smart-scan-mouse-scanner-usb-laser-black,"{'Scanner', 'Printers and Scanners'}"
https://compujordan.com/hp-scanjet-pro-2500-f1-printer,"{'Scanner', 'Printers and Scanners'}"
https://compujordan.com/canoscan-lide-300,"{'Scanner', 'Printers and Scanners'}"
https://compujordan.com/lenyes-px691d-60000mah-power-bank-black,"{'Electronics', 'Power Bank'}"
https://compujordan.com/lenyes-px591-50000mah-power-bank,"{'Electronics', 'Power Bank'}"
https://compujordan.com/havit-pb92-fast-charging-power-bank-10-000mah-20-000mah-pd-20w-22-5w-smart-led-display-white,"{'Electronics', 'Power Bank'}"
https://compujordan.com/havit-pb90-portable-fast-charging-power-bank-pd-20w-22-5w-led-display-black,"{'Electronics', 'Power Bank'}"
https://compujordan.com/havit-pb89-fast-charging-power-bank-10-000mah-20-000mah-pd-20w-22-5w-smart-led-display-white,"{'Electronics', 'Power Bank'}"
https://compujordan.com/havit-pb89-fast-charging-power-bank-10-000mah-20-000mah-pd-20w-22-5w-smart-led-display,"{'Electronics', 'Power Bank'}"
https://compujordan.com/havit-pb5223-magnetic-wireless-power-bank-5000mah-15w-magsafe-compatible-pd-20w-black,"{'Electronics', 'Power Bank'}"
https://compujordan.com/havit-pb5217-magnetic-wireless-power-bank-10-000mah-15w-magsafe-compatible-pd-20w-white,"{'Electronics', 'Power Bank'}"
https://compujordan.com/havit-pb5215-10-000mah-power-bank-built-in-type-c-lightning-cables-led-indicator,"{'Electronics', 'Power Bank'}"
https://compujordan.com/havit-pb5212-100w-pd-fast-charging-power-bank-20-000mah-smart-digital-display-laptop-compatible,"{'Electronics', 'Power Bank'}"
https://compujordan.com/havit-pb5211-45w-pd-fast-charging-power-bank-10200mah-smart-digital-display-laptop-compatible,"{'Electronics', 'Power Bank'}"
https://compujordan.com/havit-pb5203-magnetic-wireless-power-bank-10-000mah-15w-magsafe-compatible-pd-20w-black,"{'Electronics', 'Power Bank'}"
https://compujordan.com/havit-pb34-b-g-solar-power-bank-20-000mah-pd-20w-fast-charging-usb-c-mobile-charger,"{'Electronics', 'Power Bank'}"
https://compujordan.com/havit-pb94-charge-power-bank-10-000mah-black,"{'Electronics', 'Power Bank'}"
https://compujordan.com/havit-pb92-smart-portable-power-bank-20-000mah-black,"{'Electronics', 'Power Bank'}"
https://compujordan.com/havit-pb91-charge-power-bank-black,"{'Electronics', 'Power Bank'}"
https://compujordan.com/havit-pb5217-bk-10-000mah-fast-charging-power-bank-black,"{'Electronics', 'Power Bank'}"
https://compujordan.com/havit-pb5216-5000mah-magnetic-wireless-power-bank-white,"{'Electronics', 'Power Bank'}"
https://compujordan.com/havit-pb5216-5000mah-magnetic-wireless-power-bank-black,"{'Electronics', 'Power Bank'}"
https://compujordan.com/havit-stk088-eu-kit-power-bank-black,"{'Electronics', 'Power Bank'}"
https://compujordan.com/havit-pb5203-magesafe-powerbank-10-000-mah-blue,"{'Electronics', 'Power Bank'}"
https://compujordan.com/linkcomn-nova-60-dual-usb-6000-mah-powerbank-black,"{'Electronics', 'Power Bank'}"
https://compujordan.com/wiwu-wi-p058-fantasy-power-bank-3a-3c-60000mah,"{'Electronics', 'Power Bank'}"
https://compujordan.com/wiwu-wi-p029-50000mah-power-station-large-capacity-fast-charging-power-bank-with-dual-input-four-output-ports,"{'Electronics', 'Power Bank'}"
https://compujordan.com/havit-pb5203-magnetic-power-bank-silver,"{'Electronics', 'Power Bank'}"
https://compujordan.com/linkcomn-wireless-charging-10000mah-power-bank,"{'Electronics', 'Power Bank'}"
https://compujordan.com/linkcomn-2000mah-power-bank,"{'Electronics', 'Power Bank'}"
https://compujordan.com/linkcomn-1000mah-power-bank,"{'Electronics', 'Power Bank'}"
https://compujordan.com/ldnio-1000mah-power-monster-power-bank-gold,"{'Electronics', 'Power Bank'}"
https://compujordan.com/linkcomn-tank-100p-dual-usb-10000mah-power-bank,"{'Electronics', 'Power Bank'}"
https://compujordan.com/linkcomn-nova100-power-bank-dual-usb-10000mah,"{'Electronics', 'Power Bank'}"
https://compujordan.com/linkcomn-jokul-52-5000-mah-powerbank,"{'Electronics', 'Power Bank'}"
https://compujordan.com/linkcomn-jokul-200-dual-usb-20000mah-power-bank,"{'Electronics', 'Power Bank'}"
https://compujordan.com/linkcomn-jokul-100-dual-usb-10000-mah-powerbank-white,"{'Electronics', 'Power Bank'}"
https://compujordan.com/linkcomn-galaxy-100c-10000mah-power-bank,"{'Electronics', 'Power Bank'}"
https://compujordan.com/ldnio-dl-ac59-dual-usb-adapter,"{'Electronics', 'Power Bank'}"
https://compujordan.com/ldnio-dl-ac70-3-4-amp-dual-usb-port-ac-adapter,"{'Electronics', 'Power Bank'}"
https://compujordan.com/ldnio-dl-ac62-lightning-usb-smart-travel-charger,"{'Electronics', 'Power Bank'}"
https://compujordan.com/ldnio-a2204-1-usb-charger-2-4a,"{'Electronics', 'Power Bank'}"
https://compujordan.com/ldnio-a2204-2-usb-charger-2-4a,"{'Electronics', 'Power Bank'}"
https://compujordan.com/tp-link-tl-pb10400-10400mah-power-bank,"{'Electronics', 'Power Bank'}"
https://compujordan.com/wiwu-wi-ch057-vacuum-suction-foldable-magnetic-phone-holder-360-rotating-dash-or-desk-mount,"{'Electronics', 'Car Accessory', 'Mobile/Tab Accessory'}"
https://compujordan.com/havit-w3032-car-air-vent-phone-holder-360-rotating,"{'Electronics', 'Car Accessory', 'Mobile/Tab Accessory'}"
https://compujordan.com/havit-hh002-car-mobile-phone-holder,"{'Electronics', 'Car Accessory', 'Mobile/Tab Accessory'}"
https://compujordan.com/havit-h717-phone-holder,"{'Electronics', 'Car Accessory', 'Mobile/Tab Accessory'}"
https://compujordan.com/havit-cc2022-usb-a-usb-c-car-charger,"{'Electronics', 'Car Accessory', 'Mobile/Tab Accessory'}"
https://compujordan.com/ugreen-car-phone-holder-air-vent-gravity-phone-mount-suitable-for-round-vent,"{'Electronics', 'Car Accessory', 'Mobile/Tab Accessory'}"
https://compujordan.com/ldnio-c401-mobile-phone-car-charger,"{'Electronics', 'Car Accessory', 'Mobile/Tab Accessory'}"
https://compujordan.com/havit-uc260-65w-smart-gan-fast-charger-black-grey,"{'Electronics', 'Mobile/Tab Accessory'}"
https://compujordan.com/havit-w324-magnetic-wireless-charger,"{'Electronics', 'Mobile/Tab Accessory'}"
https://compujordan.com/wiwu-pencil-e-a02-stylus-pen-for-ipad,"{'Electronics', 'Mobile/Tab Accessory'}"
https://compujordan.com/havit-uc110-pd20w-usb-c-wall-charger-white,"{'Electronics', 'Mobile/Tab Accessory'}"
https://compujordan.com/havit-w320-6-in-1-wireless-charging-station-black,"{'Electronics', 'Mobile/Tab Accessory'}"
https://compujordan.com/havit-w3031-bk-3-in-1-wireless-15w-qi-charger-with-alarm-clock-black,"{'Electronics', 'Mobile/Tab Accessory'}"
https://compujordan.com/havit-uc303-eu-2-port-travel-charger-30w-black,"{'Electronics', 'Mobile/Tab Accessory'}"
https://compujordan.com/havit-st7609-auto-face-tracking-phone-holder,"{'Electronics', 'Mobile/Tab Accessory'}"
https://compujordan.com/havit-st7606-bluetooth-selfie-stick-with-tripod-stabilizer,"{'Electronics', 'Mobile/Tab Accessory'}"
https://compujordan.com/havit-st7600-6-in-1-selfie-stick-tripod-with-bluetooth-remote-black,"{'Electronics', 'Mobile/Tab Accessory'}"
https://compujordan.com/havit-st7137-motorcycle-bicycle-phone-holder,"{'Electronics', 'Mobile/Tab Accessory'}"
https://compujordan.com/havit-st7026-led-phone-holder,"{'Electronics', 'Mobile/Tab Accessory'}"
https://compujordan.com/havit-cb706-usb-to-micro-pu-braided-cable-1-0m,"{'Electronics', 'Mobile/Tab Accessory'}"
https://compujordan.com/havit-cb6284-usb-c-to-usb-c-silicone-wire-cable-2-0m,"{'Electronics', 'Mobile/Tab Accessory'}"
https://compujordan.com/havit-cb6280-usb-c-to-usb-c-silicone-wire-cable-1-0m,"{'Electronics', 'Mobile/Tab Accessory'}"
https://compujordan.com/havit-cb6279-usb-c-to-usb-c-silicone-wire-cable-1-0m,"{'Electronics', 'Mobile/Tab Accessory'}"
https://compujordan.com/havit-cb623c-usb-to-type-c-2-1a-smartphone-data-cable,"{'Electronics', 'Mobile/Tab Accessory'}"
https://compujordan.com/ipad-table-stand,"{'Electronics', 'Mobile/Tab Accessory'}"
https://compujordan.com/ldnio-a2201-dual-usb-ports-charger,"{'Electronics', 'Mobile/Tab Accessory'}"
https://compujordan.com/linkcomn-kd202-usb-type-c-charging-cable-1m-white,"{'Electronics', 'Mobile/Tab Accessory'}"
https://compujordan.com/tucano-screen-protector-2-5d-tempered-glass-for-ipad-air-10-9,"{'Electronics', 'Mobile/Tab Accessory'}"
https://compujordan.com/tucano-solid-rugged-case-black-for-ipad-11,"{'Electronics', 'Mobile/Tab Accessory'}"
https://compujordan.com/tucano-up-plus-folio-case-blk-for-ipad-air-10-5,"{'Electronics', 'Mobile/Tab Accessory'}"
https://compujordan.com/tucano-up-plus-folio-case-blk-for-ipad-pro-11,"{'Electronics', 'Mobile/Tab Accessory'}"
https://compujordan.com/tucano-metal-folio-case-silver-for-ipad-10-2,"{'Electronics', 'Mobile/Tab Accessory'}"
https://compujordan.com/havit-m3-bluetooth-speaker-alarm-clock-radio,"{'Electronics', 'Mobile/Tab Accessory'}"
https://compujordan.com/havit-w3022-wireless-charger,"{'Electronics', 'Mobile/Tab Accessory'}"
https://compujordan.com/choetech-usb-c-to-3-5mm-audio-jack-adapter,"{'Electronics', 'Mobile/Tab Accessory'}"
https://compujordan.com/huawei-matedock-2,"{'Electronics', 'Mobile/Tab Accessory'}"
https://compujordan.com/tucano-guscio-case-2019-black-for-ipad-10-2,"{'Electronics', 'Mobile/Tab Accessory'}"
https://compujordan.com/wiwu-wi-s008-ps1042-20w-gan-14-in-1-high-capacity-power-strip,"{'Electronics', 'Power Strips'}"
https://compujordan.com/linkcomn-eu-3m-8-sockets-power-strip,"{'Electronics', 'Power Strips'}"
https://compujordan.com/linkcomn-lc-ps421-eu-power-strip-1-6m,"{'Electronics', 'Power Strips'}"
https://compujordan.com/linkcomn-lc-ps501-1-6m-eu-power-strip,"{'Electronics', 'Power Strips'}"
https://compujordan.com/lincomn-3-outlets-power-strip-1-5m,"{'Electronics', 'Power Strips'}"
https://compujordan.com/linkcomn-lc-ps303-uk-1-6m-3-sockets-3-usb,"{'Electronics', 'Power Strips'}"
https://compujordan.com/linkcomn-lc-ps501-uk-3m-5-sockets,"{'Electronics', 'Power Strips'}"
https://compujordan.com/linkcomn-lc-ps421-5m-eu-power-strip,"{'Electronics', 'Power Strips'}"
https://compujordan.com/lincomn-4-outlets-power-strip-1-5m,"{'Electronics', 'Power Strips'}"
https://compujordan.com/tp-link-tapo-p100-mini-smart-wi-fi-socket,"{'Electronics', 'Power Strips'}"
https://compujordan.com/linkcomn-lc-ps491-uk-15m,"{'Electronics', 'Power Strips'}"
https://compujordan.com/linkcomn-lc-ps491-eu-15m,"{'Electronics', 'Power Strips'}"
https://compujordan.com/linkcomn-lc-ps521-ger-3m-5-sockets,"{'Electronics', 'Power Strips'}"
https://compujordan.com/linkcomn-lc-ps423-uk-3m-4-sockets-2-usb,"{'Electronics', 'Power Strips'}"
https://compujordan.com/linkcomn-lc-ps513-ger-3m-5-sockets-2-usb,"{'Electronics', 'Power Strips'}"
https://compujordan.com/linkcomn-lc-ps513-uk-5m-5-sockets-2-usb,"{'Electronics', 'Power Strips'}"
https://compujordan.com/linkcomn-lc-ps611-uk-5m-6-sockets,"{'Electronics', 'Power Strips'}"
https://compujordan.com/linkcomn-lc-ps301-ger-1-5m-3-sockets,"{'Electronics', 'Power Strips'}"
https://compujordan.com/linkcomn-lc-ps303-eu-1-5m-3-sockets-2-usb,"{'Electronics', 'Power Strips'}"
https://compujordan.com/linkcomn-lc-ps303-eu-3m-3-sockets-2-usb,"{'Electronics', 'Power Strips'}"
https://compujordan.com/linkcomn-lc-ps303-ger-1-5m-3-sockets-2-usb,"{'Electronics', 'Power Strips'}"
https://compujordan.com/linkcomn-lc-ps401-eu-1-5-4-sockets,"{'Electronics', 'Power Strips'}"
https://compujordan.com/linkcomn-lc-ps401-eu-5m,"{'Electronics', 'Power Strips'}"
https://compujordan.com/linkcomn-lc-ps401-uk-1-5m-4-sockets,"{'Electronics', 'Power Strips'}"
https://compujordan.com/linkcomn-lc-ps423-eu-2m-4-sockets-2-usb,"{'Electronics', 'Power Strips'}"
https://compujordan.com/linkcomn-lc-ps501-eu-2m-5-sockets,"{'Electronics', 'Power Strips'}"
https://compujordan.com/linkcomn-lc-ps611-3m-6-sockets,"{'Electronics', 'Power Strips'}"
https://compujordan.com/havit-m9040s-detachable-wireless-calling-smart-watch,"{'Smart Watches', 'Electronics'}"
https://compujordan.com/havit-m9037-smart-watch-with-voice-assistant-black,"{'Smart Watches', 'Electronics'}"
https://compujordan.com/havit-m9036-smart-watch-pink,"{'Smart Watches', 'Electronics'}"
https://compujordan.com/havit-m9034-smart-watch-with-voice-assistant-black,"{'Smart Watches', 'Electronics'}"
https://compujordan.com/havit-m9034-smart-watch-with-voice-assistant-pink,"{'Smart Watches', 'Electronics'}"
https://compujordan.com/havit-m9030-pro-24-hour-life-assistant-smart-watch-brown,"{'Smart Watches', 'Electronics'}"
https://compujordan.com/havit-m81-children-s-doll-themed-smart-bracelets-81-blue,"{'Smart Watches', 'Electronics'}"
https://compujordan.com/vikusha-kid-s-watch-vb1,"{'Smart Watches', 'Electronics'}"
https://compujordan.com/vikusha-watch-v92,"{'Smart Watches', 'Electronics'}"
https://compujordan.com/vikusha-watch-v92plus,"{'Smart Watches', 'Electronics'}"
https://compujordan.com/vikusha-watch-v82,"{'Smart Watches', 'Electronics'}"
https://compujordan.com/vikusha-watch-noble2,"{'Smart Watches', 'Electronics'}"
https://compujordan.com/vikusha-watch-noble3,"{'Smart Watches', 'Electronics'}"
https://compujordan.com/vikusha-watch-vogue2,"{'Smart Watches', 'Electronics'}"
https://compujordan.com/vikusha-watch-v60,"{'Smart Watches', 'Electronics'}"
https://compujordan.com/huawei-band-6,"{'Smart Watches', 'Electronics'}"
https://compujordan.com/huawei-watch-fit-elegant,"{'Smart Watches', 'Electronics'}"
https://compujordan.com/huawei-tia-b09-watch-fit-graphite-black,"{'Smart Watches', 'Electronics'}"
https://compujordan.com/tp-link-tapo-l530e-smart-wi-fi-multicolor-light-bulb,"{'Smart Bulb', 'Electronics'}"
https://compujordan.com/tp-link-tapo-smart-wi-fi-light-bulb,"{'Smart Bulb', 'Electronics'}"
https://compujordan.com/fellowes-powershred-79ci-cut-shredder-16-sheet-capacity-black-dark-silver,"{'Electronics', 'Paper Shredder'}"
https://compujordan.com/kaspersky-plus-internet-security-2023-3-devices-1-year,"{'Anti-Virus and Utility', 'Software'}"
https://compujordan.com/kaspersky-anti-virus-3-1-2017,"{'Anti-Virus and Utility', 'Software'}"
https://compujordan.com/kaspersky-internet-security-advanced-protection-2-devices,"{'Anti-Virus and Utility', 'Software'}"
https://compujordan.com/kaspersky-total-security-premium-protection-4-devices,"{'Anti-Virus and Utility', 'Software'}"
https://compujordan.com/eset-nod32-antivirus-2-devices,"{'Anti-Virus and Utility', 'Software'}"
https://compujordan.com/norton-security-premium-3-0-25gb-ae-1-u-10-d,"{'Anti-Virus and Utility', 'Software'}"
https://compujordan.com/norton-security-deluxe-3-0-ar-1-u-3d-12-mo,"{'Anti-Virus and Utility', 'Software'}"
https://compujordan.com/norton-security-deluxe-3-0-ar-1-u-5d-12-mo,"{'Anti-Virus and Utility', 'Software'}"
https://compujordan.com/norton-security-360-dlx-25gb-ar-1u-3d-12-mo3,"{'Anti-Virus and Utility', 'Software'}"
https://compujordan.com/norton-antivirus-basic-1-device,"{'Anti-Virus and Utility', 'Software'}"
https://compujordan.com/kaspersky-internet-security-1-1-2018,"{'Anti-Virus and Utility', 'Software'}"
https://compujordan.com/microsoft-office-home-business-1pc-2019,"{'Office and Business', 'Software'}"
https://compujordan.com/microsoft-365-personal,"{'Office and Business', 'Software'}"
https://compujordan.com/microsoft-office-home-business-2016,"{'Office and Business', 'Software'}"
https://compujordan.com/microsoft-windows-11-home-64b-eng-dsp,"{'Operating System', 'Software'}"
https://compujordan.com/microsoft-windows-10-pro-64-bit-eng-intl-1pk,"{'Operating System', 'Software'}"
https://compujordan.com/microsoft-windows-8-1-pro-64bit-eng,"{'Operating System', 'Software'}"
https://compujordan.com/microsoft-windows-7-pro-sp1-64-eng,"{'Operating System', 'Software'}"
https://compujordan.com/microsoft-windows-10-home-64-bit,"{'Operating System', 'Software'}"
